[
  {
    "https://attackers.net/works/list/date/2010-01-07": {
      "href": [
        "https://attackers.net/works/detail/SHKD392",
        "https://attackers.net/works/detail/JBD143",
        "https://attackers.net/works/detail/SHKD394",
        "https://attackers.net/works/detail/RBD179",
        "https://attackers.net/works/detail/SHKD395",
        "https://attackers.net/works/detail/RBD180",
        "https://attackers.net/works/detail/SHKD393",
        "https://attackers.net/works/detail/ATKD145",
        "https://attackers.net/works/detail/ATKD146"
      ],
      "count": 9
    }
  },
  {
    "https://attackers.net/works/list/date/2010-02-07": {
      "href": [
        "https://attackers.net/works/detail/AZSD027",
        "https://attackers.net/works/detail/SHKD396",
        "https://attackers.net/works/detail/SHKD399",
        "https://attackers.net/works/detail/RBD184",
        "https://attackers.net/works/detail/RBD183",
        "https://attackers.net/works/detail/SHKD398",
        "https://attackers.net/works/detail/SHKD397",
        "https://attackers.net/works/detail/ATKD147"
      ],
      "count": 8
    }
  },
  {
    "https://attackers.net/works/list/date/2010-03-07": {
      "href": [
        "https://attackers.net/works/detail/SHKD400",
        "https://attackers.net/works/detail/RBD185",
        "https://attackers.net/works/detail/RBD187",
        "https://attackers.net/works/detail/SHKD402",
        "https://attackers.net/works/detail/RBD188",
        "https://attackers.net/works/detail/JBD144",
        "https://attackers.net/works/detail/SHKD401"
      ],
      "count": 7
    }
  },
  {
    "https://attackers.net/works/list/date/2010-04-07": {
      "href": [
        "https://attackers.net/works/detail/AZSD029",
        "https://attackers.net/works/detail/AZSD028",
        "https://attackers.net/works/detail/RBD189",
        "https://attackers.net/works/detail/SHKD404",
        "https://attackers.net/works/detail/RBD192",
        "https://attackers.net/works/detail/SHKD405",
        "https://attackers.net/works/detail/JBD145",
        "https://attackers.net/works/detail/RBD191",
        "https://attackers.net/works/detail/RBD190",
        "https://attackers.net/works/detail/ATKD150",
        "https://attackers.net/works/detail/ATKD149"
      ],
      "count": 11
    }
  },
  {
    "https://attackers.net/works/list/date/2010-05-07": {
      "href": [
        "https://attackers.net/works/detail/AZSD030",
        "https://attackers.net/works/detail/SSPD078",
        "https://attackers.net/works/detail/SHKD406",
        "https://attackers.net/works/detail/RBD196",
        "https://attackers.net/works/detail/RBD195",
        "https://attackers.net/works/detail/RBD194",
        "https://attackers.net/works/detail/RBD193",
        "https://attackers.net/works/detail/ATKD151",
        "https://attackers.net/works/detail/ATAD074"
      ],
      "count": 9
    }
  },
  {
    "https://attackers.net/works/list/date/2010-06-07": {
      "href": [
        "https://attackers.net/works/detail/AZSD031",
        "https://attackers.net/works/detail/SSPD079",
        "https://attackers.net/works/detail/SHKD409",
        "https://attackers.net/works/detail/RBD200",
        "https://attackers.net/works/detail/RBD198",
        "https://attackers.net/works/detail/RBD199",
        "https://attackers.net/works/detail/RBD201",
        "https://attackers.net/works/detail/SHKD410",
        "https://attackers.net/works/detail/ATKD152"
      ],
      "count": 9
    }
  },
  {
    "https://attackers.net/works/list/date/2010-07-07": {
      "href": [
        "https://attackers.net/works/detail/AZSD032",
        "https://attackers.net/works/detail/RBD203",
        "https://attackers.net/works/detail/SHKD414",
        "https://attackers.net/works/detail/RBD202",
        "https://attackers.net/works/detail/SHKD413",
        "https://attackers.net/works/detail/RBD206",
        "https://attackers.net/works/detail/RBD205",
        "https://attackers.net/works/detail/ATKD155",
        "https://attackers.net/works/detail/ATKD154"
      ],
      "count": 9
    }
  },
  {
    "https://attackers.net/works/list/date/2010-09-07": {
      "href": [
        "https://attackers.net/works/detail/ATID160",
        "https://attackers.net/works/detail/RBD213",
        "https://attackers.net/works/detail/RBD216",
        "https://attackers.net/works/detail/RBD215",
        "https://attackers.net/works/detail/RBD214",
        "https://attackers.net/works/detail/RBD211",
        "https://attackers.net/works/detail/SHKD420",
        "https://attackers.net/works/detail/ATKD158",
        "https://attackers.net/works/detail/ATKD159"
      ],
      "count": 9
    }
  },
  {
    "https://attackers.net/works/list/date/2010-08-07": {
      "href": [
        "https://attackers.net/works/detail/AZSD033",
        "https://attackers.net/works/detail/SHKD415",
        "https://attackers.net/works/detail/RBD207",
        "https://attackers.net/works/detail/RBD210",
        "https://attackers.net/works/detail/SHKD417",
        "https://attackers.net/works/detail/ATID159",
        "https://attackers.net/works/detail/JBD146",
        "https://attackers.net/works/detail/ATKD157",
        "https://attackers.net/works/detail/ATKD156"
      ],
      "count": 9
    }
  },
  {
    "https://attackers.net/works/list/date/2010-10-07": {
      "href": [
        "https://attackers.net/works/detail/AZSD034",
        "https://attackers.net/works/detail/ATID162",
        "https://attackers.net/works/detail/RBD217",
        "https://attackers.net/works/detail/SHKD421",
        "https://attackers.net/works/detail/RBD219",
        "https://attackers.net/works/detail/RBD220",
        "https://attackers.net/works/detail/ATID161",
        "https://attackers.net/works/detail/RBD221",
        "https://attackers.net/works/detail/SHKD422",
        "https://attackers.net/works/detail/ATKD160",
        "https://attackers.net/works/detail/ATKD161"
      ],
      "count": 11
    }
  },
  {
    "https://attackers.net/works/list/date/2010-11-07": {
      "href": [
        "https://attackers.net/works/detail/AZSD035",
        "https://attackers.net/works/detail/RBD222",
        "https://attackers.net/works/detail/SHKD424",
        "https://attackers.net/works/detail/ATID164",
        "https://attackers.net/works/detail/SHKD425",
        "https://attackers.net/works/detail/RBD226",
        "https://attackers.net/works/detail/ATID163",
        "https://attackers.net/works/detail/RBD224",
        "https://attackers.net/works/detail/RBD223",
        "https://attackers.net/works/detail/JBD147",
        "https://attackers.net/works/detail/SHKD426",
        "https://attackers.net/works/detail/ATKD162",
        "https://attackers.net/works/detail/ATAD075"
      ],
      "count": 13
    }
  },
  {
    "https://attackers.net/works/list/date/2010-12-07": {
      "href": [
        "https://attackers.net/works/detail/AZSD037",
        "https://attackers.net/works/detail/AZSD036",
        "https://attackers.net/works/detail/RBD234",
        "https://attackers.net/works/detail/SHKD427",
        "https://attackers.net/works/detail/RBD228",
        "https://attackers.net/works/detail/RBD230",
        "https://attackers.net/works/detail/SHKD429",
        "https://attackers.net/works/detail/SHKD428",
        "https://attackers.net/works/detail/RBD232",
        "https://attackers.net/works/detail/RBD233",
        "https://attackers.net/works/detail/RBD231",
        "https://attackers.net/works/detail/RBD229",
        "https://attackers.net/works/detail/ATKD163",
        "https://attackers.net/works/detail/ATKD164"
      ],
      "count": 14
    }
  },
  {
    "https://attackers.net/works/list/date/2011-01-07": {
      "href": [
        "https://attackers.net/works/detail/AZSD038",
        "https://attackers.net/works/detail/RBD235",
        "https://attackers.net/works/detail/RBD238",
        "https://attackers.net/works/detail/RBD237",
        "https://attackers.net/works/detail/SHKD430",
        "https://attackers.net/works/detail/RBD236",
        "https://attackers.net/works/detail/ATID167",
        "https://attackers.net/works/detail/SHKD432",
        "https://attackers.net/works/detail/ATID166",
        "https://attackers.net/works/detail/SHKD431",
        "https://attackers.net/works/detail/RBD239",
        "https://attackers.net/works/detail/ATKD166",
        "https://attackers.net/works/detail/ATKD165"
      ],
      "count": 13
    }
  },
  {
    "https://attackers.net/works/list/date/2011-02-07": {
      "href": [
        "https://attackers.net/works/detail/RBD240",
        "https://attackers.net/works/detail/ATID168",
        "https://attackers.net/works/detail/ATID169",
        "https://attackers.net/works/detail/SHKD433",
        "https://attackers.net/works/detail/SHKD435",
        "https://attackers.net/works/detail/SHKD434",
        "https://attackers.net/works/detail/SHKD436",
        "https://attackers.net/works/detail/RBD244",
        "https://attackers.net/works/detail/RBD243",
        "https://attackers.net/works/detail/RBD241",
        "https://attackers.net/works/detail/RBD242",
        "https://attackers.net/works/detail/ATID170",
        "https://attackers.net/works/detail/ATKD168"
      ],
      "count": 13
    }
  },
  {
    "https://attackers.net/works/list/date/2011-03-07": {
      "href": [
        "https://attackers.net/works/detail/RBD245",
        "https://attackers.net/works/detail/RBD247",
        "https://attackers.net/works/detail/RBD248",
        "https://attackers.net/works/detail/ATID171",
        "https://attackers.net/works/detail/SHKD437",
        "https://attackers.net/works/detail/RBD246",
        "https://attackers.net/works/detail/RBD252",
        "https://attackers.net/works/detail/ATID172",
        "https://attackers.net/works/detail/RBD253",
        "https://attackers.net/works/detail/RBD249",
        "https://attackers.net/works/detail/RBD250",
        "https://attackers.net/works/detail/RBD251",
        "https://attackers.net/works/detail/SHKD439",
        "https://attackers.net/works/detail/SHKD438",
        "https://attackers.net/works/detail/ATAD076",
        "https://attackers.net/works/detail/ATKD169"
      ],
      "count": 16
    }
  },
  {
    "https://attackers.net/works/list/date/2011-04-07": {
      "href": [
        "https://attackers.net/works/detail/AZSD039",
        "https://attackers.net/works/detail/SHKD440",
        "https://attackers.net/works/detail/RBD259",
        "https://attackers.net/works/detail/RBD261",
        "https://attackers.net/works/detail/RBD262",
        "https://attackers.net/works/detail/ATID173",
        "https://attackers.net/works/detail/RBD260",
        "https://attackers.net/works/detail/RBD256",
        "https://attackers.net/works/detail/RBD258",
        "https://attackers.net/works/detail/RBD257",
        "https://attackers.net/works/detail/RBD255",
        "https://attackers.net/works/detail/SHKD441",
        "https://attackers.net/works/detail/SHKD442",
        "https://attackers.net/works/detail/ATKD170",
        "https://attackers.net/works/detail/ATKD171"
      ],
      "count": 15
    }
  },
  {
    "https://attackers.net/works/list/date/2011-05-07": {
      "href": [
        "https://attackers.net/works/detail/RBD263",
        "https://attackers.net/works/detail/RBD267",
        "https://attackers.net/works/detail/RBD266",
        "https://attackers.net/works/detail/RBD264",
        "https://attackers.net/works/detail/ATID174",
        "https://attackers.net/works/detail/RBD270",
        "https://attackers.net/works/detail/RBD268",
        "https://attackers.net/works/detail/ATID175",
        "https://attackers.net/works/detail/RBD269",
        "https://attackers.net/works/detail/RBD265",
        "https://attackers.net/works/detail/SHKD444",
        "https://attackers.net/works/detail/ATKD173",
        "https://attackers.net/works/detail/ATKD172"
      ],
      "count": 13
    }
  },
  {
    "https://attackers.net/works/list/date/2011-07-07": {
      "href": [
        "https://attackers.net/works/detail/AZSD040",
        "https://attackers.net/works/detail/RBD281",
        "https://attackers.net/works/detail/SHKD447",
        "https://attackers.net/works/detail/RBD285",
        "https://attackers.net/works/detail/RBD283",
        "https://attackers.net/works/detail/RBD282",
        "https://attackers.net/works/detail/RBD284",
        "https://attackers.net/works/detail/ATID179",
        "https://attackers.net/works/detail/RBD287",
        "https://attackers.net/works/detail/RBD286",
        "https://attackers.net/works/detail/ATID180",
        "https://attackers.net/works/detail/SHKD448",
        "https://attackers.net/works/detail/JBD149",
        "https://attackers.net/works/detail/ATKD176"
      ],
      "count": 14
    }
  },
  {
    "https://attackers.net/works/list/date/2011-09-07": {
      "href": [
        "https://attackers.net/works/detail/ATID184",
        "https://attackers.net/works/detail/RBD296",
        "https://attackers.net/works/detail/SHKD451",
        "https://attackers.net/works/detail/RBD301",
        "https://attackers.net/works/detail/RBD303",
        "https://attackers.net/works/detail/RBD305",
        "https://attackers.net/works/detail/RBD300",
        "https://attackers.net/works/detail/RBD299",
        "https://attackers.net/works/detail/ATID186",
        "https://attackers.net/works/detail/RBD298",
        "https://attackers.net/works/detail/RBD297",
        "https://attackers.net/works/detail/RBD302",
        "https://attackers.net/works/detail/RBD304",
        "https://attackers.net/works/detail/ATID185",
        "https://attackers.net/works/detail/ATID183",
        "https://attackers.net/works/detail/SHKD452",
        "https://attackers.net/works/detail/ATKD178"
      ],
      "count": 17
    }
  },
  {
    "https://attackers.net/works/list/date/2011-10-07": {
      "href": [
        "https://attackers.net/works/detail/AZSD043",
        "https://attackers.net/works/detail/AZSD042",
        "https://attackers.net/works/detail/RBD307",
        "https://attackers.net/works/detail/RBD311",
        "https://attackers.net/works/detail/ATID190",
        "https://attackers.net/works/detail/RBD310",
        "https://attackers.net/works/detail/SHKD453",
        "https://attackers.net/works/detail/SHKD454",
        "https://attackers.net/works/detail/RBD312",
        "https://attackers.net/works/detail/RBD308",
        "https://attackers.net/works/detail/ATID189",
        "https://attackers.net/works/detail/ATID188",
        "https://attackers.net/works/detail/RBD313",
        "https://attackers.net/works/detail/RBD309",
        "https://attackers.net/works/detail/JBD150",
        "https://attackers.net/works/detail/ATID187",
        "https://attackers.net/works/detail/ATKD179"
      ],
      "count": 17
    }
  },
  {
    "https://attackers.net/works/list/date/2011-11-07": {
      "href": [
        "https://attackers.net/works/detail/AZSD044",
        "https://attackers.net/works/detail/RBD315",
        "https://attackers.net/works/detail/RBD314",
        "https://attackers.net/works/detail/SHKD456",
        "https://attackers.net/works/detail/RBD320",
        "https://attackers.net/works/detail/SHKD457",
        "https://attackers.net/works/detail/JBD151",
        "https://attackers.net/works/detail/RBD316",
        "https://attackers.net/works/detail/RBD321",
        "https://attackers.net/works/detail/RBD322",
        "https://attackers.net/works/detail/ATID191",
        "https://attackers.net/works/detail/RBD318",
        "https://attackers.net/works/detail/RBD317"
      ],
      "count": 13
    }
  },
  {
    "https://attackers.net/works/list/date/2011-12-07": {
      "href": [
        "https://attackers.net/works/detail/AZSD046",
        "https://attackers.net/works/detail/AZSD045",
        "https://attackers.net/works/detail/SHKD458",
        "https://attackers.net/works/detail/RBD323",
        "https://attackers.net/works/detail/RBD328",
        "https://attackers.net/works/detail/ATID192",
        "https://attackers.net/works/detail/ATID193",
        "https://attackers.net/works/detail/RBD325",
        "https://attackers.net/works/detail/RBD329",
        "https://attackers.net/works/detail/RBD331",
        "https://attackers.net/works/detail/RBD330",
        "https://attackers.net/works/detail/RBD324",
        "https://attackers.net/works/detail/RBD326",
        "https://attackers.net/works/detail/SHKD460",
        "https://attackers.net/works/detail/ATKD181"
      ],
      "count": 15
    }
  },
  {
    "https://attackers.net/works/list/date/2012-02-07": {
      "href": [
        "https://attackers.net/works/detail/AZSD049",
        "https://attackers.net/works/detail/ATAD077",
        "https://attackers.net/works/detail/SSPD081",
        "https://attackers.net/works/detail/SHKD464",
        "https://attackers.net/works/detail/RBD342",
        "https://attackers.net/works/detail/RBD345",
        "https://attackers.net/works/detail/RBD344",
        "https://attackers.net/works/detail/ATID196",
        "https://attackers.net/works/detail/RBD341",
        "https://attackers.net/works/detail/SHKD465",
        "https://attackers.net/works/detail/RBD346",
        "https://attackers.net/works/detail/RBD347",
        "https://attackers.net/works/detail/RBD343",
        "https://attackers.net/works/detail/JBD152",
        "https://attackers.net/works/detail/ATKD183"
      ],
      "count": 15
    }
  },
  {
    "https://attackers.net/works/list/date/2012-03-07": {
      "href": [
        "https://attackers.net/works/detail/SSPD082",
        "https://attackers.net/works/detail/RBD348",
        "https://attackers.net/works/detail/RBD349",
        "https://attackers.net/works/detail/SHKD467",
        "https://attackers.net/works/detail/RBD353",
        "https://attackers.net/works/detail/RBD354",
        "https://attackers.net/works/detail/RBD350",
        "https://attackers.net/works/detail/SHKD466",
        "https://attackers.net/works/detail/RBD351",
        "https://attackers.net/works/detail/JBD153"
      ],
      "count": 10
    }
  },
  {
    "https://attackers.net/works/list/date/2012-04-07": {
      "href": [
        "https://attackers.net/works/detail/AZSD051",
        "https://attackers.net/works/detail/AZSD050",
        "https://attackers.net/works/detail/SSPD083",
        "https://attackers.net/works/detail/ATAD080",
        "https://attackers.net/works/detail/RBD357",
        "https://attackers.net/works/detail/SHKD468",
        "https://attackers.net/works/detail/RBD361",
        "https://attackers.net/works/detail/RBD355",
        "https://attackers.net/works/detail/SHKD469",
        "https://attackers.net/works/detail/RBD356",
        "https://attackers.net/works/detail/RBD362",
        "https://attackers.net/works/detail/ATID197",
        "https://attackers.net/works/detail/RBD359",
        "https://attackers.net/works/detail/RBD358",
        "https://attackers.net/works/detail/JBD154",
        "https://attackers.net/works/detail/ATKD184"
      ],
      "count": 16
    }
  },
  {
    "https://attackers.net/works/list/date/2012-05-07": {
      "href": [
        "https://attackers.net/works/detail/AZSD053",
        "https://attackers.net/works/detail/AZSD052",
        "https://attackers.net/works/detail/SSPD084",
        "https://attackers.net/works/detail/SHKD471",
        "https://attackers.net/works/detail/SHKD472",
        "https://attackers.net/works/detail/SSPD085",
        "https://attackers.net/works/detail/ATID198",
        "https://attackers.net/works/detail/RBD363",
        "https://attackers.net/works/detail/RBD366",
        "https://attackers.net/works/detail/RBD369",
        "https://attackers.net/works/detail/RBD364",
        "https://attackers.net/works/detail/RBD365",
        "https://attackers.net/works/detail/ATAD081",
        "https://attackers.net/works/detail/ATID199",
        "https://attackers.net/works/detail/SHKD470",
        "https://attackers.net/works/detail/RBD367",
        "https://attackers.net/works/detail/RBD370",
        "https://attackers.net/works/detail/ATKD185"
      ],
      "count": 18
    }
  },
  {
    "https://attackers.net/works/list/date/2012-06-07": {
      "href": [
        "https://attackers.net/works/detail/SSPD086",
        "https://attackers.net/works/detail/RBD379",
        "https://attackers.net/works/detail/RBD377",
        "https://attackers.net/works/detail/SHKD474",
        "https://attackers.net/works/detail/SHKD473",
        "https://attackers.net/works/detail/RBD375",
        "https://attackers.net/works/detail/RBD376",
        "https://attackers.net/works/detail/RBD380",
        "https://attackers.net/works/detail/ATAD082",
        "https://attackers.net/works/detail/RBD374",
        "https://attackers.net/works/detail/RBD372",
        "https://attackers.net/works/detail/RBD373",
        "https://attackers.net/works/detail/ATAD083"
      ],
      "count": 13
    }
  },
  {
    "https://attackers.net/works/list/date/2012-07-07": {
      "href": [
        "https://attackers.net/works/detail/AZSD055",
        "https://attackers.net/works/detail/AZSD054",
        "https://attackers.net/works/detail/SSPD087",
        "https://attackers.net/works/detail/SHKD475",
        "https://attackers.net/works/detail/ATAD084",
        "https://attackers.net/works/detail/ATAD085",
        "https://attackers.net/works/detail/RBD381",
        "https://attackers.net/works/detail/RBD390",
        "https://attackers.net/works/detail/RBD387",
        "https://attackers.net/works/detail/RBD386",
        "https://attackers.net/works/detail/RBD382",
        "https://attackers.net/works/detail/RBD385",
        "https://attackers.net/works/detail/RBD383",
        "https://attackers.net/works/detail/RBD384",
        "https://attackers.net/works/detail/RBD388",
        "https://attackers.net/works/detail/SHKD476",
        "https://attackers.net/works/detail/SHKD477"
      ],
      "count": 17
    }
  },
  {
    "https://attackers.net/works/list/date/2012-08-07": {
      "href": [
        "https://attackers.net/works/detail/AZSD056",
        "https://attackers.net/works/detail/RBD393",
        "https://attackers.net/works/detail/RBD391",
        "https://attackers.net/works/detail/SSPD088",
        "https://attackers.net/works/detail/ATAD086",
        "https://attackers.net/works/detail/RBD397",
        "https://attackers.net/works/detail/RBD399",
        "https://attackers.net/works/detail/RBD392",
        "https://attackers.net/works/detail/SHKD479",
        "https://attackers.net/works/detail/RBD400",
        "https://attackers.net/works/detail/RBD394",
        "https://attackers.net/works/detail/ATID201",
        "https://attackers.net/works/detail/ATID202",
        "https://attackers.net/works/detail/RBD398",
        "https://attackers.net/works/detail/ATKD186"
      ],
      "count": 15
    }
  },
  {
    "https://attackers.net/works/list/date/2012-09-07": {
      "href": [
        "https://attackers.net/works/detail/AZSD057",
        "https://attackers.net/works/detail/RBD401",
        "https://attackers.net/works/detail/SHKD480",
        "https://attackers.net/works/detail/RBD406",
        "https://attackers.net/works/detail/SSPD089",
        "https://attackers.net/works/detail/SSPD090",
        "https://attackers.net/works/detail/RBD409",
        "https://attackers.net/works/detail/RBD408",
        "https://attackers.net/works/detail/RBD404",
        "https://attackers.net/works/detail/RBD405",
        "https://attackers.net/works/detail/RBD402",
        "https://attackers.net/works/detail/SHKD481",
        "https://attackers.net/works/detail/RBD407",
        "https://attackers.net/works/detail/ATKD187"
      ],
      "count": 14
    }
  },
  {
    "https://attackers.net/works/list/date/2011-06-07": {
      "href": [
        "https://attackers.net/works/detail/RBD271",
        "https://attackers.net/works/detail/RBD272",
        "https://attackers.net/works/detail/RBD275",
        "https://attackers.net/works/detail/ATID176",
        "https://attackers.net/works/detail/RBD278",
        "https://attackers.net/works/detail/JBD148",
        "https://attackers.net/works/detail/RBD276",
        "https://attackers.net/works/detail/RBD277",
        "https://attackers.net/works/detail/RBD273",
        "https://attackers.net/works/detail/SHKD446",
        "https://attackers.net/works/detail/RBD274",
        "https://attackers.net/works/detail/RBD280",
        "https://attackers.net/works/detail/RBD279",
        "https://attackers.net/works/detail/ATID177",
        "https://attackers.net/works/detail/ATID178",
        "https://attackers.net/works/detail/ATKD174",
        "https://attackers.net/works/detail/ATKD175"
      ],
      "count": 17
    }
  },
  {
    "https://attackers.net/works/list/date/2011-08-07": {
      "href": [
        "https://attackers.net/works/detail/AZSD041",
        "https://attackers.net/works/detail/SHKD449",
        "https://attackers.net/works/detail/RBD288",
        "https://attackers.net/works/detail/RBD289",
        "https://attackers.net/works/detail/ATID181",
        "https://attackers.net/works/detail/SHKD450",
        "https://attackers.net/works/detail/RBD292",
        "https://attackers.net/works/detail/RBD290",
        "https://attackers.net/works/detail/RBD294",
        "https://attackers.net/works/detail/RBD293",
        "https://attackers.net/works/detail/RBD291",
        "https://attackers.net/works/detail/RBD295",
        "https://attackers.net/works/detail/ATID182",
        "https://attackers.net/works/detail/SSPD080",
        "https://attackers.net/works/detail/ATKD177"
      ],
      "count": 15
    }
  },
  {
    "https://attackers.net/works/list/date/2012-01-07": {
      "href": [
        "https://attackers.net/works/detail/AZSD048",
        "https://attackers.net/works/detail/SHKD461",
        "https://attackers.net/works/detail/RBD339",
        "https://attackers.net/works/detail/ATID194",
        "https://attackers.net/works/detail/RBD337",
        "https://attackers.net/works/detail/RBD336",
        "https://attackers.net/works/detail/RBD332",
        "https://attackers.net/works/detail/ATID195",
        "https://attackers.net/works/detail/SHKD463",
        "https://attackers.net/works/detail/RBD334",
        "https://attackers.net/works/detail/SHKD462",
        "https://attackers.net/works/detail/RBD340",
        "https://attackers.net/works/detail/RBD335",
        "https://attackers.net/works/detail/RBD338",
        "https://attackers.net/works/detail/ATKD182"
      ],
      "count": 15
    }
  },
  {
    "https://attackers.net/works/list/date/2012-10-07": {
      "href": [
        "https://attackers.net/works/detail/SSPD091",
        "https://attackers.net/works/detail/RBD410",
        "https://attackers.net/works/detail/ATAD088",
        "https://attackers.net/works/detail/RBD411",
        "https://attackers.net/works/detail/SHKD482",
        "https://attackers.net/works/detail/SHKD483",
        "https://attackers.net/works/detail/SHKD484",
        "https://attackers.net/works/detail/RBD413",
        "https://attackers.net/works/detail/RBD412",
        "https://attackers.net/works/detail/RBD415",
        "https://attackers.net/works/detail/RBD416",
        "https://attackers.net/works/detail/RBD417",
        "https://attackers.net/works/detail/RBD419",
        "https://attackers.net/works/detail/ATID204",
        "https://attackers.net/works/detail/JBD155",
        "https://attackers.net/works/detail/ATKD188"
      ],
      "count": 16
    }
  },
  {
    "https://attackers.net/works/list/date/2012-11-07": {
      "href": [
        "https://attackers.net/works/detail/SHKD485",
        "https://attackers.net/works/detail/RBD420",
        "https://attackers.net/works/detail/RBD423",
        "https://attackers.net/works/detail/RBD425",
        "https://attackers.net/works/detail/ATAD089",
        "https://attackers.net/works/detail/SHKD487",
        "https://attackers.net/works/detail/SSPD092",
        "https://attackers.net/works/detail/RBD422",
        "https://attackers.net/works/detail/SHKD486",
        "https://attackers.net/works/detail/RBD424",
        "https://attackers.net/works/detail/RBD421",
        "https://attackers.net/works/detail/RBD428",
        "https://attackers.net/works/detail/RBD427",
        "https://attackers.net/works/detail/RBD426",
        "https://attackers.net/works/detail/ATID206",
        "https://attackers.net/works/detail/ATID205",
        "https://attackers.net/works/detail/JBD156",
        "https://attackers.net/works/detail/ATKD189"
      ],
      "count": 18
    }
  },
  {
    "https://attackers.net/works/list/date/2012-12-07": {
      "href": [
        "https://attackers.net/works/detail/RBD429",
        "https://attackers.net/works/detail/ATAD090",
        "https://attackers.net/works/detail/ATID210",
        "https://attackers.net/works/detail/SHKD488",
        "https://attackers.net/works/detail/SHKD489",
        "https://attackers.net/works/detail/RBD434",
        "https://attackers.net/works/detail/JBD157",
        "https://attackers.net/works/detail/RBD430",
        "https://attackers.net/works/detail/ATID209",
        "https://attackers.net/works/detail/RBD435",
        "https://attackers.net/works/detail/RBD433",
        "https://attackers.net/works/detail/RBD431",
        "https://attackers.net/works/detail/RBD432",
        "https://attackers.net/works/detail/SHKD490",
        "https://attackers.net/works/detail/ATID208",
        "https://attackers.net/works/detail/ATKD190",
        "https://attackers.net/works/detail/RBD436"
      ],
      "count": 17
    }
  },
  {
    "https://attackers.net/works/list/date/2013-01-07": {
      "href": [
        "https://attackers.net/works/detail/RBD437",
        "https://attackers.net/works/detail/RBD444",
        "https://attackers.net/works/detail/SHKD491",
        "https://attackers.net/works/detail/RBD438",
        "https://attackers.net/works/detail/ATAD091",
        "https://attackers.net/works/detail/SSPD094",
        "https://attackers.net/works/detail/ATID212",
        "https://attackers.net/works/detail/RBD440",
        "https://attackers.net/works/detail/SHKD493",
        "https://attackers.net/works/detail/JBD158",
        "https://attackers.net/works/detail/ATID213",
        "https://attackers.net/works/detail/SHKD492",
        "https://attackers.net/works/detail/RBD443",
        "https://attackers.net/works/detail/RBD442",
        "https://attackers.net/works/detail/ATID211",
        "https://attackers.net/works/detail/RBD439",
        "https://attackers.net/works/detail/ATKD191"
      ],
      "count": 17
    }
  },
  {
    "https://attackers.net/works/list/date/2013-02-07": {
      "href": [
        "https://attackers.net/works/detail/SHKD494",
        "https://attackers.net/works/detail/RBD445",
        "https://attackers.net/works/detail/RBD450",
        "https://attackers.net/works/detail/ATID214",
        "https://attackers.net/works/detail/RBD447",
        "https://attackers.net/works/detail/ATAD092",
        "https://attackers.net/works/detail/RBD446",
        "https://attackers.net/works/detail/RBD451",
        "https://attackers.net/works/detail/SHKD495",
        "https://attackers.net/works/detail/JBD159",
        "https://attackers.net/works/detail/RBD453",
        "https://attackers.net/works/detail/ATID216",
        "https://attackers.net/works/detail/RBD448",
        "https://attackers.net/works/detail/ATID215",
        "https://attackers.net/works/detail/ATKD192"
      ],
      "count": 15
    }
  },
  {
    "https://attackers.net/works/list/date/2013-03-07": {
      "href": [
        "https://attackers.net/works/detail/SHKD496",
        "https://attackers.net/works/detail/RBD454",
        "https://attackers.net/works/detail/RBD463",
        "https://attackers.net/works/detail/RBD456",
        "https://attackers.net/works/detail/RBD455",
        "https://attackers.net/works/detail/RBD457",
        "https://attackers.net/works/detail/JBD160",
        "https://attackers.net/works/detail/RBD458",
        "https://attackers.net/works/detail/RBD462",
        "https://attackers.net/works/detail/SHKD497",
        "https://attackers.net/works/detail/SHKD498",
        "https://attackers.net/works/detail/ATID217",
        "https://attackers.net/works/detail/RBD461",
        "https://attackers.net/works/detail/RBD460",
        "https://attackers.net/works/detail/RBD459",
        "https://attackers.net/works/detail/ATKD194",
        "https://attackers.net/works/detail/ATKD193"
      ],
      "count": 17
    }
  },
  {
    "https://attackers.net/works/list/date/2013-05-07": {
      "href": [
        "https://attackers.net/works/detail/SSPD100",
        "https://attackers.net/works/detail/SSPD099",
        "https://attackers.net/works/detail/RBD475",
        "https://attackers.net/works/detail/SHKD502",
        "https://attackers.net/works/detail/RBD479",
        "https://attackers.net/works/detail/RBD478",
        "https://attackers.net/works/detail/RBD473",
        "https://attackers.net/works/detail/ATAD094",
        "https://attackers.net/works/detail/RBD474",
        "https://attackers.net/works/detail/ATID221",
        "https://attackers.net/works/detail/SHKD505",
        "https://attackers.net/works/detail/SHKD504",
        "https://attackers.net/works/detail/RBD480",
        "https://attackers.net/works/detail/RBD477",
        "https://attackers.net/works/detail/ATKD196",
        "https://attackers.net/works/detail/RBD481",
        "https://attackers.net/works/detail/ATID222"
      ],
      "count": 17
    }
  },
  {
    "https://attackers.net/works/list/date/2013-06-07": {
      "href": [
        "https://attackers.net/works/detail/SHKD506",
        "https://attackers.net/works/detail/SSPD101",
        "https://attackers.net/works/detail/ATID224",
        "https://attackers.net/works/detail/ATAD095",
        "https://attackers.net/works/detail/RBD487",
        "https://attackers.net/works/detail/RBD486",
        "https://attackers.net/works/detail/RBD483",
        "https://attackers.net/works/detail/ATID223",
        "https://attackers.net/works/detail/SHKD507",
        "https://attackers.net/works/detail/RBD484",
        "https://attackers.net/works/detail/ATID225",
        "https://attackers.net/works/detail/RBD488",
        "https://attackers.net/works/detail/SHKD509",
        "https://attackers.net/works/detail/JBD162",
        "https://attackers.net/works/detail/RBD485"
      ],
      "count": 15
    }
  },
  {
    "https://attackers.net/works/list/date/2013-07-07": {
      "href": [
        "https://attackers.net/works/detail/SSPD102",
        "https://attackers.net/works/detail/SHKD510",
        "https://attackers.net/works/detail/RBD489",
        "https://attackers.net/works/detail/RBD497",
        "https://attackers.net/works/detail/SHKD511",
        "https://attackers.net/works/detail/RBD495",
        "https://attackers.net/works/detail/RBD496",
        "https://attackers.net/works/detail/RBD490",
        "https://attackers.net/works/detail/RBD494",
        "https://attackers.net/works/detail/ATID226",
        "https://attackers.net/works/detail/RBD493",
        "https://attackers.net/works/detail/RBD492",
        "https://attackers.net/works/detail/ATAD096",
        "https://attackers.net/works/detail/JBD165",
        "https://attackers.net/works/detail/JBD164",
        "https://attackers.net/works/detail/ATID227",
        "https://attackers.net/works/detail/ATKD198",
        "https://attackers.net/works/detail/RBD498"
      ],
      "count": 18
    }
  },
  {
    "https://attackers.net/works/list/date/2013-04-07": {
      "href": [
        "https://attackers.net/works/detail/SHKD500",
        "https://attackers.net/works/detail/RBD464",
        "https://attackers.net/works/detail/RBD468",
        "https://attackers.net/works/detail/SHKD499",
        "https://attackers.net/works/detail/ATAD093",
        "https://attackers.net/works/detail/RBD471",
        "https://attackers.net/works/detail/ATID219",
        "https://attackers.net/works/detail/ATID220",
        "https://attackers.net/works/detail/SHKD501",
        "https://attackers.net/works/detail/RBD470",
        "https://attackers.net/works/detail/RBD472",
        "https://attackers.net/works/detail/RBD467",
        "https://attackers.net/works/detail/RBD465",
        "https://attackers.net/works/detail/JBD161",
        "https://attackers.net/works/detail/RBD469",
        "https://attackers.net/works/detail/ATKD195"
      ],
      "count": 16
    }
  },
  {
    "https://attackers.net/works/list/date/2013-08-07": {
      "href": [
        "https://attackers.net/works/detail/RBD499",
        "https://attackers.net/works/detail/SSPD103",
        "https://attackers.net/works/detail/RBD500",
        "https://attackers.net/works/detail/SHKD513",
        "https://attackers.net/works/detail/RBD501",
        "https://attackers.net/works/detail/RBD502",
        "https://attackers.net/works/detail/SHKD516",
        "https://attackers.net/works/detail/ATKD199",
        "https://attackers.net/works/detail/RBD503",
        "https://attackers.net/works/detail/RBD504",
        "https://attackers.net/works/detail/JBD167",
        "https://attackers.net/works/detail/JBD166",
        "https://attackers.net/works/detail/SHKD515",
        "https://attackers.net/works/detail/SHKD514",
        "https://attackers.net/works/detail/SHKD517",
        "https://attackers.net/works/detail/ATID229"
      ],
      "count": 16
    }
  },
  {
    "https://attackers.net/works/list/date/2013-10-07": {
      "href": [
        "https://attackers.net/works/detail/SSPD105",
        "https://attackers.net/works/detail/RBD516",
        "https://attackers.net/works/detail/RBD518",
        "https://attackers.net/works/detail/RBD519",
        "https://attackers.net/works/detail/RBD517",
        "https://attackers.net/works/detail/SHKD520",
        "https://attackers.net/works/detail/SHKD521",
        "https://attackers.net/works/detail/RBD527",
        "https://attackers.net/works/detail/RBD520",
        "https://attackers.net/works/detail/RBD522",
        "https://attackers.net/works/detail/SHKD522",
        "https://attackers.net/works/detail/ATKD203",
        "https://attackers.net/works/detail/ATID233",
        "https://attackers.net/works/detail/RBD523",
        "https://attackers.net/works/detail/RBD526",
        "https://attackers.net/works/detail/RBD524",
        "https://attackers.net/works/detail/ATAD097"
      ],
      "count": 17
    }
  },
  {
    "https://attackers.net/works/list/date/2013-09-07": {
      "href": [
        "https://attackers.net/works/detail/SSPD104",
        "https://attackers.net/works/detail/RBD505",
        "https://attackers.net/works/detail/SHKD518",
        "https://attackers.net/works/detail/RBD506",
        "https://attackers.net/works/detail/RBD512",
        "https://attackers.net/works/detail/ATID230",
        "https://attackers.net/works/detail/RBD511",
        "https://attackers.net/works/detail/RBD510",
        "https://attackers.net/works/detail/RBD509",
        "https://attackers.net/works/detail/RBD507",
        "https://attackers.net/works/detail/SHKD519",
        "https://attackers.net/works/detail/RBD515",
        "https://attackers.net/works/detail/RBD514",
        "https://attackers.net/works/detail/RBD513",
        "https://attackers.net/works/detail/ATID231",
        "https://attackers.net/works/detail/ATID232",
        "https://attackers.net/works/detail/ATKD201",
        "https://attackers.net/works/detail/ATKD202"
      ],
      "count": 18
    }
  },
  {
    "https://attackers.net/works/list/date/2013-11-07": {
      "href": [
        "https://attackers.net/works/detail/AZSD058",
        "https://attackers.net/works/detail/ADN003",
        "https://attackers.net/works/detail/SSPD106",
        "https://attackers.net/works/detail/ADN002",
        "https://attackers.net/works/detail/RBD528",
        "https://attackers.net/works/detail/RBD533",
        "https://attackers.net/works/detail/RBD532",
        "https://attackers.net/works/detail/RBD530",
        "https://attackers.net/works/detail/SHKD524",
        "https://attackers.net/works/detail/RBD534",
        "https://attackers.net/works/detail/RBD529",
        "https://attackers.net/works/detail/ATID234",
        "https://attackers.net/works/detail/SHKD523",
        "https://attackers.net/works/detail/RBD531",
        "https://attackers.net/works/detail/SHKD526",
        "https://attackers.net/works/detail/ATKD204",
        "https://attackers.net/works/detail/ATAD098"
      ],
      "count": 17
    }
  },
  {
    "https://attackers.net/works/list/date/2013-12-07": {
      "href": [
        "https://attackers.net/works/detail/SSPD107",
        "https://attackers.net/works/detail/ADN005",
        "https://attackers.net/works/detail/RBD535",
        "https://attackers.net/works/detail/RBD538",
        "https://attackers.net/works/detail/JBD168",
        "https://attackers.net/works/detail/SHKD527",
        "https://attackers.net/works/detail/SHKD528",
        "https://attackers.net/works/detail/RBD536",
        "https://attackers.net/works/detail/ATID235",
        "https://attackers.net/works/detail/RBD540",
        "https://attackers.net/works/detail/SHKD529",
        "https://attackers.net/works/detail/ATID236",
        "https://attackers.net/works/detail/ATID237",
        "https://attackers.net/works/detail/ATKD206",
        "https://attackers.net/works/detail/ATKD205"
      ],
      "count": 15
    }
  },
  {
    "https://attackers.net/works/list/date/2014-01-07": {
      "href": [
        "https://attackers.net/works/detail/ADN008",
        "https://attackers.net/works/detail/SHKD531",
        "https://attackers.net/works/detail/ADN007",
        "https://attackers.net/works/detail/RBD544",
        "https://attackers.net/works/detail/ADN009",
        "https://attackers.net/works/detail/RBD546",
        "https://attackers.net/works/detail/RBD547",
        "https://attackers.net/works/detail/ATID239",
        "https://attackers.net/works/detail/ATID238",
        "https://attackers.net/works/detail/ATKD207",
        "https://attackers.net/works/detail/SHKD530",
        "https://attackers.net/works/detail/SHKD532",
        "https://attackers.net/works/detail/RBD548",
        "https://attackers.net/works/detail/RBD542",
        "https://attackers.net/works/detail/RBD543",
        "https://attackers.net/works/detail/ATKD208"
      ],
      "count": 16
    }
  },
  {
    "https://attackers.net/works/list/date/2014-02-07": {
      "href": [
        "https://attackers.net/works/detail/ADN010",
        "https://attackers.net/works/detail/RBD551",
        "https://attackers.net/works/detail/ADN011",
        "https://attackers.net/works/detail/SHKD534",
        "https://attackers.net/works/detail/RBD554",
        "https://attackers.net/works/detail/RBD555",
        "https://attackers.net/works/detail/RBD559",
        "https://attackers.net/works/detail/RBD558",
        "https://attackers.net/works/detail/ADN012",
        "https://attackers.net/works/detail/RBD556",
        "https://attackers.net/works/detail/RBD557",
        "https://attackers.net/works/detail/RBD552",
        "https://attackers.net/works/detail/ATID240",
        "https://attackers.net/works/detail/SHKD535",
        "https://attackers.net/works/detail/ATKD210",
        "https://attackers.net/works/detail/ATKD209",
        "https://attackers.net/works/detail/RBD553",
        "https://attackers.net/works/detail/SHKD533"
      ],
      "count": 18
    }
  },
  {
    "https://attackers.net/works/list/date/2014-03-07": {
      "href": [
        "https://attackers.net/works/detail/RBD567",
        "https://attackers.net/works/detail/ADN014",
        "https://attackers.net/works/detail/SHKD536",
        "https://attackers.net/works/detail/SSPD110",
        "https://attackers.net/works/detail/RBD568",
        "https://attackers.net/works/detail/RBD563",
        "https://attackers.net/works/detail/RBD562",
        "https://attackers.net/works/detail/RBD560",
        "https://attackers.net/works/detail/SHKD537",
        "https://attackers.net/works/detail/ADN015",
        "https://attackers.net/works/detail/ATKD212",
        "https://attackers.net/works/detail/ATKD211",
        "https://attackers.net/works/detail/RBD566",
        "https://attackers.net/works/detail/ATID241",
        "https://attackers.net/works/detail/RBD561",
        "https://attackers.net/works/detail/RBD565",
        "https://attackers.net/works/detail/JBD169"
      ],
      "count": 17
    }
  },
  {
    "https://attackers.net/works/list/date/2014-04-07": {
      "href": [
        "https://attackers.net/works/detail/ADN017",
        "https://attackers.net/works/detail/SHKD538",
        "https://attackers.net/works/detail/RBD578",
        "https://attackers.net/works/detail/RBD579",
        "https://attackers.net/works/detail/RBD570",
        "https://attackers.net/works/detail/RBD576",
        "https://attackers.net/works/detail/RBD577",
        "https://attackers.net/works/detail/RBD571",
        "https://attackers.net/works/detail/SHKD539",
        "https://attackers.net/works/detail/RBD572",
        "https://attackers.net/works/detail/SHKD540",
        "https://attackers.net/works/detail/JBD170",
        "https://attackers.net/works/detail/RBD575",
        "https://attackers.net/works/detail/ATKD213",
        "https://attackers.net/works/detail/ATKD214"
      ],
      "count": 15
    }
  },
  {
    "https://attackers.net/works/list/date/2014-05-07": {
      "href": [
        "https://attackers.net/works/detail/ADN018",
        "https://attackers.net/works/detail/SSPD112",
        "https://attackers.net/works/detail/RBD580",
        "https://attackers.net/works/detail/ADN021",
        "https://attackers.net/works/detail/RBD581",
        "https://attackers.net/works/detail/RBD585",
        "https://attackers.net/works/detail/ADN020",
        "https://attackers.net/works/detail/SHKD543",
        "https://attackers.net/works/detail/SHKD542",
        "https://attackers.net/works/detail/RBD587",
        "https://attackers.net/works/detail/SHKD544",
        "https://attackers.net/works/detail/SHKD545",
        "https://attackers.net/works/detail/RBD584",
        "https://attackers.net/works/detail/RBD586",
        "https://attackers.net/works/detail/ATKD215",
        "https://attackers.net/works/detail/JBD171"
      ],
      "count": 16
    }
  },
  {
    "https://attackers.net/works/list/date/2014-06-07": {
      "href": [
        "https://attackers.net/works/detail/ADN022",
        "https://attackers.net/works/detail/ADN024",
        "https://attackers.net/works/detail/RBD593",
        "https://attackers.net/works/detail/SHKD547",
        "https://attackers.net/works/detail/SHKD550",
        "https://attackers.net/works/detail/SHKD548",
        "https://attackers.net/works/detail/RBD589",
        "https://attackers.net/works/detail/RBD592",
        "https://attackers.net/works/detail/RBD594",
        "https://attackers.net/works/detail/JBD172",
        "https://attackers.net/works/detail/RBD591",
        "https://attackers.net/works/detail/RBD590",
        "https://attackers.net/works/detail/RBD596",
        "https://attackers.net/works/detail/ATKD218",
        "https://attackers.net/works/detail/ATKD217"
      ],
      "count": 15
    }
  },
  {
    "https://attackers.net/works/list/date/2014-07-07": {
      "href": [
        "https://attackers.net/works/detail/ADN026",
        "https://attackers.net/works/detail/SHKD552",
        "https://attackers.net/works/detail/ADN025",
        "https://attackers.net/works/detail/SHKD554",
        "https://attackers.net/works/detail/ADN028",
        "https://attackers.net/works/detail/RBD599",
        "https://attackers.net/works/detail/RBD600",
        "https://attackers.net/works/detail/JBD173",
        "https://attackers.net/works/detail/JBD174",
        "https://attackers.net/works/detail/SHKD553",
        "https://attackers.net/works/detail/RBD601",
        "https://attackers.net/works/detail/RBD603",
        "https://attackers.net/works/detail/RBD604",
        "https://attackers.net/works/detail/RBD605",
        "https://attackers.net/works/detail/SHKD555",
        "https://attackers.net/works/detail/ATKD220",
        "https://attackers.net/works/detail/ATKD219"
      ],
      "count": 17
    }
  },
  {
    "https://attackers.net/works/list/date/2014-08-07": {
      "href": [
        "https://attackers.net/works/detail/ADN029",
        "https://attackers.net/works/detail/RBD606",
        "https://attackers.net/works/detail/ADN032",
        "https://attackers.net/works/detail/ADN030",
        "https://attackers.net/works/detail/SHKD562",
        "https://attackers.net/works/detail/RBD610",
        "https://attackers.net/works/detail/RBD608",
        "https://attackers.net/works/detail/RBD611",
        "https://attackers.net/works/detail/JBD175",
        "https://attackers.net/works/detail/SHKD558",
        "https://attackers.net/works/detail/RBD609",
        "https://attackers.net/works/detail/JBD176",
        "https://attackers.net/works/detail/SHKD559",
        "https://attackers.net/works/detail/RBD614",
        "https://attackers.net/works/detail/RBD607",
        "https://attackers.net/works/detail/SHKD560",
        "https://attackers.net/works/detail/RBD613",
        "https://attackers.net/works/detail/SHKD561",
        "https://attackers.net/works/detail/ATKD222",
        "https://attackers.net/works/detail/ATKD221"
      ],
      "count": 20
    }
  },
  {
    "https://attackers.net/works/list/date/2014-09-07": {
      "href": [
        "https://attackers.net/works/detail/ADN033",
        "https://attackers.net/works/detail/SSPD113",
        "https://attackers.net/works/detail/ADN034",
        "https://attackers.net/works/detail/RBD620",
        "https://attackers.net/works/detail/SHKD568",
        "https://attackers.net/works/detail/RBD616",
        "https://attackers.net/works/detail/ADN035",
        "https://attackers.net/works/detail/SHKD565",
        "https://attackers.net/works/detail/RBD621",
        "https://attackers.net/works/detail/RBD615",
        "https://attackers.net/works/detail/RBD622",
        "https://attackers.net/works/detail/SHKD567",
        "https://attackers.net/works/detail/RBD618",
        "https://attackers.net/works/detail/SHKD563",
        "https://attackers.net/works/detail/RBD617",
        "https://attackers.net/works/detail/SHKD566",
        "https://attackers.net/works/detail/JBD177",
        "https://attackers.net/works/detail/ATKD224",
        "https://attackers.net/works/detail/ATKD223"
      ],
      "count": 19
    }
  },
  {
    "https://attackers.net/works/list/date/2014-10-07": {
      "href": [
        "https://attackers.net/works/detail/ADN037",
        "https://attackers.net/works/detail/SHKD569",
        "https://attackers.net/works/detail/ADN038",
        "https://attackers.net/works/detail/RBD631",
        "https://attackers.net/works/detail/SHKD571",
        "https://attackers.net/works/detail/SHKD574",
        "https://attackers.net/works/detail/SHKD572",
        "https://attackers.net/works/detail/RBD630",
        "https://attackers.net/works/detail/SHKD570",
        "https://attackers.net/works/detail/RBD626",
        "https://attackers.net/works/detail/RBD628",
        "https://attackers.net/works/detail/RBD629",
        "https://attackers.net/works/detail/RBD627",
        "https://attackers.net/works/detail/JBD178",
        "https://attackers.net/works/detail/ATKD225"
      ],
      "count": 15
    }
  },
  {
    "https://attackers.net/works/list/date/2014-11-07": {
      "href": [
        "https://attackers.net/works/detail/ADN039",
        "https://attackers.net/works/detail/SHKD575",
        "https://attackers.net/works/detail/ADN041",
        "https://attackers.net/works/detail/RBD634",
        "https://attackers.net/works/detail/SHKD580",
        "https://attackers.net/works/detail/RBD632",
        "https://attackers.net/works/detail/RBD633",
        "https://attackers.net/works/detail/SHKD579",
        "https://attackers.net/works/detail/RBD638",
        "https://attackers.net/works/detail/ATID244",
        "https://attackers.net/works/detail/JBD179",
        "https://attackers.net/works/detail/SHKD577",
        "https://attackers.net/works/detail/RBD640",
        "https://attackers.net/works/detail/RBD637",
        "https://attackers.net/works/detail/RBD639",
        "https://attackers.net/works/detail/ATKD228",
        "https://attackers.net/works/detail/ATKD227"
      ],
      "count": 17
    }
  },
  {
    "https://attackers.net/works/list/date/2014-12-07": {
      "href": [
        "https://attackers.net/works/detail/ADN043",
        "https://attackers.net/works/detail/SHKD583",
        "https://attackers.net/works/detail/RBD644",
        "https://attackers.net/works/detail/RBD646",
        "https://attackers.net/works/detail/SHKD581",
        "https://attackers.net/works/detail/ATID245",
        "https://attackers.net/works/detail/RBD648",
        "https://attackers.net/works/detail/RBD647",
        "https://attackers.net/works/detail/SHKD582",
        "https://attackers.net/works/detail/ADN042",
        "https://attackers.net/works/detail/ADN044",
        "https://attackers.net/works/detail/ADN045",
        "https://attackers.net/works/detail/ATAD099",
        "https://attackers.net/works/detail/SHKD584",
        "https://attackers.net/works/detail/RBD645",
        "https://attackers.net/works/detail/JBD180",
        "https://attackers.net/works/detail/SHKD585",
        "https://attackers.net/works/detail/RBD642",
        "https://attackers.net/works/detail/ATKD229"
      ],
      "count": 19
    }
  },
  {
    "https://attackers.net/works/list/date/2015-01-07": {
      "href": [
        "https://attackers.net/works/detail/ADN047",
        "https://attackers.net/works/detail/RBD650",
        "https://attackers.net/works/detail/RBD653",
        "https://attackers.net/works/detail/RBD651",
        "https://attackers.net/works/detail/SHKD590",
        "https://attackers.net/works/detail/SSPD115",
        "https://attackers.net/works/detail/RBD652",
        "https://attackers.net/works/detail/JBD182",
        "https://attackers.net/works/detail/RBD655",
        "https://attackers.net/works/detail/ADN048",
        "https://attackers.net/works/detail/ATID246",
        "https://attackers.net/works/detail/RBD649",
        "https://attackers.net/works/detail/JBD181",
        "https://attackers.net/works/detail/SHKD588",
        "https://attackers.net/works/detail/SHKD589",
        "https://attackers.net/works/detail/ATKD230",
        "https://attackers.net/works/detail/ATKD231"
      ],
      "count": 17
    }
  },
  {
    "https://attackers.net/works/list/date/2015-02-07": {
      "href": [
        "https://attackers.net/works/detail/ADN050",
        "https://attackers.net/works/detail/RBD658",
        "https://attackers.net/works/detail/RBD657",
        "https://attackers.net/works/detail/ADN049",
        "https://attackers.net/works/detail/ADN051",
        "https://attackers.net/works/detail/ATID247",
        "https://attackers.net/works/detail/RBD661",
        "https://attackers.net/works/detail/RBD662",
        "https://attackers.net/works/detail/RBD660",
        "https://attackers.net/works/detail/ATID248",
        "https://attackers.net/works/detail/RBD656",
        "https://attackers.net/works/detail/RBD659",
        "https://attackers.net/works/detail/JBD183",
        "https://attackers.net/works/detail/SHKD594",
        "https://attackers.net/works/detail/SHKD593",
        "https://attackers.net/works/detail/ATKD232",
        "https://attackers.net/works/detail/ATAD100"
      ],
      "count": 17
    }
  },
  {
    "https://attackers.net/works/list/date/2015-03-07": {
      "href": [
        "https://attackers.net/works/detail/SHKD600",
        "https://attackers.net/works/detail/RBD664",
        "https://attackers.net/works/detail/RBD666",
        "https://attackers.net/works/detail/RBD669",
        "https://attackers.net/works/detail/SHKD602",
        "https://attackers.net/works/detail/RBD663",
        "https://attackers.net/works/detail/RBD665",
        "https://attackers.net/works/detail/SHKD599",
        "https://attackers.net/works/detail/SHKD598",
        "https://attackers.net/works/detail/ADN055",
        "https://attackers.net/works/detail/ATID249",
        "https://attackers.net/works/detail/RBD668",
        "https://attackers.net/works/detail/ATKD233",
        "https://attackers.net/works/detail/ATAD101"
      ],
      "count": 14
    }
  },
  {
    "https://attackers.net/works/list/date/2014-07-01": {
      "href": [
        "https://attackers.net/works/detail/AVOP002"
      ],
      "count": 1
    }
  },
  {
    "https://attackers.net/works/list/date/2015-04-07": {
      "href": [
        "https://attackers.net/works/detail/SSPD117",
        "https://attackers.net/works/detail/ADN056",
        "https://attackers.net/works/detail/RBD671",
        "https://attackers.net/works/detail/JBD185",
        "https://attackers.net/works/detail/RBD674",
        "https://attackers.net/works/detail/SHKD605",
        "https://attackers.net/works/detail/RBD673",
        "https://attackers.net/works/detail/SHKD609",
        "https://attackers.net/works/detail/RBD672",
        "https://attackers.net/works/detail/RBD675",
        "https://attackers.net/works/detail/SHKD610",
        "https://attackers.net/works/detail/ATID250",
        "https://attackers.net/works/detail/RBD670",
        "https://attackers.net/works/detail/ATAD102",
        "https://attackers.net/works/detail/ATKD234"
      ],
      "count": 15
    }
  },
  {
    "https://attackers.net/works/list/date/2015-05-07": {
      "href": [
        "https://attackers.net/works/detail/ADN060",
        "https://attackers.net/works/detail/SHKD612",
        "https://attackers.net/works/detail/SSPD118",
        "https://attackers.net/works/detail/ADN061",
        "https://attackers.net/works/detail/RBD683",
        "https://attackers.net/works/detail/RBD681",
        "https://attackers.net/works/detail/RBD680",
        "https://attackers.net/works/detail/RBD677",
        "https://attackers.net/works/detail/SHKD618",
        "https://attackers.net/works/detail/SHKD613",
        "https://attackers.net/works/detail/SHKD615",
        "https://attackers.net/works/detail/RBD679",
        "https://attackers.net/works/detail/ADN059",
        "https://attackers.net/works/detail/SHKD614",
        "https://attackers.net/works/detail/ATAD103",
        "https://attackers.net/works/detail/ATAD104"
      ],
      "count": 16
    }
  },
  {
    "https://attackers.net/works/list/date/2015-06-07": {
      "href": [
        "https://attackers.net/works/detail/ADN062",
        "https://attackers.net/works/detail/ADN063",
        "https://attackers.net/works/detail/RBD687",
        "https://attackers.net/works/detail/SSPD120",
        "https://attackers.net/works/detail/SSPD119",
        "https://attackers.net/works/detail/SHKD621",
        "https://attackers.net/works/detail/SHKD620",
        "https://attackers.net/works/detail/SHKD622",
        "https://attackers.net/works/detail/RBD691",
        "https://attackers.net/works/detail/SHKD623",
        "https://attackers.net/works/detail/SHKD619",
        "https://attackers.net/works/detail/ATID252",
        "https://attackers.net/works/detail/RBD686",
        "https://attackers.net/works/detail/RBD685",
        "https://attackers.net/works/detail/JBD187"
      ],
      "count": 15
    }
  },
  {
    "https://attackers.net/works/list/date/2015-06-25": {
      "href": [
        "https://attackers.net/works/detail/ATKD235"
      ],
      "count": 1
    }
  },
  {
    "https://attackers.net/works/list/date/2015-07-07": {
      "href": [
        "https://attackers.net/works/detail/SHKD626",
        "https://attackers.net/works/detail/RBD698",
        "https://attackers.net/works/detail/JBD188",
        "https://attackers.net/works/detail/ADN065",
        "https://attackers.net/works/detail/RBD693",
        "https://attackers.net/works/detail/RBD700",
        "https://attackers.net/works/detail/RBD695",
        "https://attackers.net/works/detail/SHKD625",
        "https://attackers.net/works/detail/RBD694",
        "https://attackers.net/works/detail/SHKD629",
        "https://attackers.net/works/detail/SHKD628",
        "https://attackers.net/works/detail/SHKD627",
        "https://attackers.net/works/detail/SHKD630",
        "https://attackers.net/works/detail/RBD696",
        "https://attackers.net/works/detail/RBD699",
        "https://attackers.net/works/detail/ATKD236"
      ],
      "count": 16
    }
  },
  {
    "https://attackers.net/works/list/date/2015-08-07": {
      "href": [
        "https://attackers.net/works/detail/ADN067",
        "https://attackers.net/works/detail/ADN068",
        "https://attackers.net/works/detail/ADN069",
        "https://attackers.net/works/detail/RBD706",
        "https://attackers.net/works/detail/SHKD631",
        "https://attackers.net/works/detail/SSPD122",
        "https://attackers.net/works/detail/RBD703",
        "https://attackers.net/works/detail/JBD190",
        "https://attackers.net/works/detail/RBD708",
        "https://attackers.net/works/detail/SHKD634",
        "https://attackers.net/works/detail/ATID253",
        "https://attackers.net/works/detail/SHKD632",
        "https://attackers.net/works/detail/RBD701",
        "https://attackers.net/works/detail/SHKD633",
        "https://attackers.net/works/detail/ATID254",
        "https://attackers.net/works/detail/ATKD237",
        "https://attackers.net/works/detail/ATAD107"
      ],
      "count": 17
    }
  },
  {
    "https://attackers.net/works/list/date/2015-09-07": {
      "href": [
        "https://attackers.net/works/detail/ADN070",
        "https://attackers.net/works/detail/SHKD635",
        "https://attackers.net/works/detail/JBD191",
        "https://attackers.net/works/detail/SHKD638",
        "https://attackers.net/works/detail/SHKD637",
        "https://attackers.net/works/detail/ADN072",
        "https://attackers.net/works/detail/RBD712",
        "https://attackers.net/works/detail/SHKD640",
        "https://attackers.net/works/detail/SHKD639",
        "https://attackers.net/works/detail/JBD192",
        "https://attackers.net/works/detail/RBD709",
        "https://attackers.net/works/detail/RBD710",
        "https://attackers.net/works/detail/RBD711",
        "https://attackers.net/works/detail/SHKD636",
        "https://attackers.net/works/detail/ATID255",
        "https://attackers.net/works/detail/ATID256",
        "https://attackers.net/works/detail/ATID257",
        "https://attackers.net/works/detail/ATAD108",
        "https://attackers.net/works/detail/ATKD238"
      ],
      "count": 19
    }
  },
  {
    "https://attackers.net/works/list/date/2015-10-07": {
      "href": [
        "https://attackers.net/works/detail/SHKD642",
        "https://attackers.net/works/detail/SSPD123",
        "https://attackers.net/works/detail/ADN074",
        "https://attackers.net/works/detail/RBD716",
        "https://attackers.net/works/detail/RBD714",
        "https://attackers.net/works/detail/SHKD644",
        "https://attackers.net/works/detail/SHKD645",
        "https://attackers.net/works/detail/JBD193",
        "https://attackers.net/works/detail/JBD194",
        "https://attackers.net/works/detail/RBD713",
        "https://attackers.net/works/detail/SHKD643",
        "https://attackers.net/works/detail/SHKD646",
        "https://attackers.net/works/detail/RBD720",
        "https://attackers.net/works/detail/ADN075",
        "https://attackers.net/works/detail/ADN076",
        "https://attackers.net/works/detail/RBD717",
        "https://attackers.net/works/detail/RBD715",
        "https://attackers.net/works/detail/ATAD110"
      ],
      "count": 18
    }
  },
  {
    "https://attackers.net/works/list/date/2015-11-07": {
      "href": [
        "https://attackers.net/works/detail/SHKD649",
        "https://attackers.net/works/detail/ADN078",
        "https://attackers.net/works/detail/SHKD647",
        "https://attackers.net/works/detail/RBD722",
        "https://attackers.net/works/detail/JBD196",
        "https://attackers.net/works/detail/RBD726",
        "https://attackers.net/works/detail/ATID258",
        "https://attackers.net/works/detail/RBD723",
        "https://attackers.net/works/detail/RBD721",
        "https://attackers.net/works/detail/SHKD650",
        "https://attackers.net/works/detail/SHKD651",
        "https://attackers.net/works/detail/RBD724",
        "https://attackers.net/works/detail/ADN079",
        "https://attackers.net/works/detail/ATID259",
        "https://attackers.net/works/detail/RBD727",
        "https://attackers.net/works/detail/SHKD648",
        "https://attackers.net/works/detail/ATAD111",
        "https://attackers.net/works/detail/ATAD112"
      ],
      "count": 18
    }
  },
  {
    "https://attackers.net/works/list/date/2015-12-07": {
      "href": [
        "https://attackers.net/works/detail/RBD731",
        "https://attackers.net/works/detail/SHKD653",
        "https://attackers.net/works/detail/RBD729",
        "https://attackers.net/works/detail/ATID260",
        "https://attackers.net/works/detail/SHKD655",
        "https://attackers.net/works/detail/RBD734",
        "https://attackers.net/works/detail/JBD197",
        "https://attackers.net/works/detail/SHKD657",
        "https://attackers.net/works/detail/JBD198",
        "https://attackers.net/works/detail/RBD733",
        "https://attackers.net/works/detail/SHKD654",
        "https://attackers.net/works/detail/SHKD656",
        "https://attackers.net/works/detail/RBD735",
        "https://attackers.net/works/detail/RBD736",
        "https://attackers.net/works/detail/ATID261",
        "https://attackers.net/works/detail/ADN082",
        "https://attackers.net/works/detail/RBD730",
        "https://attackers.net/works/detail/ATAD113"
      ],
      "count": 18
    }
  },
  {
    "https://attackers.net/works/list/date/2015-12-08": {
      "href": [
        "https://attackers.net/works/detail/ADN080"
      ],
      "count": 1
    }
  },
  {
    "https://attackers.net/works/list/date/2016-01-07": {
      "href": [
        "https://attackers.net/works/detail/ADN083",
        "https://attackers.net/works/detail/SHKD658",
        "https://attackers.net/works/detail/SHKD661",
        "https://attackers.net/works/detail/SHKD659",
        "https://attackers.net/works/detail/ADN084",
        "https://attackers.net/works/detail/RBD738",
        "https://attackers.net/works/detail/RBD737",
        "https://attackers.net/works/detail/SHKD660",
        "https://attackers.net/works/detail/SHKD662",
        "https://attackers.net/works/detail/RBD740",
        "https://attackers.net/works/detail/RBD739",
        "https://attackers.net/works/detail/RBD741",
        "https://attackers.net/works/detail/ADN085",
        "https://attackers.net/works/detail/SHKD663",
        "https://attackers.net/works/detail/SHKD664",
        "https://attackers.net/works/detail/ATID262",
        "https://attackers.net/works/detail/ATID264",
        "https://attackers.net/works/detail/ATAD115"
      ],
      "count": 18
    }
  },
  {
    "https://attackers.net/works/list/date/2016-02-07": {
      "href": [
        "https://attackers.net/works/detail/ADN086",
        "https://attackers.net/works/detail/SHKD671",
        "https://attackers.net/works/detail/SHKD665",
        "https://attackers.net/works/detail/ATID265",
        "https://attackers.net/works/detail/ATID268",
        "https://attackers.net/works/detail/ADN087",
        "https://attackers.net/works/detail/ATID266",
        "https://attackers.net/works/detail/SHKD670",
        "https://attackers.net/works/detail/JBD201",
        "https://attackers.net/works/detail/RBD746",
        "https://attackers.net/works/detail/ADN088",
        "https://attackers.net/works/detail/RBD742",
        "https://attackers.net/works/detail/SHKD672",
        "https://attackers.net/works/detail/RBD743",
        "https://attackers.net/works/detail/SHKD667",
        "https://attackers.net/works/detail/ATKD240",
        "https://attackers.net/works/detail/SHKD669",
        "https://attackers.net/works/detail/SHKD666",
        "https://attackers.net/works/detail/RBD745",
        "https://attackers.net/works/detail/SHKD668",
        "https://attackers.net/works/detail/ATID267"
      ],
      "count": 21
    }
  },
  {
    "https://attackers.net/works/list/date/2016-03-07": {
      "href": [
        "https://attackers.net/works/detail/ADN089",
        "https://attackers.net/works/detail/RBD750",
        "https://attackers.net/works/detail/RBD751",
        "https://attackers.net/works/detail/SHKD674",
        "https://attackers.net/works/detail/RBD749",
        "https://attackers.net/works/detail/SSPD125",
        "https://attackers.net/works/detail/SHKD673",
        "https://attackers.net/works/detail/JBD202",
        "https://attackers.net/works/detail/RBD753",
        "https://attackers.net/works/detail/RBD747",
        "https://attackers.net/works/detail/RBD748",
        "https://attackers.net/works/detail/RBD754",
        "https://attackers.net/works/detail/ATID270",
        "https://attackers.net/works/detail/SHKD675",
        "https://attackers.net/works/detail/RBD752",
        "https://attackers.net/works/detail/SHKD677",
        "https://attackers.net/works/detail/SHKD678",
        "https://attackers.net/works/detail/JBD203",
        "https://attackers.net/works/detail/ATID269",
        "https://attackers.net/works/detail/ATAD117",
        "https://attackers.net/works/detail/JBD204"
      ],
      "count": 21
    }
  },
  {
    "https://attackers.net/works/list/date/2016-04-07": {
      "href": [
        "https://attackers.net/works/detail/ADN091",
        "https://attackers.net/works/detail/SSPD126",
        "https://attackers.net/works/detail/SHKD681",
        "https://attackers.net/works/detail/SHKD679",
        "https://attackers.net/works/detail/RBD756",
        "https://attackers.net/works/detail/RBD755",
        "https://attackers.net/works/detail/SHKD680",
        "https://attackers.net/works/detail/SHKD685",
        "https://attackers.net/works/detail/RBD758",
        "https://attackers.net/works/detail/SHKD683",
        "https://attackers.net/works/detail/SHKD686",
        "https://attackers.net/works/detail/JBD205",
        "https://attackers.net/works/detail/RBD757",
        "https://attackers.net/works/detail/SHKD684",
        "https://attackers.net/works/detail/RBD759",
        "https://attackers.net/works/detail/RBD761",
        "https://attackers.net/works/detail/RBD762",
        "https://attackers.net/works/detail/ATID271",
        "https://attackers.net/works/detail/SHKD682",
        "https://attackers.net/works/detail/ATKD241",
        "https://attackers.net/works/detail/ATKD242"
      ],
      "count": 21
    }
  },
  {
    "https://attackers.net/works/list/date/2016-05-07": {
      "href": [
        "https://attackers.net/works/detail/SSPD127",
        "https://attackers.net/works/detail/RBD764",
        "https://attackers.net/works/detail/RBD765",
        "https://attackers.net/works/detail/RBD773",
        "https://attackers.net/works/detail/SHKD688",
        "https://attackers.net/works/detail/RBD766",
        "https://attackers.net/works/detail/ATID272",
        "https://attackers.net/works/detail/RBD767",
        "https://attackers.net/works/detail/RBD772",
        "https://attackers.net/works/detail/RBD769",
        "https://attackers.net/works/detail/RBD771",
        "https://attackers.net/works/detail/SHKD691",
        "https://attackers.net/works/detail/JBD206",
        "https://attackers.net/works/detail/RBD768",
        "https://attackers.net/works/detail/SHKD689",
        "https://attackers.net/works/detail/SHKD692",
        "https://attackers.net/works/detail/RBD770",
        "https://attackers.net/works/detail/ADN094",
        "https://attackers.net/works/detail/SHKD690",
        "https://attackers.net/works/detail/ATAD119"
      ],
      "count": 20
    }
  },
  {
    "https://attackers.net/works/list/date/2016-06-07": {
      "href": [
        "https://attackers.net/works/detail/ADN095",
        "https://attackers.net/works/detail/ADN096",
        "https://attackers.net/works/detail/RBD781",
        "https://attackers.net/works/detail/RBD783",
        "https://attackers.net/works/detail/SHKD695",
        "https://attackers.net/works/detail/ADN097",
        "https://attackers.net/works/detail/RBD777",
        "https://attackers.net/works/detail/RBD778",
        "https://attackers.net/works/detail/RBD776",
        "https://attackers.net/works/detail/SHKD696",
        "https://attackers.net/works/detail/RBD779",
        "https://attackers.net/works/detail/ATID273",
        "https://attackers.net/works/detail/JBD207",
        "https://attackers.net/works/detail/RBD775",
        "https://attackers.net/works/detail/SHKD697",
        "https://attackers.net/works/detail/SHKD698",
        "https://attackers.net/works/detail/SHKD699",
        "https://attackers.net/works/detail/ATAD121"
      ],
      "count": 18
    }
  },
  {
    "https://attackers.net/works/list/date/2016-07-07": {
      "href": [
        "https://attackers.net/works/detail/ADN098",
        "https://attackers.net/works/detail/SSPD128",
        "https://attackers.net/works/detail/SHKD700",
        "https://attackers.net/works/detail/ADN099",
        "https://attackers.net/works/detail/RBD785",
        "https://attackers.net/works/detail/SHKD702",
        "https://attackers.net/works/detail/RBD784",
        "https://attackers.net/works/detail/RBD789",
        "https://attackers.net/works/detail/ATID275",
        "https://attackers.net/works/detail/SHKD701",
        "https://attackers.net/works/detail/RBD786",
        "https://attackers.net/works/detail/ATID274",
        "https://attackers.net/works/detail/SHKD703",
        "https://attackers.net/works/detail/ATAD122"
      ],
      "count": 14
    }
  },
  {
    "https://attackers.net/works/list/date/2016-08-07": {
      "href": [
        "https://attackers.net/works/detail/ADN100",
        "https://attackers.net/works/detail/ADN101",
        "https://attackers.net/works/detail/RBD794",
        "https://attackers.net/works/detail/RBD790",
        "https://attackers.net/works/detail/RBD791",
        "https://attackers.net/works/detail/RBD793",
        "https://attackers.net/works/detail/SHKD704",
        "https://attackers.net/works/detail/SHKD705",
        "https://attackers.net/works/detail/RBD792",
        "https://attackers.net/works/detail/ATID276",
        "https://attackers.net/works/detail/ATID277",
        "https://attackers.net/works/detail/JBD208",
        "https://attackers.net/works/detail/ATAD123",
        "https://attackers.net/works/detail/ATAD124"
      ],
      "count": 14
    }
  },
  {
    "https://attackers.net/works/list/date/2016-09-01": {
      "href": [
        "https://attackers.net/works/detail/AVOP263"
      ],
      "count": 1
    }
  },
  {
    "https://attackers.net/works/list/date/2016-09-07": {
      "href": [
        "https://attackers.net/works/detail/ADN103",
        "https://attackers.net/works/detail/ADN102",
        "https://attackers.net/works/detail/ADN104",
        "https://attackers.net/works/detail/RBD797",
        "https://attackers.net/works/detail/SHKD713",
        "https://attackers.net/works/detail/SHKD711",
        "https://attackers.net/works/detail/RBD799",
        "https://attackers.net/works/detail/SHKD712",
        "https://attackers.net/works/detail/RBD796",
        "https://attackers.net/works/detail/SHKD710",
        "https://attackers.net/works/detail/SHKD709",
        "https://attackers.net/works/detail/ATAD125"
      ],
      "count": 12
    }
  },
  {
    "https://attackers.net/works/list/date/2016-10-07": {
      "href": [
        "https://attackers.net/works/detail/ADN107",
        "https://attackers.net/works/detail/ADN106",
        "https://attackers.net/works/detail/ADN105",
        "https://attackers.net/works/detail/RBD803",
        "https://attackers.net/works/detail/SHKD714",
        "https://attackers.net/works/detail/JBD209",
        "https://attackers.net/works/detail/SHKD715",
        "https://attackers.net/works/detail/SHKD717"
      ],
      "count": 8
    }
  },
  {
    "https://attackers.net/works/list/date/2016-10-13": {
      "href": [
        "https://attackers.net/works/detail/SSPD130",
        "https://attackers.net/works/detail/SHKD718",
        "https://attackers.net/works/detail/RBD801",
        "https://attackers.net/works/detail/JBD210",
        "https://attackers.net/works/detail/SHKD716",
        "https://attackers.net/works/detail/ATAD127"
      ],
      "count": 6
    }
  },
  {
    "https://attackers.net/works/list/date/2016-11-13": {
      "href": [
        "https://attackers.net/works/detail/ADN108",
        "https://attackers.net/works/detail/RBD805",
        "https://attackers.net/works/detail/RBD811",
        "https://attackers.net/works/detail/RBD812",
        "https://attackers.net/works/detail/RBD810",
        "https://attackers.net/works/detail/ADN109",
        "https://attackers.net/works/detail/JBD211",
        "https://attackers.net/works/detail/SHKD719",
        "https://attackers.net/works/detail/JBD213",
        "https://attackers.net/works/detail/RBD809",
        "https://attackers.net/works/detail/RBD808",
        "https://attackers.net/works/detail/JBD212"
      ],
      "count": 12
    }
  },
  {
    "https://attackers.net/works/list/date/2016-11-19": {
      "href": [
        "https://attackers.net/works/detail/ATKD246",
        "https://attackers.net/works/detail/ATAD128"
      ],
      "count": 2
    }
  },
  {
    "https://attackers.net/works/list/date/2016-12-08": {
      "href": [
        "https://attackers.net/works/detail/ADN110"
      ],
      "count": 1
    }
  },
  {
    "https://attackers.net/works/list/date/2016-12-19": {
      "href": [
        "https://attackers.net/works/detail/SSPD131",
        "https://attackers.net/works/detail/RBD815",
        "https://attackers.net/works/detail/SSPD132",
        "https://attackers.net/works/detail/RBD813",
        "https://attackers.net/works/detail/ATID278",
        "https://attackers.net/works/detail/SHKD722",
        "https://attackers.net/works/detail/SHKD721",
        "https://attackers.net/works/detail/RBD814",
        "https://attackers.net/works/detail/ATAD129"
      ],
      "count": 9
    }
  },
  {
    "https://attackers.net/works/list/date/2016-12-13": {
      "href": [
        "https://attackers.net/works/detail/SHKD723",
        "https://attackers.net/works/detail/ADN112",
        "https://attackers.net/works/detail/ADN111",
        "https://attackers.net/works/detail/RBD817"
      ],
      "count": 4
    }
  },
  {
    "https://attackers.net/works/list/date/2017-01-19": {
      "href": [
        "https://attackers.net/works/detail/ADN113",
        "https://attackers.net/works/detail/RBD821",
        "https://attackers.net/works/detail/ADN114",
        "https://attackers.net/works/detail/ADN115",
        "https://attackers.net/works/detail/ADN116",
        "https://attackers.net/works/detail/RBD820",
        "https://attackers.net/works/detail/RBD818",
        "https://attackers.net/works/detail/SHKD725",
        "https://attackers.net/works/detail/SHKD727",
        "https://attackers.net/works/detail/RBD819",
        "https://attackers.net/works/detail/JBD215",
        "https://attackers.net/works/detail/JBD214",
        "https://attackers.net/works/detail/SHKD726"
      ],
      "count": 13
    }
  },
  {
    "https://attackers.net/works/list/date/2017-02-13": {
      "href": [
        "https://attackers.net/works/detail/ADN118",
        "https://attackers.net/works/detail/SSPD133",
        "https://attackers.net/works/detail/RBD822",
        "https://attackers.net/works/detail/ADN119",
        "https://attackers.net/works/detail/RBD824",
        "https://attackers.net/works/detail/ADN120",
        "https://attackers.net/works/detail/ATID280",
        "https://attackers.net/works/detail/RBD825",
        "https://attackers.net/works/detail/ATKD247"
      ],
      "count": 9
    }
  },
  {
    "https://attackers.net/works/list/date/2017-02-25": {
      "href": [
        "https://attackers.net/works/detail/SHKD730",
        "https://attackers.net/works/detail/RBD826",
        "https://attackers.net/works/detail/SHKD728",
        "https://attackers.net/works/detail/SHKD731",
        "https://attackers.net/works/detail/SHKD729"
      ],
      "count": 5
    }
  },
  {
    "https://attackers.net/works/list/date/2017-03-13": {
      "href": [
        "https://attackers.net/works/detail/ADN122",
        "https://attackers.net/works/detail/ADN121",
        "https://attackers.net/works/detail/RBD829",
        "https://attackers.net/works/detail/ATAD130"
      ],
      "count": 4
    }
  },
  {
    "https://attackers.net/works/list/date/2017-03-25": {
      "href": [
        "https://attackers.net/works/detail/RBD833",
        "https://attackers.net/works/detail/RBD830",
        "https://attackers.net/works/detail/RBD827",
        "https://attackers.net/works/detail/RBD832",
        "https://attackers.net/works/detail/RBD831",
        "https://attackers.net/works/detail/SHKD733",
        "https://attackers.net/works/detail/SHKD734",
        "https://attackers.net/works/detail/RBD828",
        "https://attackers.net/works/detail/ATID281"
      ],
      "count": 9
    }
  },
  {
    "https://attackers.net/works/list/date/2017-04-25": {
      "href": [
        "https://attackers.net/works/detail/SSPD135",
        "https://attackers.net/works/detail/RBD834",
        "https://attackers.net/works/detail/SHKD737",
        "https://attackers.net/works/detail/ADN123",
        "https://attackers.net/works/detail/RBD835",
        "https://attackers.net/works/detail/SHKD739",
        "https://attackers.net/works/detail/SHKD740",
        "https://attackers.net/works/detail/SHKD736",
        "https://attackers.net/works/detail/ADN124",
        "https://attackers.net/works/detail/RBD836",
        "https://attackers.net/works/detail/RBD838",
        "https://attackers.net/works/detail/ATID283",
        "https://attackers.net/works/detail/SHKD735"
      ],
      "count": 13
    }
  },
  {
    "https://attackers.net/works/list/date/2017-05-25": {
      "href": [
        "https://attackers.net/works/detail/ATID284",
        "https://attackers.net/works/detail/RBD842",
        "https://attackers.net/works/detail/ADN125",
        "https://attackers.net/works/detail/RBD841",
        "https://attackers.net/works/detail/SHKD742",
        "https://attackers.net/works/detail/SHKD745",
        "https://attackers.net/works/detail/ADN126",
        "https://attackers.net/works/detail/SHKD746",
        "https://attackers.net/works/detail/JBD216",
        "https://attackers.net/works/detail/SHKD743",
        "https://attackers.net/works/detail/SHKD744",
        "https://attackers.net/works/detail/SHKD741",
        "https://attackers.net/works/detail/RBD840",
        "https://attackers.net/works/detail/ATKD248"
      ],
      "count": 14
    }
  },
  {
    "https://attackers.net/works/list/date/2017-06-19": {
      "href": [
        "https://attackers.net/works/detail/SSPD137",
        "https://attackers.net/works/detail/ADN129",
        "https://attackers.net/works/detail/ADN127",
        "https://attackers.net/works/detail/ADN128",
        "https://attackers.net/works/detail/SHKD747",
        "https://attackers.net/works/detail/RBD845",
        "https://attackers.net/works/detail/JBD217",
        "https://attackers.net/works/detail/ADN130",
        "https://attackers.net/works/detail/RBD844",
        "https://attackers.net/works/detail/SHKD750",
        "https://attackers.net/works/detail/SHKD749",
        "https://attackers.net/works/detail/RBD843",
        "https://attackers.net/works/detail/ATKD250",
        "https://attackers.net/works/detail/ATKD249"
      ],
      "count": 14
    }
  },
  {
    "https://attackers.net/works/list/date/2017-07-19": {
      "href": [
        "https://attackers.net/works/detail/ADN134",
        "https://attackers.net/works/detail/JBD218",
        "https://attackers.net/works/detail/ATKD251"
      ],
      "count": 3
    }
  },
  {
    "https://attackers.net/works/list/date/2017-08-07": {
      "href": [
        "https://attackers.net/works/detail/ATKD252"
      ],
      "count": 1
    }
  },
  {
    "https://attackers.net/works/list/date/2017-07-25": {
      "href": [
        "https://attackers.net/works/detail/SSPD138",
        "https://attackers.net/works/detail/ADN132",
        "https://attackers.net/works/detail/ADN131",
        "https://attackers.net/works/detail/RBD848",
        "https://attackers.net/works/detail/RBD847",
        "https://attackers.net/works/detail/SHKD754",
        "https://attackers.net/works/detail/SHKD753",
        "https://attackers.net/works/detail/SHKD752",
        "https://attackers.net/works/detail/SHKD751",
        "https://attackers.net/works/detail/ADN133"
      ],
      "count": 10
    }
  },
  {
    "https://attackers.net/works/list/date/2017-09-01": {
      "href": [
        "https://attackers.net/works/detail/AVOP355"
      ],
      "count": 1
    }
  },
  {
    "https://attackers.net/works/list/date/2017-09-07": {
      "href": [
        "https://attackers.net/works/detail/ADN138",
        "https://attackers.net/works/detail/SSPD139",
        "https://attackers.net/works/detail/ADN135",
        "https://attackers.net/works/detail/ADN136",
        "https://attackers.net/works/detail/RBD852",
        "https://attackers.net/works/detail/SHKD755",
        "https://attackers.net/works/detail/RBD856",
        "https://attackers.net/works/detail/RBD857",
        "https://attackers.net/works/detail/SHKD756",
        "https://attackers.net/works/detail/SHKD757",
        "https://attackers.net/works/detail/JBD219",
        "https://attackers.net/works/detail/ADN137"
      ],
      "count": 12
    }
  },
  {
    "https://attackers.net/works/list/date/2017-10-01": {
      "href": [
        "https://attackers.net/works/detail/ADN139",
        "https://attackers.net/works/detail/SHKD761",
        "https://attackers.net/works/detail/ADN140",
        "https://attackers.net/works/detail/RBD860",
        "https://attackers.net/works/detail/SHKD759",
        "https://attackers.net/works/detail/RBD861",
        "https://attackers.net/works/detail/RBD858",
        "https://attackers.net/works/detail/JBD220",
        "https://attackers.net/works/detail/SHKD758",
        "https://attackers.net/works/detail/ATID290",
        "https://attackers.net/works/detail/SHKD760"
      ],
      "count": 11
    }
  },
  {
    "https://attackers.net/works/list/date/2017-10-25": {
      "href": [
        "https://attackers.net/works/detail/RBD864",
        "https://attackers.net/works/detail/ADN141"
      ],
      "count": 2
    }
  },
  {
    "https://attackers.net/works/list/date/2017-11-01": {
      "href": [
        "https://attackers.net/works/detail/RBD867",
        "https://attackers.net/works/detail/SSPD140",
        "https://attackers.net/works/detail/SHKD764",
        "https://attackers.net/works/detail/SHKD762",
        "https://attackers.net/works/detail/RBD870",
        "https://attackers.net/works/detail/SHKD765",
        "https://attackers.net/works/detail/SHKD763"
      ],
      "count": 7
    }
  },
  {
    "https://attackers.net/works/list/date/2017-11-25": {
      "href": [
        "https://attackers.net/works/detail/ADN144",
        "https://attackers.net/works/detail/SHKD766",
        "https://attackers.net/works/detail/ADN145",
        "https://attackers.net/works/detail/ADN142",
        "https://attackers.net/works/detail/ADN143",
        "https://attackers.net/works/detail/SHKD767",
        "https://attackers.net/works/detail/SHKD768",
        "https://attackers.net/works/detail/SHKD769",
        "https://attackers.net/works/detail/SHKD770",
        "https://attackers.net/works/detail/RBD872",
        "https://attackers.net/works/detail/RBD871"
      ],
      "count": 11
    }
  },
  {
    "https://attackers.net/works/list/date/2017-12-07": {
      "href": [
        "https://attackers.net/works/detail/ATKD255",
        "https://attackers.net/works/detail/ATKD256",
        "https://attackers.net/works/detail/ATKD258"
      ],
      "count": 3
    }
  },
  {
    "https://attackers.net/works/list/date/2017-12-19": {
      "href": [
        "https://attackers.net/works/detail/ADN146",
        "https://attackers.net/works/detail/SHKD773",
        "https://attackers.net/works/detail/SHKD772",
        "https://attackers.net/works/detail/SHKD771",
        "https://attackers.net/works/detail/RBD879",
        "https://attackers.net/works/detail/RBD878",
        "https://attackers.net/works/detail/ATID291",
        "https://attackers.net/works/detail/SHKD774"
      ],
      "count": 8
    }
  }
]