[
  {
    "https://av-e-body.com/works/list/date/2010-01-13": {
      "href": [
        "https://av-e-body.com/works/detail/EBOD098",
        "https://av-e-body.com/works/detail/EBOD099"
      ],
      "count": 2
    }
  },
  {
    "https://av-e-body.com/works/list/date/2010-02-13": {
      "href": [
        "https://av-e-body.com/works/detail/EBOD101",
        "https://av-e-body.com/works/detail/EBOD103",
        "https://av-e-body.com/works/detail/EBOD102",
        "https://av-e-body.com/works/detail/MKCK007"
      ],
      "count": 4
    }
  },
  {
    "https://av-e-body.com/works/list/date/2010-03-13": {
      "href": [
        "https://av-e-body.com/works/detail/EBOD104",
        "https://av-e-body.com/works/detail/EBOD106",
        "https://av-e-body.com/works/detail/EBOD105",
        "https://av-e-body.com/works/detail/EBOD108",
        "https://av-e-body.com/works/detail/EBOD107"
      ],
      "count": 5
    }
  },
  {
    "https://av-e-body.com/works/list/date/2010-04-13": {
      "href": [
        "https://av-e-body.com/works/detail/EBOD109",
        "https://av-e-body.com/works/detail/EBOD112",
        "https://av-e-body.com/works/detail/EBOD110",
        "https://av-e-body.com/works/detail/EBOD111"
      ],
      "count": 4
    }
  },
  {
    "https://av-e-body.com/works/list/date/2010-05-13": {
      "href": [
        "https://av-e-body.com/works/detail/EBOD113",
        "https://av-e-body.com/works/detail/EBOD115",
        "https://av-e-body.com/works/detail/EBOD117",
        "https://av-e-body.com/works/detail/EBOD114",
        "https://av-e-body.com/works/detail/EBOD116"
      ],
      "count": 5
    }
  },
  {
    "https://av-e-body.com/works/list/date/2010-06-13": {
      "href": [
        "https://av-e-body.com/works/detail/EBOD118",
        "https://av-e-body.com/works/detail/EBOD121",
        "https://av-e-body.com/works/detail/EBOD120",
        "https://av-e-body.com/works/detail/EBOD119"
      ],
      "count": 4
    }
  },
  {
    "https://av-e-body.com/works/list/date/2010-07-13": {
      "href": [
        "https://av-e-body.com/works/detail/EBOD122",
        "https://av-e-body.com/works/detail/EBOD123",
        "https://av-e-body.com/works/detail/EBOD124",
        "https://av-e-body.com/works/detail/MKCK008",
        "https://av-e-body.com/works/detail/MKCK009"
      ],
      "count": 5
    }
  },
  {
    "https://av-e-body.com/works/list/date/2010-08-13": {
      "href": [
        "https://av-e-body.com/works/detail/EBOD127",
        "https://av-e-body.com/works/detail/EBOD126"
      ],
      "count": 2
    }
  },
  {
    "https://av-e-body.com/works/list/date/2010-09-13": {
      "href": [
        "https://av-e-body.com/works/detail/EBOD128",
        "https://av-e-body.com/works/detail/MKCK011",
        "https://av-e-body.com/works/detail/MKCK010"
      ],
      "count": 3
    }
  },
  {
    "https://av-e-body.com/works/list/date/2010-10-13": {
      "href": [
        "https://av-e-body.com/works/detail/EBOD132",
        "https://av-e-body.com/works/detail/EBOD131",
        "https://av-e-body.com/works/detail/EBOD129",
        "https://av-e-body.com/works/detail/EBOD130"
      ],
      "count": 4
    }
  },
  {
    "https://av-e-body.com/works/list/date/2010-11-13": {
      "href": [
        "https://av-e-body.com/works/detail/EBOD133",
        "https://av-e-body.com/works/detail/EBOD134",
        "https://av-e-body.com/works/detail/EBOD135",
        "https://av-e-body.com/works/detail/MKCK012"
      ],
      "count": 4
    }
  },
  {
    "https://av-e-body.com/works/list/date/2010-12-13": {
      "href": [
        "https://av-e-body.com/works/detail/EBOD136",
        "https://av-e-body.com/works/detail/EBOD137",
        "https://av-e-body.com/works/detail/EBOD138"
      ],
      "count": 3
    }
  },
  {
    "https://av-e-body.com/works/list/date/2011-01-13": {
      "href": [
        "https://av-e-body.com/works/detail/EBOD141",
        "https://av-e-body.com/works/detail/EBOD140",
        "https://av-e-body.com/works/detail/MKCK013"
      ],
      "count": 3
    }
  },
  {
    "https://av-e-body.com/works/list/date/2011-02-13": {
      "href": [
        "https://av-e-body.com/works/detail/EBOD142",
        "https://av-e-body.com/works/detail/EBOD143",
        "https://av-e-body.com/works/detail/EBOD144",
        "https://av-e-body.com/works/detail/MKCK014"
      ],
      "count": 4
    }
  },
  {
    "https://av-e-body.com/works/list/date/2011-03-13": {
      "href": [
        "https://av-e-body.com/works/detail/EBOD149",
        "https://av-e-body.com/works/detail/EBOD146",
        "https://av-e-body.com/works/detail/EBOD147",
        "https://av-e-body.com/works/detail/EBOD148",
        "https://av-e-body.com/works/detail/MKCK016",
        "https://av-e-body.com/works/detail/MKCK015"
      ],
      "count": 6
    }
  },
  {
    "https://av-e-body.com/works/list/date/2011-04-13": {
      "href": [
        "https://av-e-body.com/works/detail/EBOD150",
        "https://av-e-body.com/works/detail/EBOD152",
        "https://av-e-body.com/works/detail/EBOD151",
        "https://av-e-body.com/works/detail/MKCK017"
      ],
      "count": 4
    }
  },
  {
    "https://av-e-body.com/works/list/date/2011-05-13": {
      "href": [
        "https://av-e-body.com/works/detail/EBOD154",
        "https://av-e-body.com/works/detail/EBOD153",
        "https://av-e-body.com/works/detail/MKCK018",
        "https://av-e-body.com/works/detail/MKCK019"
      ],
      "count": 4
    }
  },
  {
    "https://av-e-body.com/works/list/date/2011-06-13": {
      "href": [
        "https://av-e-body.com/works/detail/EBOD155",
        "https://av-e-body.com/works/detail/EBOD156",
        "https://av-e-body.com/works/detail/EBOD157",
        "https://av-e-body.com/works/detail/MKCK020",
        "https://av-e-body.com/works/detail/MKCK021"
      ],
      "count": 5
    }
  },
  {
    "https://av-e-body.com/works/list/date/2011-07-13": {
      "href": [
        "https://av-e-body.com/works/detail/EBOD158",
        "https://av-e-body.com/works/detail/EBOD160",
        "https://av-e-body.com/works/detail/EBOD159",
        "https://av-e-body.com/works/detail/MKCK023"
      ],
      "count": 4
    }
  },
  {
    "https://av-e-body.com/works/list/date/2011-07-22": {
      "href": [
        "https://av-e-body.com/works/detail/MKCK022"
      ],
      "count": 1
    }
  },
  {
    "https://av-e-body.com/works/list/date/2011-08-13": {
      "href": [
        "https://av-e-body.com/works/detail/EBOD164",
        "https://av-e-body.com/works/detail/EBOD163",
        "https://av-e-body.com/works/detail/EBOD161",
        "https://av-e-body.com/works/detail/MKCK024",
        "https://av-e-body.com/works/detail/MKCK025"
      ],
      "count": 5
    }
  },
  {
    "https://av-e-body.com/works/list/date/2011-09-13": {
      "href": [
        "https://av-e-body.com/works/detail/EBOD165",
        "https://av-e-body.com/works/detail/EBOD168",
        "https://av-e-body.com/works/detail/EBOD166",
        "https://av-e-body.com/works/detail/MKCK026",
        "https://av-e-body.com/works/detail/MKCK027"
      ],
      "count": 5
    }
  },
  {
    "https://av-e-body.com/works/list/date/2011-10-13": {
      "href": [
        "https://av-e-body.com/works/detail/EBOD169",
        "https://av-e-body.com/works/detail/MKCK028",
        "https://av-e-body.com/works/detail/EBOD170",
        "https://av-e-body.com/works/detail/EBOD172",
        "https://av-e-body.com/works/detail/EBOD171"
      ],
      "count": 5
    }
  },
  {
    "https://av-e-body.com/works/list/date/2011-11-13": {
      "href": [
        "https://av-e-body.com/works/detail/EBOD173",
        "https://av-e-body.com/works/detail/EBOD175",
        "https://av-e-body.com/works/detail/EBOD174",
        "https://av-e-body.com/works/detail/MKCK029",
        "https://av-e-body.com/works/detail/MKCK030"
      ],
      "count": 5
    }
  },
  {
    "https://av-e-body.com/works/list/date/2011-12-13": {
      "href": [
        "https://av-e-body.com/works/detail/EBOD183",
        "https://av-e-body.com/works/detail/EBOD178",
        "https://av-e-body.com/works/detail/EBOD182",
        "https://av-e-body.com/works/detail/EBOD179",
        "https://av-e-body.com/works/detail/EBOD181",
        "https://av-e-body.com/works/detail/EBOD180",
        "https://av-e-body.com/works/detail/MKCK032",
        "https://av-e-body.com/works/detail/MKCK031"
      ],
      "count": 8
    }
  },
  {
    "https://av-e-body.com/works/list/date/2012-01-13": {
      "href": [
        "https://av-e-body.com/works/detail/EBOD177",
        "https://av-e-body.com/works/detail/EBOD184",
        "https://av-e-body.com/works/detail/EBOD185",
        "https://av-e-body.com/works/detail/EBOD187",
        "https://av-e-body.com/works/detail/EBOD188",
        "https://av-e-body.com/works/detail/EBOD186",
        "https://av-e-body.com/works/detail/MKCK033",
        "https://av-e-body.com/works/detail/MKCK034"
      ],
      "count": 8
    }
  },
  {
    "https://av-e-body.com/works/list/date/2012-02-13": {
      "href": [
        "https://av-e-body.com/works/detail/EBOD189",
        "https://av-e-body.com/works/detail/EBOD194",
        "https://av-e-body.com/works/detail/EBOD192",
        "https://av-e-body.com/works/detail/MKCK035",
        "https://av-e-body.com/works/detail/EBOD191",
        "https://av-e-body.com/works/detail/EBOD190",
        "https://av-e-body.com/works/detail/EBOD193",
        "https://av-e-body.com/works/detail/EBOD195",
        "https://av-e-body.com/works/detail/MKCK037",
        "https://av-e-body.com/works/detail/MKCK036"
      ],
      "count": 10
    }
  },
  {
    "https://av-e-body.com/works/list/date/2012-03-13": {
      "href": [
        "https://av-e-body.com/works/detail/EBOD196",
        "https://av-e-body.com/works/detail/EBOD198",
        "https://av-e-body.com/works/detail/EBOD197",
        "https://av-e-body.com/works/detail/MKCK038"
      ],
      "count": 4
    }
  },
  {
    "https://av-e-body.com/works/list/date/2012-04-13": {
      "href": [
        "https://av-e-body.com/works/detail/EBOD200",
        "https://av-e-body.com/works/detail/EBOD199",
        "https://av-e-body.com/works/detail/MKCK040",
        "https://av-e-body.com/works/detail/MKCK039"
      ],
      "count": 4
    }
  },
  {
    "https://av-e-body.com/works/list/date/2012-05-13": {
      "href": [
        "https://av-e-body.com/works/detail/EBOD201",
        "https://av-e-body.com/works/detail/EBOD203",
        "https://av-e-body.com/works/detail/EBOD202",
        "https://av-e-body.com/works/detail/EBOD204",
        "https://av-e-body.com/works/detail/EBOD205",
        "https://av-e-body.com/works/detail/MKCK041",
        "https://av-e-body.com/works/detail/MKCK042"
      ],
      "count": 7
    }
  },
  {
    "https://av-e-body.com/works/list/date/2012-06-13": {
      "href": [
        "https://av-e-body.com/works/detail/EBOD206",
        "https://av-e-body.com/works/detail/EBOD208",
        "https://av-e-body.com/works/detail/EBOD207",
        "https://av-e-body.com/works/detail/EBOD210",
        "https://av-e-body.com/works/detail/EBOD211",
        "https://av-e-body.com/works/detail/EBOD209",
        "https://av-e-body.com/works/detail/MKCK043",
        "https://av-e-body.com/works/detail/MKCK044"
      ],
      "count": 8
    }
  },
  {
    "https://av-e-body.com/works/list/date/2012-07-13": {
      "href": [
        "https://av-e-body.com/works/detail/EBOD212",
        "https://av-e-body.com/works/detail/EBOD213",
        "https://av-e-body.com/works/detail/EBOD216",
        "https://av-e-body.com/works/detail/EBOD215",
        "https://av-e-body.com/works/detail/MKCK046"
      ],
      "count": 5
    }
  },
  {
    "https://av-e-body.com/works/list/date/2012-08-13": {
      "href": [
        "https://av-e-body.com/works/detail/EBOD218",
        "https://av-e-body.com/works/detail/EBOD224",
        "https://av-e-body.com/works/detail/EBOD222",
        "https://av-e-body.com/works/detail/EBOD219",
        "https://av-e-body.com/works/detail/EBOD221",
        "https://av-e-body.com/works/detail/EBOD223",
        "https://av-e-body.com/works/detail/EBOD220",
        "https://av-e-body.com/works/detail/MKCK047",
        "https://av-e-body.com/works/detail/MKCK048"
      ],
      "count": 9
    }
  },
  {
    "https://av-e-body.com/works/list/date/2012-09-13": {
      "href": [
        "https://av-e-body.com/works/detail/EBOD225",
        "https://av-e-body.com/works/detail/EBOD231",
        "https://av-e-body.com/works/detail/EBOD228",
        "https://av-e-body.com/works/detail/EBOD226",
        "https://av-e-body.com/works/detail/EBOD230",
        "https://av-e-body.com/works/detail/EBOD229",
        "https://av-e-body.com/works/detail/MKCK049",
        "https://av-e-body.com/works/detail/MKCK050"
      ],
      "count": 8
    }
  },
  {
    "https://av-e-body.com/works/list/date/2012-10-13": {
      "href": [
        "https://av-e-body.com/works/detail/EBOD232",
        "https://av-e-body.com/works/detail/EBOD234",
        "https://av-e-body.com/works/detail/EBOD237",
        "https://av-e-body.com/works/detail/EBOD235",
        "https://av-e-body.com/works/detail/EBOD233",
        "https://av-e-body.com/works/detail/MKCK051"
      ],
      "count": 6
    }
  },
  {
    "https://av-e-body.com/works/list/date/2012-11-13": {
      "href": [
        "https://av-e-body.com/works/detail/EBOD238",
        "https://av-e-body.com/works/detail/EBOD239",
        "https://av-e-body.com/works/detail/EBOD240",
        "https://av-e-body.com/works/detail/EBOD241",
        "https://av-e-body.com/works/detail/EBOD242",
        "https://av-e-body.com/works/detail/MKCK053",
        "https://av-e-body.com/works/detail/MKCK054"
      ],
      "count": 7
    }
  },
  {
    "https://av-e-body.com/works/list/date/2012-12-13": {
      "href": [
        "https://av-e-body.com/works/detail/EBOD243",
        "https://av-e-body.com/works/detail/EBOD249",
        "https://av-e-body.com/works/detail/EBOD245",
        "https://av-e-body.com/works/detail/EBOD244",
        "https://av-e-body.com/works/detail/EBOD247",
        "https://av-e-body.com/works/detail/EBOD246",
        "https://av-e-body.com/works/detail/EBOD248",
        "https://av-e-body.com/works/detail/MKCK055",
        "https://av-e-body.com/works/detail/MKCK057",
        "https://av-e-body.com/works/detail/MKCK056"
      ],
      "count": 10
    }
  },
  {
    "https://av-e-body.com/works/list/date/2013-01-13": {
      "href": [
        "https://av-e-body.com/works/detail/EBOD256",
        "https://av-e-body.com/works/detail/EBOD250",
        "https://av-e-body.com/works/detail/EBOD253",
        "https://av-e-body.com/works/detail/EBOD252",
        "https://av-e-body.com/works/detail/EBOD254",
        "https://av-e-body.com/works/detail/EBOD255",
        "https://av-e-body.com/works/detail/EBOD251",
        "https://av-e-body.com/works/detail/MKCK058",
        "https://av-e-body.com/works/detail/MKCK059"
      ],
      "count": 9
    }
  },
  {
    "https://av-e-body.com/works/list/date/2013-02-13": {
      "href": [
        "https://av-e-body.com/works/detail/EBOD257",
        "https://av-e-body.com/works/detail/EBOD259",
        "https://av-e-body.com/works/detail/EBOD258",
        "https://av-e-body.com/works/detail/EBOD260",
        "https://av-e-body.com/works/detail/EBOD262",
        "https://av-e-body.com/works/detail/EBOD261",
        "https://av-e-body.com/works/detail/EBOD263",
        "https://av-e-body.com/works/detail/MKCK060",
        "https://av-e-body.com/works/detail/MKCK062",
        "https://av-e-body.com/works/detail/MKCK061"
      ],
      "count": 10
    }
  },
  {
    "https://av-e-body.com/works/list/date/2013-03-13": {
      "href": [
        "https://av-e-body.com/works/detail/EBOD264",
        "https://av-e-body.com/works/detail/EBOD265",
        "https://av-e-body.com/works/detail/EBOD266",
        "https://av-e-body.com/works/detail/EBOD267",
        "https://av-e-body.com/works/detail/EBOD268",
        "https://av-e-body.com/works/detail/MKCK064",
        "https://av-e-body.com/works/detail/MKCK063"
      ],
      "count": 7
    }
  },
  {
    "https://av-e-body.com/works/list/date/2013-04-13": {
      "href": [
        "https://av-e-body.com/works/detail/EBOD270",
        "https://av-e-body.com/works/detail/EBOD269",
        "https://av-e-body.com/works/detail/EBOD271",
        "https://av-e-body.com/works/detail/EBOD273",
        "https://av-e-body.com/works/detail/MKCK065",
        "https://av-e-body.com/works/detail/MKCK066"
      ],
      "count": 6
    }
  },
  {
    "https://av-e-body.com/works/list/date/2013-05-13": {
      "href": [
        "https://av-e-body.com/works/detail/EBOD274",
        "https://av-e-body.com/works/detail/EBOD275",
        "https://av-e-body.com/works/detail/EBOD278",
        "https://av-e-body.com/works/detail/EBOD276",
        "https://av-e-body.com/works/detail/EBOD279",
        "https://av-e-body.com/works/detail/MKCK067",
        "https://av-e-body.com/works/detail/MKCK068"
      ],
      "count": 7
    }
  },
  {
    "https://av-e-body.com/works/list/date/2013-06-13": {
      "href": [
        "https://av-e-body.com/works/detail/EBOD280",
        "https://av-e-body.com/works/detail/EBOD284",
        "https://av-e-body.com/works/detail/EBOD283",
        "https://av-e-body.com/works/detail/EBOD285",
        "https://av-e-body.com/works/detail/EBOD282",
        "https://av-e-body.com/works/detail/EBOD281",
        "https://av-e-body.com/works/detail/MKCK069",
        "https://av-e-body.com/works/detail/MKCK070"
      ],
      "count": 8
    }
  },
  {
    "https://av-e-body.com/works/list/date/2013-07-13": {
      "href": [
        "https://av-e-body.com/works/detail/EBOD286",
        "https://av-e-body.com/works/detail/EBOD287",
        "https://av-e-body.com/works/detail/EBOD288",
        "https://av-e-body.com/works/detail/EBOD290",
        "https://av-e-body.com/works/detail/EBOD289",
        "https://av-e-body.com/works/detail/EBOD291",
        "https://av-e-body.com/works/detail/EBOD292",
        "https://av-e-body.com/works/detail/MKCK071"
      ],
      "count": 8
    }
  },
  {
    "https://av-e-body.com/works/list/date/2013-07-25": {
      "href": [
        "https://av-e-body.com/works/detail/MKCK072"
      ],
      "count": 1
    }
  },
  {
    "https://av-e-body.com/works/list/date/2013-08-13": {
      "href": [
        "https://av-e-body.com/works/detail/EBOD293",
        "https://av-e-body.com/works/detail/EBOD296",
        "https://av-e-body.com/works/detail/EBOD294",
        "https://av-e-body.com/works/detail/EBOD295",
        "https://av-e-body.com/works/detail/EBOD301",
        "https://av-e-body.com/works/detail/EBOD300",
        "https://av-e-body.com/works/detail/EBOD299",
        "https://av-e-body.com/works/detail/EBOD297",
        "https://av-e-body.com/works/detail/EBOD298",
        "https://av-e-body.com/works/detail/MKCK074",
        "https://av-e-body.com/works/detail/MKCK073"
      ],
      "count": 11
    }
  },
  {
    "https://av-e-body.com/works/list/date/2013-09-13": {
      "href": [
        "https://av-e-body.com/works/detail/EBOD302",
        "https://av-e-body.com/works/detail/EBOD303",
        "https://av-e-body.com/works/detail/EBOD304",
        "https://av-e-body.com/works/detail/EBOD305",
        "https://av-e-body.com/works/detail/EBOD308",
        "https://av-e-body.com/works/detail/EBOD306",
        "https://av-e-body.com/works/detail/EBOD310",
        "https://av-e-body.com/works/detail/EBOD307",
        "https://av-e-body.com/works/detail/MKCK075",
        "https://av-e-body.com/works/detail/MKCK076"
      ],
      "count": 10
    }
  },
  {
    "https://av-e-body.com/works/list/date/2013-10-13": {
      "href": [
        "https://av-e-body.com/works/detail/EBOD311",
        "https://av-e-body.com/works/detail/EBOD312",
        "https://av-e-body.com/works/detail/EBOD313",
        "https://av-e-body.com/works/detail/EBOD316",
        "https://av-e-body.com/works/detail/EBOD317",
        "https://av-e-body.com/works/detail/EBOD315",
        "https://av-e-body.com/works/detail/EBOD314",
        "https://av-e-body.com/works/detail/MKCK077",
        "https://av-e-body.com/works/detail/MKCK078"
      ],
      "count": 9
    }
  },
  {
    "https://av-e-body.com/works/list/date/2013-11-13": {
      "href": [
        "https://av-e-body.com/works/detail/EBOD319",
        "https://av-e-body.com/works/detail/EBOD320",
        "https://av-e-body.com/works/detail/EBOD321",
        "https://av-e-body.com/works/detail/EBOD322",
        "https://av-e-body.com/works/detail/EBOD325",
        "https://av-e-body.com/works/detail/EBOD323",
        "https://av-e-body.com/works/detail/EBOD326",
        "https://av-e-body.com/works/detail/EBOD324",
        "https://av-e-body.com/works/detail/EBOD327",
        "https://av-e-body.com/works/detail/MKCK079",
        "https://av-e-body.com/works/detail/MKCK080"
      ],
      "count": 11
    }
  },
  {
    "https://av-e-body.com/works/list/date/2013-12-13": {
      "href": [
        "https://av-e-body.com/works/detail/EBOD328",
        "https://av-e-body.com/works/detail/EBOD329",
        "https://av-e-body.com/works/detail/EBOD330",
        "https://av-e-body.com/works/detail/EBOD331",
        "https://av-e-body.com/works/detail/EBOD336",
        "https://av-e-body.com/works/detail/EBOD334",
        "https://av-e-body.com/works/detail/EBOD335",
        "https://av-e-body.com/works/detail/EBOD333",
        "https://av-e-body.com/works/detail/EBOD332",
        "https://av-e-body.com/works/detail/MKCK081",
        "https://av-e-body.com/works/detail/MKCK082",
        "https://av-e-body.com/works/detail/MKCK083"
      ],
      "count": 12
    }
  },
  {
    "https://av-e-body.com/works/list/date/2014-01-13": {
      "href": [
        "https://av-e-body.com/works/detail/EBOD337",
        "https://av-e-body.com/works/detail/EBOD338",
        "https://av-e-body.com/works/detail/EBOD339",
        "https://av-e-body.com/works/detail/EBOD340",
        "https://av-e-body.com/works/detail/EBOD341",
        "https://av-e-body.com/works/detail/EBOD345",
        "https://av-e-body.com/works/detail/EBOD343",
        "https://av-e-body.com/works/detail/EBOD342",
        "https://av-e-body.com/works/detail/MKCK084",
        "https://av-e-body.com/works/detail/MKCK085",
        "https://av-e-body.com/works/detail/MKCK086"
      ],
      "count": 11
    }
  },
  {
    "https://av-e-body.com/works/list/date/2014-02-13": {
      "href": [
        "https://av-e-body.com/works/detail/EBOD346",
        "https://av-e-body.com/works/detail/EBOD347",
        "https://av-e-body.com/works/detail/EBOD348",
        "https://av-e-body.com/works/detail/EBOD353",
        "https://av-e-body.com/works/detail/EBOD354",
        "https://av-e-body.com/works/detail/EBOD351",
        "https://av-e-body.com/works/detail/EBOD350",
        "https://av-e-body.com/works/detail/EBOD352",
        "https://av-e-body.com/works/detail/EBOD349",
        "https://av-e-body.com/works/detail/MKCK087",
        "https://av-e-body.com/works/detail/MKCK088",
        "https://av-e-body.com/works/detail/MKCK089"
      ],
      "count": 12
    }
  },
  {
    "https://av-e-body.com/works/list/date/2014-03-13": {
      "href": [
        "https://av-e-body.com/works/detail/EBOD355",
        "https://av-e-body.com/works/detail/EBOD356",
        "https://av-e-body.com/works/detail/EBOD357",
        "https://av-e-body.com/works/detail/EBOD358",
        "https://av-e-body.com/works/detail/EBOD359",
        "https://av-e-body.com/works/detail/EBOD360",
        "https://av-e-body.com/works/detail/MKCK090",
        "https://av-e-body.com/works/detail/MKCK091"
      ],
      "count": 8
    }
  },
  {
    "https://av-e-body.com/works/list/date/2014-04-13": {
      "href": [
        "https://av-e-body.com/works/detail/EBOD362",
        "https://av-e-body.com/works/detail/EBOD361",
        "https://av-e-body.com/works/detail/EBOD363",
        "https://av-e-body.com/works/detail/MKCK092",
        "https://av-e-body.com/works/detail/EBOD365",
        "https://av-e-body.com/works/detail/EBOD364",
        "https://av-e-body.com/works/detail/MKCK093"
      ],
      "count": 7
    }
  },
  {
    "https://av-e-body.com/works/list/date/2014-05-13": {
      "href": [
        "https://av-e-body.com/works/detail/EBOD366",
        "https://av-e-body.com/works/detail/EBOD368",
        "https://av-e-body.com/works/detail/EBOD369",
        "https://av-e-body.com/works/detail/EBOD367",
        "https://av-e-body.com/works/detail/EBOD370",
        "https://av-e-body.com/works/detail/EBOD371",
        "https://av-e-body.com/works/detail/EBOD372",
        "https://av-e-body.com/works/detail/MKCK094",
        "https://av-e-body.com/works/detail/MKCK095"
      ],
      "count": 9
    }
  },
  {
    "https://av-e-body.com/works/list/date/2014-06-13": {
      "href": [
        "https://av-e-body.com/works/detail/EBOD373",
        "https://av-e-body.com/works/detail/EBOD374",
        "https://av-e-body.com/works/detail/EBOD375",
        "https://av-e-body.com/works/detail/EBOD377",
        "https://av-e-body.com/works/detail/EBOD378",
        "https://av-e-body.com/works/detail/EBOD376",
        "https://av-e-body.com/works/detail/MKCK096",
        "https://av-e-body.com/works/detail/MKCK097"
      ],
      "count": 8
    }
  },
  {
    "https://av-e-body.com/works/list/date/2014-07-01": {
      "href": [
        "https://av-e-body.com/works/detail/AVOP014"
      ],
      "count": 1
    }
  },
  {
    "https://av-e-body.com/works/list/date/2014-07-13": {
      "href": [
        "https://av-e-body.com/works/detail/EBOD379",
        "https://av-e-body.com/works/detail/EBOD380",
        "https://av-e-body.com/works/detail/EBOD382",
        "https://av-e-body.com/works/detail/EBOD381",
        "https://av-e-body.com/works/detail/EBOD387",
        "https://av-e-body.com/works/detail/EBOD384",
        "https://av-e-body.com/works/detail/EBOD385",
        "https://av-e-body.com/works/detail/MKCK098",
        "https://av-e-body.com/works/detail/MKCK099",
        "https://av-e-body.com/works/detail/MKCK100"
      ],
      "count": 10
    }
  },
  {
    "https://av-e-body.com/works/list/date/2014-08-13": {
      "href": [
        "https://av-e-body.com/works/detail/EBOD389",
        "https://av-e-body.com/works/detail/EBOD383",
        "https://av-e-body.com/works/detail/EBOD388",
        "https://av-e-body.com/works/detail/EBOD390",
        "https://av-e-body.com/works/detail/EBOD392",
        "https://av-e-body.com/works/detail/EBOD391",
        "https://av-e-body.com/works/detail/EBOD394",
        "https://av-e-body.com/works/detail/EBOD393",
        "https://av-e-body.com/works/detail/MKCK103",
        "https://av-e-body.com/works/detail/MKCK101",
        "https://av-e-body.com/works/detail/MKCK102"
      ],
      "count": 11
    }
  },
  {
    "https://av-e-body.com/works/list/date/2014-09-13": {
      "href": [
        "https://av-e-body.com/works/detail/EBOD395",
        "https://av-e-body.com/works/detail/EBOD396",
        "https://av-e-body.com/works/detail/EBOD397",
        "https://av-e-body.com/works/detail/EBOD400",
        "https://av-e-body.com/works/detail/EBOD398",
        "https://av-e-body.com/works/detail/EBOD399",
        "https://av-e-body.com/works/detail/EBOD401",
        "https://av-e-body.com/works/detail/MKCK106",
        "https://av-e-body.com/works/detail/MKCK104",
        "https://av-e-body.com/works/detail/MKCK105"
      ],
      "count": 10
    }
  },
  {
    "https://av-e-body.com/works/list/date/2014-10-13": {
      "href": [
        "https://av-e-body.com/works/detail/EBOD402",
        "https://av-e-body.com/works/detail/EBOD403",
        "https://av-e-body.com/works/detail/EBOD404",
        "https://av-e-body.com/works/detail/EBOD405",
        "https://av-e-body.com/works/detail/EBOD406",
        "https://av-e-body.com/works/detail/EBOD407",
        "https://av-e-body.com/works/detail/EBOD408",
        "https://av-e-body.com/works/detail/MKCK107",
        "https://av-e-body.com/works/detail/MKCK108",
        "https://av-e-body.com/works/detail/MKCK109"
      ],
      "count": 10
    }
  },
  {
    "https://av-e-body.com/works/list/date/2014-11-13": {
      "href": [
        "https://av-e-body.com/works/detail/EBOD409",
        "https://av-e-body.com/works/detail/EBOD410",
        "https://av-e-body.com/works/detail/EBOD416",
        "https://av-e-body.com/works/detail/EBOD411",
        "https://av-e-body.com/works/detail/EBOD414",
        "https://av-e-body.com/works/detail/EBOD413",
        "https://av-e-body.com/works/detail/MKCK111",
        "https://av-e-body.com/works/detail/MKCK110",
        "https://av-e-body.com/works/detail/MKCK112"
      ],
      "count": 9
    }
  },
  {
    "https://av-e-body.com/works/list/date/2014-12-13": {
      "href": [
        "https://av-e-body.com/works/detail/EYAN001",
        "https://av-e-body.com/works/detail/EYAN002",
        "https://av-e-body.com/works/detail/EBOD417",
        "https://av-e-body.com/works/detail/EYAN003",
        "https://av-e-body.com/works/detail/EBOD418",
        "https://av-e-body.com/works/detail/EBOD419",
        "https://av-e-body.com/works/detail/EYAN004",
        "https://av-e-body.com/works/detail/EBOD420",
        "https://av-e-body.com/works/detail/EBOD421",
        "https://av-e-body.com/works/detail/MKCK114",
        "https://av-e-body.com/works/detail/MKCK113",
        "https://av-e-body.com/works/detail/MKCK115"
      ],
      "count": 12
    }
  },
  {
    "https://av-e-body.com/works/list/date/2015-01-13": {
      "href": [
        "https://av-e-body.com/works/detail/EBOD424",
        "https://av-e-body.com/works/detail/EBOD422",
        "https://av-e-body.com/works/detail/EYAN005",
        "https://av-e-body.com/works/detail/EBOD423",
        "https://av-e-body.com/works/detail/EYAN007",
        "https://av-e-body.com/works/detail/EBOD425",
        "https://av-e-body.com/works/detail/EYAN008",
        "https://av-e-body.com/works/detail/MKCK118",
        "https://av-e-body.com/works/detail/MKCK116",
        "https://av-e-body.com/works/detail/MKCK117"
      ],
      "count": 10
    }
  },
  {
    "https://av-e-body.com/works/list/date/2015-02-13": {
      "href": [
        "https://av-e-body.com/works/detail/EBOD429",
        "https://av-e-body.com/works/detail/EBOD428",
        "https://av-e-body.com/works/detail/EYAN010",
        "https://av-e-body.com/works/detail/EYAN011",
        "https://av-e-body.com/works/detail/EBOD427",
        "https://av-e-body.com/works/detail/EYAN009",
        "https://av-e-body.com/works/detail/EBOD430",
        "https://av-e-body.com/works/detail/MKCK119",
        "https://av-e-body.com/works/detail/MKCK121",
        "https://av-e-body.com/works/detail/MKCK120"
      ],
      "count": 10
    }
  },
  {
    "https://av-e-body.com/works/list/date/2015-03-13": {
      "href": [
        "https://av-e-body.com/works/detail/EBOD431",
        "https://av-e-body.com/works/detail/EBOD433",
        "https://av-e-body.com/works/detail/EBOD434",
        "https://av-e-body.com/works/detail/EYAN014",
        "https://av-e-body.com/works/detail/EYAN012",
        "https://av-e-body.com/works/detail/EBOD436",
        "https://av-e-body.com/works/detail/EBOD435",
        "https://av-e-body.com/works/detail/EYAN013",
        "https://av-e-body.com/works/detail/MKCK122",
        "https://av-e-body.com/works/detail/MKCK123",
        "https://av-e-body.com/works/detail/MKCK124"
      ],
      "count": 11
    }
  },
  {
    "https://av-e-body.com/works/list/date/2015-04-13": {
      "href": [
        "https://av-e-body.com/works/detail/EYAN015",
        "https://av-e-body.com/works/detail/EBOD438",
        "https://av-e-body.com/works/detail/EBOD439",
        "https://av-e-body.com/works/detail/EYAN018",
        "https://av-e-body.com/works/detail/EBOD440",
        "https://av-e-body.com/works/detail/EBOD441",
        "https://av-e-body.com/works/detail/EYAN016",
        "https://av-e-body.com/works/detail/MKCK125",
        "https://av-e-body.com/works/detail/MKCK126",
        "https://av-e-body.com/works/detail/MKCK127"
      ],
      "count": 10
    }
  },
  {
    "https://av-e-body.com/works/list/date/2015-05-13": {
      "href": [
        "https://av-e-body.com/works/detail/EBOD442",
        "https://av-e-body.com/works/detail/EBOD444",
        "https://av-e-body.com/works/detail/EYAN020",
        "https://av-e-body.com/works/detail/EBOD446",
        "https://av-e-body.com/works/detail/EYAN019",
        "https://av-e-body.com/works/detail/EBOD447",
        "https://av-e-body.com/works/detail/EBOD445",
        "https://av-e-body.com/works/detail/MKCK128",
        "https://av-e-body.com/works/detail/MKCK130",
        "https://av-e-body.com/works/detail/MKCK129"
      ],
      "count": 10
    }
  },
  {
    "https://av-e-body.com/works/list/date/2015-06-13": {
      "href": [
        "https://av-e-body.com/works/detail/EBOD448",
        "https://av-e-body.com/works/detail/EBOD449",
        "https://av-e-body.com/works/detail/EBOD450",
        "https://av-e-body.com/works/detail/EYAN024",
        "https://av-e-body.com/works/detail/EYAN022",
        "https://av-e-body.com/works/detail/EYAN023",
        "https://av-e-body.com/works/detail/EBOD451",
        "https://av-e-body.com/works/detail/EBOD452",
        "https://av-e-body.com/works/detail/MKCK131",
        "https://av-e-body.com/works/detail/MKCK132",
        "https://av-e-body.com/works/detail/MKCK133"
      ],
      "count": 11
    }
  },
  {
    "https://av-e-body.com/works/list/date/2015-07-13": {
      "href": [
        "https://av-e-body.com/works/detail/EBOD453",
        "https://av-e-body.com/works/detail/EBOD456",
        "https://av-e-body.com/works/detail/EBOD457",
        "https://av-e-body.com/works/detail/EBOD454",
        "https://av-e-body.com/works/detail/EBOD458",
        "https://av-e-body.com/works/detail/EYAN026",
        "https://av-e-body.com/works/detail/EYAN025",
        "https://av-e-body.com/works/detail/EBOD459",
        "https://av-e-body.com/works/detail/EBOD455",
        "https://av-e-body.com/works/detail/MKCK134",
        "https://av-e-body.com/works/detail/MKCK135",
        "https://av-e-body.com/works/detail/MKCK136"
      ],
      "count": 12
    }
  },
  {
    "https://av-e-body.com/works/list/date/2015-08-13": {
      "href": [
        "https://av-e-body.com/works/detail/EYAN030",
        "https://av-e-body.com/works/detail/EBOD463",
        "https://av-e-body.com/works/detail/EBOD461",
        "https://av-e-body.com/works/detail/EBOD460",
        "https://av-e-body.com/works/detail/EBOD462",
        "https://av-e-body.com/works/detail/EYAN027",
        "https://av-e-body.com/works/detail/EBOD464",
        "https://av-e-body.com/works/detail/EYAN028",
        "https://av-e-body.com/works/detail/EYAN029",
        "https://av-e-body.com/works/detail/MKCK139",
        "https://av-e-body.com/works/detail/MKCK138"
      ],
      "count": 11
    }
  },
  {
    "https://av-e-body.com/works/list/date/2015-09-01": {
      "href": [
        "https://av-e-body.com/works/detail/AVOP125"
      ],
      "count": 1
    }
  },
  {
    "https://av-e-body.com/works/list/date/2015-09-13": {
      "href": [
        "https://av-e-body.com/works/detail/EYAN033",
        "https://av-e-body.com/works/detail/EBOD465",
        "https://av-e-body.com/works/detail/EBOD467",
        "https://av-e-body.com/works/detail/EBOD466",
        "https://av-e-body.com/works/detail/EYAN031",
        "https://av-e-body.com/works/detail/EBOD468",
        "https://av-e-body.com/works/detail/EYAN032",
        "https://av-e-body.com/works/detail/EBOD469",
        "https://av-e-body.com/works/detail/MKCK140",
        "https://av-e-body.com/works/detail/MKCK141",
        "https://av-e-body.com/works/detail/MKCK142"
      ],
      "count": 11
    }
  },
  {
    "https://av-e-body.com/works/list/date/2015-10-13": {
      "href": [
        "https://av-e-body.com/works/detail/EBOD471",
        "https://av-e-body.com/works/detail/EYAN037",
        "https://av-e-body.com/works/detail/EYAN036",
        "https://av-e-body.com/works/detail/EBOD470",
        "https://av-e-body.com/works/detail/EYAN035",
        "https://av-e-body.com/works/detail/EBOD472",
        "https://av-e-body.com/works/detail/EYAN034",
        "https://av-e-body.com/works/detail/EYAN038",
        "https://av-e-body.com/works/detail/MKCK146",
        "https://av-e-body.com/works/detail/MKCK143",
        "https://av-e-body.com/works/detail/MKCK144",
        "https://av-e-body.com/works/detail/MKCK145"
      ],
      "count": 12
    }
  },
  {
    "https://av-e-body.com/works/list/date/2015-11-13": {
      "href": [
        "https://av-e-body.com/works/detail/EYAN039",
        "https://av-e-body.com/works/detail/EBOD476",
        "https://av-e-body.com/works/detail/EYAN040",
        "https://av-e-body.com/works/detail/EBOD473",
        "https://av-e-body.com/works/detail/EBOD474",
        "https://av-e-body.com/works/detail/EBOD475",
        "https://av-e-body.com/works/detail/EBOD477",
        "https://av-e-body.com/works/detail/EYAN041",
        "https://av-e-body.com/works/detail/MKCK147",
        "https://av-e-body.com/works/detail/MKCK148",
        "https://av-e-body.com/works/detail/MKCK149"
      ],
      "count": 11
    }
  },
  {
    "https://av-e-body.com/works/list/date/2015-12-08": {
      "href": [
        "https://av-e-body.com/works/detail/EYAN043"
      ],
      "count": 1
    }
  },
  {
    "https://av-e-body.com/works/list/date/2015-12-13": {
      "href": [
        "https://av-e-body.com/works/detail/EBOD481",
        "https://av-e-body.com/works/detail/EYAN046",
        "https://av-e-body.com/works/detail/EBOD480",
        "https://av-e-body.com/works/detail/EYAN045",
        "https://av-e-body.com/works/detail/EBOD478",
        "https://av-e-body.com/works/detail/EYAN047",
        "https://av-e-body.com/works/detail/EYAN044",
        "https://av-e-body.com/works/detail/EBOD479",
        "https://av-e-body.com/works/detail/EBOD482",
        "https://av-e-body.com/works/detail/EBOD483",
        "https://av-e-body.com/works/detail/MKCK150",
        "https://av-e-body.com/works/detail/MKCK151",
        "https://av-e-body.com/works/detail/MKCK152"
      ],
      "count": 13
    }
  },
  {
    "https://av-e-body.com/works/list/date/2016-01-13": {
      "href": [
        "https://av-e-body.com/works/detail/EYAN048",
        "https://av-e-body.com/works/detail/EYAN049",
        "https://av-e-body.com/works/detail/EBOD488",
        "https://av-e-body.com/works/detail/EYAN052",
        "https://av-e-body.com/works/detail/EBOD485",
        "https://av-e-body.com/works/detail/EBOD486",
        "https://av-e-body.com/works/detail/EYAN051",
        "https://av-e-body.com/works/detail/EBOD484",
        "https://av-e-body.com/works/detail/EBOD487",
        "https://av-e-body.com/works/detail/EBOD489",
        "https://av-e-body.com/works/detail/MKCK155",
        "https://av-e-body.com/works/detail/MKCK153",
        "https://av-e-body.com/works/detail/MKCK154"
      ],
      "count": 13
    }
  },
  {
    "https://av-e-body.com/works/list/date/2016-02-13": {
      "href": [
        "https://av-e-body.com/works/detail/EYAN053",
        "https://av-e-body.com/works/detail/EBOD494",
        "https://av-e-body.com/works/detail/EYAN055",
        "https://av-e-body.com/works/detail/EBOD492",
        "https://av-e-body.com/works/detail/EBOD491",
        "https://av-e-body.com/works/detail/EYAN054",
        "https://av-e-body.com/works/detail/EBOD490",
        "https://av-e-body.com/works/detail/EBOD493",
        "https://av-e-body.com/works/detail/EBOD496",
        "https://av-e-body.com/works/detail/EBOD497",
        "https://av-e-body.com/works/detail/EBOD495",
        "https://av-e-body.com/works/detail/MKCK158",
        "https://av-e-body.com/works/detail/MKCK157"
      ],
      "count": 13
    }
  },
  {
    "https://av-e-body.com/works/list/date/2016-03-13": {
      "href": [
        "https://av-e-body.com/works/detail/EYAN057",
        "https://av-e-body.com/works/detail/EYAN058",
        "https://av-e-body.com/works/detail/EBOD502",
        "https://av-e-body.com/works/detail/EBOD500",
        "https://av-e-body.com/works/detail/EBOD499",
        "https://av-e-body.com/works/detail/EBOD498",
        "https://av-e-body.com/works/detail/EBOD501",
        "https://av-e-body.com/works/detail/EYAN059",
        "https://av-e-body.com/works/detail/EYAN056",
        "https://av-e-body.com/works/detail/MKCK159",
        "https://av-e-body.com/works/detail/MKCK160",
        "https://av-e-body.com/works/detail/MKCK161"
      ],
      "count": 12
    }
  },
  {
    "https://av-e-body.com/works/list/date/2016-04-13": {
      "href": [
        "https://av-e-body.com/works/detail/EBOD505",
        "https://av-e-body.com/works/detail/EYAN060",
        "https://av-e-body.com/works/detail/EBOD506",
        "https://av-e-body.com/works/detail/EBOD508",
        "https://av-e-body.com/works/detail/EBOD503",
        "https://av-e-body.com/works/detail/EYAN061",
        "https://av-e-body.com/works/detail/EBOD504",
        "https://av-e-body.com/works/detail/EBOD509",
        "https://av-e-body.com/works/detail/EBOD507",
        "https://av-e-body.com/works/detail/MKCK162",
        "https://av-e-body.com/works/detail/MKCK163",
        "https://av-e-body.com/works/detail/MKCK164"
      ],
      "count": 12
    }
  },
  {
    "https://av-e-body.com/works/list/date/2016-05-13": {
      "href": [
        "https://av-e-body.com/works/detail/EBOD516",
        "https://av-e-body.com/works/detail/EBOD511",
        "https://av-e-body.com/works/detail/EBOD515",
        "https://av-e-body.com/works/detail/EBOD514",
        "https://av-e-body.com/works/detail/EBOD513",
        "https://av-e-body.com/works/detail/EBOD510",
        "https://av-e-body.com/works/detail/EYAN063",
        "https://av-e-body.com/works/detail/EYAN062",
        "https://av-e-body.com/works/detail/EBOD517",
        "https://av-e-body.com/works/detail/MKCK165",
        "https://av-e-body.com/works/detail/MKCK166"
      ],
      "count": 11
    }
  },
  {
    "https://av-e-body.com/works/list/date/2016-06-13": {
      "href": [
        "https://av-e-body.com/works/detail/EBOD522",
        "https://av-e-body.com/works/detail/EBOD519",
        "https://av-e-body.com/works/detail/EBOD520",
        "https://av-e-body.com/works/detail/EYAN064",
        "https://av-e-body.com/works/detail/EBOD518",
        "https://av-e-body.com/works/detail/EBOD521",
        "https://av-e-body.com/works/detail/EBOD523",
        "https://av-e-body.com/works/detail/EYAN066",
        "https://av-e-body.com/works/detail/MKCK168",
        "https://av-e-body.com/works/detail/MKCK169"
      ],
      "count": 10
    }
  },
  {
    "https://av-e-body.com/works/list/date/2016-07-13": {
      "href": [
        "https://av-e-body.com/works/detail/EBOD527",
        "https://av-e-body.com/works/detail/EBOD524",
        "https://av-e-body.com/works/detail/EBOD525",
        "https://av-e-body.com/works/detail/EYAN067",
        "https://av-e-body.com/works/detail/EYAN069",
        "https://av-e-body.com/works/detail/EYAN071",
        "https://av-e-body.com/works/detail/EYAN072",
        "https://av-e-body.com/works/detail/EBOD528",
        "https://av-e-body.com/works/detail/MKCK171",
        "https://av-e-body.com/works/detail/MKCK173",
        "https://av-e-body.com/works/detail/MKCK172"
      ],
      "count": 11
    }
  },
  {
    "https://av-e-body.com/works/list/date/2016-08-13": {
      "href": [
        "https://av-e-body.com/works/detail/EBOD534",
        "https://av-e-body.com/works/detail/EBOD533",
        "https://av-e-body.com/works/detail/EBOD531",
        "https://av-e-body.com/works/detail/EBOD530",
        "https://av-e-body.com/works/detail/EBOD532",
        "https://av-e-body.com/works/detail/EBOD535",
        "https://av-e-body.com/works/detail/EYAN074",
        "https://av-e-body.com/works/detail/MKCK174",
        "https://av-e-body.com/works/detail/MKCK176",
        "https://av-e-body.com/works/detail/MKCK175"
      ],
      "count": 10
    }
  },
  {
    "https://av-e-body.com/works/list/date/2016-09-01": {
      "href": [
        "https://av-e-body.com/works/detail/AVOP203"
      ],
      "count": 1
    }
  },
  {
    "https://av-e-body.com/works/list/date/2016-09-13": {
      "href": [
        "https://av-e-body.com/works/detail/EYAN078",
        "https://av-e-body.com/works/detail/EBOD539",
        "https://av-e-body.com/works/detail/EBOD542",
        "https://av-e-body.com/works/detail/EBOD538",
        "https://av-e-body.com/works/detail/EYAN077",
        "https://av-e-body.com/works/detail/EBOD537",
        "https://av-e-body.com/works/detail/EBOD536",
        "https://av-e-body.com/works/detail/EBOD540",
        "https://av-e-body.com/works/detail/EBOD541",
        "https://av-e-body.com/works/detail/MKCK177",
        "https://av-e-body.com/works/detail/MKCK178"
      ],
      "count": 11
    }
  },
  {
    "https://av-e-body.com/works/list/date/2016-10-13": {
      "href": [
        "https://av-e-body.com/works/detail/EYAN080",
        "https://av-e-body.com/works/detail/EBOD547",
        "https://av-e-body.com/works/detail/EBOD546",
        "https://av-e-body.com/works/detail/EYAN079",
        "https://av-e-body.com/works/detail/EBOD543",
        "https://av-e-body.com/works/detail/EBOD545",
        "https://av-e-body.com/works/detail/EBOD544",
        "https://av-e-body.com/works/detail/EBOD548",
        "https://av-e-body.com/works/detail/MKCK180",
        "https://av-e-body.com/works/detail/MKCK182"
      ],
      "count": 10
    }
  },
  {
    "https://av-e-body.com/works/list/date/2016-11-19": {
      "href": [
        "https://av-e-body.com/works/detail/EYAN081",
        "https://av-e-body.com/works/detail/EBOD553",
        "https://av-e-body.com/works/detail/EBOD552",
        "https://av-e-body.com/works/detail/EBOD551",
        "https://av-e-body.com/works/detail/EBOD550",
        "https://av-e-body.com/works/detail/EBOD549",
        "https://av-e-body.com/works/detail/MKCK184",
        "https://av-e-body.com/works/detail/MKCK185"
      ],
      "count": 8
    }
  },
  {
    "https://av-e-body.com/works/list/date/2016-12-08": {
      "href": [
        "https://av-e-body.com/works/detail/EBOD554"
      ],
      "count": 1
    }
  },
  {
    "https://av-e-body.com/works/list/date/2016-12-19": {
      "href": [
        "https://av-e-body.com/works/detail/EBOD558",
        "https://av-e-body.com/works/detail/EYAN083",
        "https://av-e-body.com/works/detail/EBOD556",
        "https://av-e-body.com/works/detail/EBOD555",
        "https://av-e-body.com/works/detail/EYAN082",
        "https://av-e-body.com/works/detail/EYAN084",
        "https://av-e-body.com/works/detail/EBOD557"
      ],
      "count": 7
    }
  },
  {
    "https://av-e-body.com/works/list/date/2017-01-25": {
      "href": [
        "https://av-e-body.com/works/detail/EBOD561",
        "https://av-e-body.com/works/detail/EBOD560",
        "https://av-e-body.com/works/detail/EYAN085",
        "https://av-e-body.com/works/detail/MKCK186"
      ],
      "count": 4
    }
  },
  {
    "https://av-e-body.com/works/list/date/2017-01-19": {
      "href": [
        "https://av-e-body.com/works/detail/EBOD564",
        "https://av-e-body.com/works/detail/EBOD563",
        "https://av-e-body.com/works/detail/EBOD562",
        "https://av-e-body.com/works/detail/EBOD559"
      ],
      "count": 4
    }
  },
  {
    "https://av-e-body.com/works/list/date/2017-02-25": {
      "href": [
        "https://av-e-body.com/works/detail/EBOD567",
        "https://av-e-body.com/works/detail/EBOD569",
        "https://av-e-body.com/works/detail/EBOD568",
        "https://av-e-body.com/works/detail/EBOD565",
        "https://av-e-body.com/works/detail/EBOD566",
        "https://av-e-body.com/works/detail/EYAN086",
        "https://av-e-body.com/works/detail/EBOD570",
        "https://av-e-body.com/works/detail/MKCK190"
      ],
      "count": 8
    }
  },
  {
    "https://av-e-body.com/works/list/date/2017-04-01": {
      "href": [
        "https://av-e-body.com/works/detail/EBOD573",
        "https://av-e-body.com/works/detail/EBOD574",
        "https://av-e-body.com/works/detail/EBOD572",
        "https://av-e-body.com/works/detail/EBOD571",
        "https://av-e-body.com/works/detail/EBOD575",
        "https://av-e-body.com/works/detail/EBOD576",
        "https://av-e-body.com/works/detail/EYAN087",
        "https://av-e-body.com/works/detail/MKCK189"
      ],
      "count": 8
    }
  },
  {
    "https://av-e-body.com/works/list/date/2017-05-01": {
      "href": [
        "https://av-e-body.com/works/detail/EBOD581",
        "https://av-e-body.com/works/detail/EBOD578",
        "https://av-e-body.com/works/detail/EBOD579",
        "https://av-e-body.com/works/detail/EBOD580",
        "https://av-e-body.com/works/detail/EBOD577",
        "https://av-e-body.com/works/detail/EBOD582",
        "https://av-e-body.com/works/detail/EBOD583",
        "https://av-e-body.com/works/detail/MKCK193"
      ],
      "count": 8
    }
  },
  {
    "https://av-e-body.com/works/list/date/2017-05-13": {
      "href": [
        "https://av-e-body.com/works/detail/MKCK188"
      ],
      "count": 1
    }
  },
  {
    "https://av-e-body.com/works/list/date/2017-06-01": {
      "href": [
        "https://av-e-body.com/works/detail/EYAN088",
        "https://av-e-body.com/works/detail/EBOD585",
        "https://av-e-body.com/works/detail/EBOD586",
        "https://av-e-body.com/works/detail/EBOD584",
        "https://av-e-body.com/works/detail/EBOD588",
        "https://av-e-body.com/works/detail/EBOD587",
        "https://av-e-body.com/works/detail/MKCK192"
      ],
      "count": 7
    }
  },
  {
    "https://av-e-body.com/works/list/date/2017-06-25": {
      "href": [
        "https://av-e-body.com/works/detail/EYAN091",
        "https://av-e-body.com/works/detail/EYAN090",
        "https://av-e-body.com/works/detail/EBOD589",
        "https://av-e-body.com/works/detail/EBOD590",
        "https://av-e-body.com/works/detail/EYAN092",
        "https://av-e-body.com/works/detail/EBOD591",
        "https://av-e-body.com/works/detail/EYAN093",
        "https://av-e-body.com/works/detail/MKCK197"
      ],
      "count": 8
    }
  },
  {
    "https://av-e-body.com/works/list/date/2017-08-01": {
      "href": [
        "https://av-e-body.com/works/detail/EBOD593",
        "https://av-e-body.com/works/detail/EBOD592",
        "https://av-e-body.com/works/detail/EYAN094",
        "https://av-e-body.com/works/detail/EBOD594",
        "https://av-e-body.com/works/detail/EYAN095"
      ],
      "count": 5
    }
  },
  {
    "https://av-e-body.com/works/list/date/2017-08-13": {
      "href": [
        "https://av-e-body.com/works/detail/EBVR001"
      ],
      "count": 1
    }
  },
  {
    "https://av-e-body.com/works/list/date/2017-08-19": {
      "href": [
        "https://av-e-body.com/works/detail/MKCK194"
      ],
      "count": 1
    }
  },
  {
    "https://av-e-body.com/works/list/date/2017-09-01": {
      "href": [
        "https://av-e-body.com/works/detail/AVOP305"
      ],
      "count": 1
    }
  },
  {
    "https://av-e-body.com/works/list/date/2017-09-13": {
      "href": [
        "https://av-e-body.com/works/detail/EBOD598",
        "https://av-e-body.com/works/detail/EBOD596",
        "https://av-e-body.com/works/detail/EBOD595",
        "https://av-e-body.com/works/detail/EYAN096",
        "https://av-e-body.com/works/detail/EBOD597",
        "https://av-e-body.com/works/detail/EBOD600",
        "https://av-e-body.com/works/detail/EBOD599",
        "https://av-e-body.com/works/detail/MKCK196"
      ],
      "count": 8
    }
  },
  {
    "https://av-e-body.com/works/list/date/2017-09-23": {
      "href": [
        "https://av-e-body.com/works/detail/EBVR002"
      ],
      "count": 1
    }
  },
  {
    "https://av-e-body.com/works/list/date/2017-10-07": {
      "href": [
        "https://av-e-body.com/works/detail/EBOD602",
        "https://av-e-body.com/works/detail/EYAN097",
        "https://av-e-body.com/works/detail/EBOD601"
      ],
      "count": 3
    }
  },
  {
    "https://av-e-body.com/works/list/date/2017-10-13": {
      "href": [
        "https://av-e-body.com/works/detail/MKCK198"
      ],
      "count": 1
    }
  },
  {
    "https://av-e-body.com/works/list/date/2017-11-01": {
      "href": [
        "https://av-e-body.com/works/detail/EYAN100",
        "https://av-e-body.com/works/detail/EBOD604"
      ],
      "count": 2
    }
  },
  {
    "https://av-e-body.com/works/list/date/2017-11-13": {
      "href": [
        "https://av-e-body.com/works/detail/MKCK199"
      ],
      "count": 1
    }
  },
  {
    "https://av-e-body.com/works/list/date/2017-11-25": {
      "href": [
        "https://av-e-body.com/works/detail/EBOD608",
        "https://av-e-body.com/works/detail/EBOD606",
        "https://av-e-body.com/works/detail/EYAN101",
        "https://av-e-body.com/works/detail/EYAN102"
      ],
      "count": 4
    }
  },
  {
    "https://av-e-body.com/works/list/date/2017-12-13": {
      "href": [
        "https://av-e-body.com/works/detail/MKCK200",
        "https://av-e-body.com/works/detail/MKCK201",
        "https://av-e-body.com/works/detail/MKCK202",
        "https://av-e-body.com/works/detail/MKCK191",
        "https://av-e-body.com/works/detail/MKCK195"
      ],
      "count": 5
    }
  },
  {
    "https://av-e-body.com/works/list/date/2017-12-25": {
      "href": [
        "https://av-e-body.com/works/detail/EBOD612",
        "https://av-e-body.com/works/detail/EYAN103",
        "https://av-e-body.com/works/detail/EBOD609",
        "https://av-e-body.com/works/detail/EYAN104",
        "https://av-e-body.com/works/detail/EBOD611",
        "https://av-e-body.com/works/detail/EBOD610",
        "https://av-e-body.com/works/detail/EBOD614",
        "https://av-e-body.com/works/detail/EYAN105",
        "https://av-e-body.com/works/detail/EBOD613"
      ],
      "count": 9
    }
  }
]