[
  {
    "https://av-opera.jp/works/list/date/2010-01-07": {
      "href": [
        "https://av-opera.jp/works/detail/OPBD027",
        "https://av-opera.jp/works/detail/OPBD028"
      ],
      "count": 2
    }
  },
  {
    "https://av-opera.jp/works/list/date/2010-01-25": {
      "href": [
        "https://av-opera.jp/works/detail/OPUD091"
      ],
      "count": 1
    }
  },
  {
    "https://av-opera.jp/works/list/date/2010-02-07": {
      "href": [
        "https://av-opera.jp/works/detail/OPUD092",
        "https://av-opera.jp/works/detail/OPBD029"
      ],
      "count": 2
    }
  },
  {
    "https://av-opera.jp/works/list/date/2010-03-07": {
      "href": [
        "https://av-opera.jp/works/detail/OPUD094",
        "https://av-opera.jp/works/detail/OPBD031"
      ],
      "count": 2
    }
  },
  {
    "https://av-opera.jp/works/list/date/2010-02-25": {
      "href": [
        "https://av-opera.jp/works/detail/OPUD093",
        "https://av-opera.jp/works/detail/OPBD030"
      ],
      "count": 2
    }
  },
  {
    "https://av-opera.jp/works/list/date/2010-03-25": {
      "href": [
        "https://av-opera.jp/works/detail/OPUD095",
        "https://av-opera.jp/works/detail/OPUD096"
      ],
      "count": 2
    }
  },
  {
    "https://av-opera.jp/works/list/date/2010-04-07": {
      "href": [
        "https://av-opera.jp/works/detail/OPUD097",
        "https://av-opera.jp/works/detail/OPBD032"
      ],
      "count": 2
    }
  },
  {
    "https://av-opera.jp/works/list/date/2010-04-25": {
      "href": [
        "https://av-opera.jp/works/detail/OPUD098",
        "https://av-opera.jp/works/detail/OPSD029"
      ],
      "count": 2
    }
  },
  {
    "https://av-opera.jp/works/list/date/2010-05-07": {
      "href": [
        "https://av-opera.jp/works/detail/OPUD099",
        "https://av-opera.jp/works/detail/OPBD033"
      ],
      "count": 2
    }
  },
  {
    "https://av-opera.jp/works/list/date/2010-06-07": {
      "href": [
        "https://av-opera.jp/works/detail/OPUD102",
        "https://av-opera.jp/works/detail/OPBD034"
      ],
      "count": 2
    }
  },
  {
    "https://av-opera.jp/works/list/date/2010-05-25": {
      "href": [
        "https://av-opera.jp/works/detail/OPUD100",
        "https://av-opera.jp/works/detail/OPUD101"
      ],
      "count": 2
    }
  },
  {
    "https://av-opera.jp/works/list/date/2010-06-25": {
      "href": [
        "https://av-opera.jp/works/detail/OPUD103",
        "https://av-opera.jp/works/detail/OPBD035"
      ],
      "count": 2
    }
  },
  {
    "https://av-opera.jp/works/list/date/2010-07-07": {
      "href": [
        "https://av-opera.jp/works/detail/OPUD104",
        "https://av-opera.jp/works/detail/OPBD036"
      ],
      "count": 2
    }
  },
  {
    "https://av-opera.jp/works/list/date/2010-07-25": {
      "href": [
        "https://av-opera.jp/works/detail/OPUD105",
        "https://av-opera.jp/works/detail/OPBD037"
      ],
      "count": 2
    }
  },
  {
    "https://av-opera.jp/works/list/date/2010-08-25": {
      "href": [
        "https://av-opera.jp/works/detail/OPUD106",
        "https://av-opera.jp/works/detail/OPUD107"
      ],
      "count": 2
    }
  },
  {
    "https://av-opera.jp/works/list/date/2010-09-07": {
      "href": [
        "https://av-opera.jp/works/detail/OPUD108",
        "https://av-opera.jp/works/detail/OPBD040"
      ],
      "count": 2
    }
  },
  {
    "https://av-opera.jp/works/list/date/2010-08-07": {
      "href": [
        "https://av-opera.jp/works/detail/OPBD038",
        "https://av-opera.jp/works/detail/OPBD039"
      ],
      "count": 2
    }
  },
  {
    "https://av-opera.jp/works/list/date/2010-09-25": {
      "href": [
        "https://av-opera.jp/works/detail/OPUD109",
        "https://av-opera.jp/works/detail/OPBD041"
      ],
      "count": 2
    }
  },
  {
    "https://av-opera.jp/works/list/date/2010-10-25": {
      "href": [
        "https://av-opera.jp/works/detail/OPUD111",
        "https://av-opera.jp/works/detail/OPBD043"
      ],
      "count": 2
    }
  },
  {
    "https://av-opera.jp/works/list/date/2010-10-07": {
      "href": [
        "https://av-opera.jp/works/detail/OPUD110",
        "https://av-opera.jp/works/detail/OPBD042"
      ],
      "count": 2
    }
  },
  {
    "https://av-opera.jp/works/list/date/2010-11-07": {
      "href": [
        "https://av-opera.jp/works/detail/OPBD044"
      ],
      "count": 1
    }
  },
  {
    "https://av-opera.jp/works/list/date/2010-11-25": {
      "href": [
        "https://av-opera.jp/works/detail/OPUD112",
        "https://av-opera.jp/works/detail/OPBD045"
      ],
      "count": 2
    }
  },
  {
    "https://av-opera.jp/works/list/date/2010-12-07": {
      "href": [
        "https://av-opera.jp/works/detail/OPBD046"
      ],
      "count": 1
    }
  },
  {
    "https://av-opera.jp/works/list/date/2010-12-25": {
      "href": [
        "https://av-opera.jp/works/detail/OPUD113"
      ],
      "count": 1
    }
  },
  {
    "https://av-opera.jp/works/list/date/2011-01-07": {
      "href": [
        "https://av-opera.jp/works/detail/OPUD114",
        "https://av-opera.jp/works/detail/OPBD048"
      ],
      "count": 2
    }
  },
  {
    "https://av-opera.jp/works/list/date/2011-02-07": {
      "href": [
        "https://av-opera.jp/works/detail/OPUD115",
        "https://av-opera.jp/works/detail/OPBD049"
      ],
      "count": 2
    }
  },
  {
    "https://av-opera.jp/works/list/date/2011-02-25": {
      "href": [
        "https://av-opera.jp/works/detail/OPUD116",
        "https://av-opera.jp/works/detail/OPBD050"
      ],
      "count": 2
    }
  },
  {
    "https://av-opera.jp/works/list/date/2011-03-25": {
      "href": [
        "https://av-opera.jp/works/detail/OPMD025",
        "https://av-opera.jp/works/detail/OPBD052"
      ],
      "count": 2
    }
  },
  {
    "https://av-opera.jp/works/list/date/2011-04-25": {
      "href": [
        "https://av-opera.jp/works/detail/OPUD118",
        "https://av-opera.jp/works/detail/OPMD026",
        "https://av-opera.jp/works/detail/OPBD053"
      ],
      "count": 3
    }
  },
  {
    "https://av-opera.jp/works/list/date/2011-05-25": {
      "href": [
        "https://av-opera.jp/works/detail/OPUD119",
        "https://av-opera.jp/works/detail/OPUD120",
        "https://av-opera.jp/works/detail/OPBD055"
      ],
      "count": 3
    }
  },
  {
    "https://av-opera.jp/works/list/date/2011-06-25": {
      "href": [
        "https://av-opera.jp/works/detail/OPUD121",
        "https://av-opera.jp/works/detail/OPBD056",
        "https://av-opera.jp/works/detail/OPBD057"
      ],
      "count": 3
    }
  },
  {
    "https://av-opera.jp/works/list/date/2011-07-22": {
      "href": [
        "https://av-opera.jp/works/detail/OPUD122"
      ],
      "count": 1
    }
  },
  {
    "https://av-opera.jp/works/list/date/2011-07-25": {
      "href": [
        "https://av-opera.jp/works/detail/OPBD059",
        "https://av-opera.jp/works/detail/OPBD058"
      ],
      "count": 2
    }
  },
  {
    "https://av-opera.jp/works/list/date/2011-08-25": {
      "href": [
        "https://av-opera.jp/works/detail/OPBD060"
      ],
      "count": 1
    }
  },
  {
    "https://av-opera.jp/works/list/date/2011-09-25": {
      "href": [
        "https://av-opera.jp/works/detail/OPUD123",
        "https://av-opera.jp/works/detail/OPBD061",
        "https://av-opera.jp/works/detail/OPBD062"
      ],
      "count": 3
    }
  },
  {
    "https://av-opera.jp/works/list/date/2011-10-25": {
      "href": [
        "https://av-opera.jp/works/detail/OPUD124",
        "https://av-opera.jp/works/detail/OPBD063",
        "https://av-opera.jp/works/detail/OPBD064",
        "https://av-opera.jp/works/detail/OPBD065"
      ],
      "count": 4
    }
  },
  {
    "https://av-opera.jp/works/list/date/2011-11-25": {
      "href": [
        "https://av-opera.jp/works/detail/OPSD030",
        "https://av-opera.jp/works/detail/OPBD067",
        "https://av-opera.jp/works/detail/OPBD066"
      ],
      "count": 3
    }
  },
  {
    "https://av-opera.jp/works/list/date/2011-12-25": {
      "href": [
        "https://av-opera.jp/works/detail/OPSD031"
      ],
      "count": 1
    }
  },
  {
    "https://av-opera.jp/works/list/date/2012-01-25": {
      "href": [
        "https://av-opera.jp/works/detail/OPUD125",
        "https://av-opera.jp/works/detail/OPSD032",
        "https://av-opera.jp/works/detail/OPBD069"
      ],
      "count": 3
    }
  },
  {
    "https://av-opera.jp/works/list/date/2012-02-25": {
      "href": [
        "https://av-opera.jp/works/detail/OPUD126",
        "https://av-opera.jp/works/detail/OPBD070",
        "https://av-opera.jp/works/detail/OPBD071"
      ],
      "count": 3
    }
  },
  {
    "https://av-opera.jp/works/list/date/2012-03-25": {
      "href": [
        "https://av-opera.jp/works/detail/OPUD127",
        "https://av-opera.jp/works/detail/OPBD072"
      ],
      "count": 2
    }
  },
  {
    "https://av-opera.jp/works/list/date/2012-04-25": {
      "href": [
        "https://av-opera.jp/works/detail/OPBD073"
      ],
      "count": 1
    }
  },
  {
    "https://av-opera.jp/works/list/date/2012-05-25": {
      "href": [
        "https://av-opera.jp/works/detail/OPBD074",
        "https://av-opera.jp/works/detail/OPBD075"
      ],
      "count": 2
    }
  },
  {
    "https://av-opera.jp/works/list/date/2012-06-25": {
      "href": [
        "https://av-opera.jp/works/detail/OPH001",
        "https://av-opera.jp/works/detail/OPBD076"
      ],
      "count": 2
    }
  },
  {
    "https://av-opera.jp/works/list/date/2012-07-13": {
      "href": [
        "https://av-opera.jp/works/detail/AAJB006"
      ],
      "count": 1
    }
  },
  {
    "https://av-opera.jp/works/list/date/2012-07-25": {
      "href": [
        "https://av-opera.jp/works/detail/OPUD131",
        "https://av-opera.jp/works/detail/OPBD077"
      ],
      "count": 2
    }
  },
  {
    "https://av-opera.jp/works/list/date/2012-08-25": {
      "href": [
        "https://av-opera.jp/works/detail/OPUD132",
        "https://av-opera.jp/works/detail/OPUD133",
        "https://av-opera.jp/works/detail/OPBD078",
        "https://av-opera.jp/works/detail/OPBD079"
      ],
      "count": 4
    }
  },
  {
    "https://av-opera.jp/works/list/date/2012-09-25": {
      "href": [
        "https://av-opera.jp/works/detail/OPUD135",
        "https://av-opera.jp/works/detail/OPBD080",
        "https://av-opera.jp/works/detail/OPBD081"
      ],
      "count": 3
    }
  },
  {
    "https://av-opera.jp/works/list/date/2012-10-25": {
      "href": [
        "https://av-opera.jp/works/detail/OPUD137",
        "https://av-opera.jp/works/detail/OPBD083",
        "https://av-opera.jp/works/detail/OPBD082"
      ],
      "count": 3
    }
  },
  {
    "https://av-opera.jp/works/list/date/2012-11-25": {
      "href": [
        "https://av-opera.jp/works/detail/OPUD138",
        "https://av-opera.jp/works/detail/OPUD139"
      ],
      "count": 2
    }
  },
  {
    "https://av-opera.jp/works/list/date/2012-12-25": {
      "href": [
        "https://av-opera.jp/works/detail/OPUD140",
        "https://av-opera.jp/works/detail/OPUD141",
        "https://av-opera.jp/works/detail/OPBD085"
      ],
      "count": 3
    }
  },
  {
    "https://av-opera.jp/works/list/date/2013-01-25": {
      "href": [
        "https://av-opera.jp/works/detail/OPSD033",
        "https://av-opera.jp/works/detail/OPBD086"
      ],
      "count": 2
    }
  },
  {
    "https://av-opera.jp/works/list/date/2013-02-25": {
      "href": [
        "https://av-opera.jp/works/detail/OPBD088",
        "https://av-opera.jp/works/detail/OPBD087"
      ],
      "count": 2
    }
  },
  {
    "https://av-opera.jp/works/list/date/2013-03-25": {
      "href": [
        "https://av-opera.jp/works/detail/OPBD089"
      ],
      "count": 1
    }
  },
  {
    "https://av-opera.jp/works/list/date/2013-04-25": {
      "href": [
        "https://av-opera.jp/works/detail/OPRD073",
        "https://av-opera.jp/works/detail/OPBD090"
      ],
      "count": 2
    }
  },
  {
    "https://av-opera.jp/works/list/date/2013-05-25": {
      "href": [
        "https://av-opera.jp/works/detail/OPRD074",
        "https://av-opera.jp/works/detail/OPBD091"
      ],
      "count": 2
    }
  },
  {
    "https://av-opera.jp/works/list/date/2013-06-25": {
      "href": [
        "https://av-opera.jp/works/detail/OPUD143",
        "https://av-opera.jp/works/detail/OPBD092"
      ],
      "count": 2
    }
  },
  {
    "https://av-opera.jp/works/list/date/2013-07-25": {
      "href": [
        "https://av-opera.jp/works/detail/OPUD144",
        "https://av-opera.jp/works/detail/OPRD076",
        "https://av-opera.jp/works/detail/OPBD093"
      ],
      "count": 3
    }
  },
  {
    "https://av-opera.jp/works/list/date/2013-08-25": {
      "href": [
        "https://av-opera.jp/works/detail/OPSD034"
      ],
      "count": 1
    }
  },
  {
    "https://av-opera.jp/works/list/date/2013-09-25": {
      "href": [
        "https://av-opera.jp/works/detail/OPUD148",
        "https://av-opera.jp/works/detail/OPUD147",
        "https://av-opera.jp/works/detail/OPBD094"
      ],
      "count": 3
    }
  },
  {
    "https://av-opera.jp/works/list/date/2013-10-25": {
      "href": [
        "https://av-opera.jp/works/detail/OPUD149",
        "https://av-opera.jp/works/detail/OPBD095"
      ],
      "count": 2
    }
  },
  {
    "https://av-opera.jp/works/list/date/2013-11-25": {
      "href": [
        "https://av-opera.jp/works/detail/OPUD153",
        "https://av-opera.jp/works/detail/OPUD151",
        "https://av-opera.jp/works/detail/OPBD096"
      ],
      "count": 3
    }
  },
  {
    "https://av-opera.jp/works/list/date/2013-12-25": {
      "href": [
        "https://av-opera.jp/works/detail/OPUD154",
        "https://av-opera.jp/works/detail/OPUD156",
        "https://av-opera.jp/works/detail/OPUD155",
        "https://av-opera.jp/works/detail/OPBD097"
      ],
      "count": 4
    }
  },
  {
    "https://av-opera.jp/works/list/date/2014-01-25": {
      "href": [
        "https://av-opera.jp/works/detail/OPUD158"
      ],
      "count": 1
    }
  },
  {
    "https://av-opera.jp/works/list/date/2014-02-25": {
      "href": [
        "https://av-opera.jp/works/detail/OPUD159",
        "https://av-opera.jp/works/detail/OPBD099",
        "https://av-opera.jp/works/detail/OPBD100"
      ],
      "count": 3
    }
  },
  {
    "https://av-opera.jp/works/list/date/2014-03-25": {
      "href": [
        "https://av-opera.jp/works/detail/OPUD160",
        "https://av-opera.jp/works/detail/OPUD161",
        "https://av-opera.jp/works/detail/OPSD035"
      ],
      "count": 3
    }
  },
  {
    "https://av-opera.jp/works/list/date/2014-05-25": {
      "href": [
        "https://av-opera.jp/works/detail/OPUD164",
        "https://av-opera.jp/works/detail/OPUD165",
        "https://av-opera.jp/works/detail/OPBD102"
      ],
      "count": 3
    }
  },
  {
    "https://av-opera.jp/works/list/date/2014-04-25": {
      "href": [
        "https://av-opera.jp/works/detail/OPUD163",
        "https://av-opera.jp/works/detail/OPUD162",
        "https://av-opera.jp/works/detail/OPBD101"
      ],
      "count": 3
    }
  },
  {
    "https://av-opera.jp/works/list/date/2014-06-25": {
      "href": [
        "https://av-opera.jp/works/detail/OPUD166",
        "https://av-opera.jp/works/detail/OPBD103"
      ],
      "count": 2
    }
  },
  {
    "https://av-opera.jp/works/list/date/2014-07-25": {
      "href": [
        "https://av-opera.jp/works/detail/OPUD170",
        "https://av-opera.jp/works/detail/OPUD169",
        "https://av-opera.jp/works/detail/OPBD104"
      ],
      "count": 3
    }
  },
  {
    "https://av-opera.jp/works/list/date/2014-08-25": {
      "href": [
        "https://av-opera.jp/works/detail/OPUD171"
      ],
      "count": 1
    }
  },
  {
    "https://av-opera.jp/works/list/date/2014-09-25": {
      "href": [
        "https://av-opera.jp/works/detail/OPUD174",
        "https://av-opera.jp/works/detail/OPUD175",
        "https://av-opera.jp/works/detail/OPBD106"
      ],
      "count": 3
    }
  },
  {
    "https://av-opera.jp/works/list/date/2014-10-25": {
      "href": [
        "https://av-opera.jp/works/detail/OPBD107"
      ],
      "count": 1
    }
  },
  {
    "https://av-opera.jp/works/list/date/2014-11-25": {
      "href": [
        "https://av-opera.jp/works/detail/OPUD176",
        "https://av-opera.jp/works/detail/OPUD180",
        "https://av-opera.jp/works/detail/OPUD179",
        "https://av-opera.jp/works/detail/OPUD178",
        "https://av-opera.jp/works/detail/OPBD108"
      ],
      "count": 5
    }
  },
  {
    "https://av-opera.jp/works/list/date/2014-12-25": {
      "href": [
        "https://av-opera.jp/works/detail/OPUD181",
        "https://av-opera.jp/works/detail/OPBD109"
      ],
      "count": 2
    }
  },
  {
    "https://av-opera.jp/works/list/date/2015-01-25": {
      "href": [
        "https://av-opera.jp/works/detail/OPUD183",
        "https://av-opera.jp/works/detail/OPUD184",
        "https://av-opera.jp/works/detail/OPBD110"
      ],
      "count": 3
    }
  },
  {
    "https://av-opera.jp/works/list/date/2015-02-25": {
      "href": [
        "https://av-opera.jp/works/detail/OPUD185",
        "https://av-opera.jp/works/detail/OPUD186",
        "https://av-opera.jp/works/detail/OPUD187"
      ],
      "count": 3
    }
  },
  {
    "https://av-opera.jp/works/list/date/2015-03-25": {
      "href": [
        "https://av-opera.jp/works/detail/OPUD188",
        "https://av-opera.jp/works/detail/OPUD189",
        "https://av-opera.jp/works/detail/OPUD190",
        "https://av-opera.jp/works/detail/OPBD112"
      ],
      "count": 4
    }
  },
  {
    "https://av-opera.jp/works/list/date/2015-04-25": {
      "href": [
        "https://av-opera.jp/works/detail/OPUD192",
        "https://av-opera.jp/works/detail/OPBD113",
        "https://av-opera.jp/works/detail/OPBD114"
      ],
      "count": 3
    }
  },
  {
    "https://av-opera.jp/works/list/date/2015-05-25": {
      "href": [
        "https://av-opera.jp/works/detail/OPUD194",
        "https://av-opera.jp/works/detail/OPUD193",
        "https://av-opera.jp/works/detail/OPBD115"
      ],
      "count": 3
    }
  },
  {
    "https://av-opera.jp/works/list/date/2015-06-25": {
      "href": [
        "https://av-opera.jp/works/detail/OPUD195",
        "https://av-opera.jp/works/detail/OPUD196",
        "https://av-opera.jp/works/detail/OPUD197",
        "https://av-opera.jp/works/detail/OPUD198",
        "https://av-opera.jp/works/detail/OPBD116"
      ],
      "count": 5
    }
  },
  {
    "https://av-opera.jp/works/list/date/2015-07-25": {
      "href": [
        "https://av-opera.jp/works/detail/OPUD200",
        "https://av-opera.jp/works/detail/OPUD199",
        "https://av-opera.jp/works/detail/OPUD201",
        "https://av-opera.jp/works/detail/OPBD117"
      ],
      "count": 4
    }
  },
  {
    "https://av-opera.jp/works/list/date/2015-08-25": {
      "href": [
        "https://av-opera.jp/works/detail/OPUD202",
        "https://av-opera.jp/works/detail/OPBD118"
      ],
      "count": 2
    }
  },
  {
    "https://av-opera.jp/works/list/date/2015-09-01": {
      "href": [
        "https://av-opera.jp/works/detail/AVOP135"
      ],
      "count": 1
    }
  },
  {
    "https://av-opera.jp/works/list/date/2015-09-25": {
      "href": [
        "https://av-opera.jp/works/detail/OPUD203",
        "https://av-opera.jp/works/detail/OPUD205",
        "https://av-opera.jp/works/detail/OPUD204",
        "https://av-opera.jp/works/detail/OPBD119"
      ],
      "count": 4
    }
  },
  {
    "https://av-opera.jp/works/list/date/2015-10-25": {
      "href": [
        "https://av-opera.jp/works/detail/OPUD207",
        "https://av-opera.jp/works/detail/OPUD206"
      ],
      "count": 2
    }
  },
  {
    "https://av-opera.jp/works/list/date/2015-11-25": {
      "href": [
        "https://av-opera.jp/works/detail/OPUD208",
        "https://av-opera.jp/works/detail/OPUD209",
        "https://av-opera.jp/works/detail/OPBD121"
      ],
      "count": 3
    }
  },
  {
    "https://av-opera.jp/works/list/date/2015-12-25": {
      "href": [
        "https://av-opera.jp/works/detail/OPUD210",
        "https://av-opera.jp/works/detail/OPUD211",
        "https://av-opera.jp/works/detail/OPBD122"
      ],
      "count": 3
    }
  },
  {
    "https://av-opera.jp/works/list/date/2016-01-25": {
      "href": [
        "https://av-opera.jp/works/detail/OPUD215",
        "https://av-opera.jp/works/detail/OPUD213",
        "https://av-opera.jp/works/detail/OPUD214",
        "https://av-opera.jp/works/detail/OPBD124"
      ],
      "count": 4
    }
  },
  {
    "https://av-opera.jp/works/list/date/2016-02-25": {
      "href": [
        "https://av-opera.jp/works/detail/OPUD216",
        "https://av-opera.jp/works/detail/OPUD218",
        "https://av-opera.jp/works/detail/OPUD217",
        "https://av-opera.jp/works/detail/OPBD125",
        "https://av-opera.jp/works/detail/OPBD126"
      ],
      "count": 5
    }
  },
  {
    "https://av-opera.jp/works/list/date/2016-03-25": {
      "href": [
        "https://av-opera.jp/works/detail/OPUD219",
        "https://av-opera.jp/works/detail/OPBD127",
        "https://av-opera.jp/works/detail/OPBD128"
      ],
      "count": 3
    }
  },
  {
    "https://av-opera.jp/works/list/date/2016-04-25": {
      "href": [
        "https://av-opera.jp/works/detail/OPUD220",
        "https://av-opera.jp/works/detail/OPBD129"
      ],
      "count": 2
    }
  },
  {
    "https://av-opera.jp/works/list/date/2016-05-25": {
      "href": [
        "https://av-opera.jp/works/detail/OPUD222",
        "https://av-opera.jp/works/detail/OPUD221",
        "https://av-opera.jp/works/detail/OPUD223",
        "https://av-opera.jp/works/detail/OPBD130"
      ],
      "count": 4
    }
  },
  {
    "https://av-opera.jp/works/list/date/2016-06-25": {
      "href": [
        "https://av-opera.jp/works/detail/OPUD225",
        "https://av-opera.jp/works/detail/OPUD226",
        "https://av-opera.jp/works/detail/OPBD131",
        "https://av-opera.jp/works/detail/OPBD132"
      ],
      "count": 4
    }
  },
  {
    "https://av-opera.jp/works/list/date/2016-07-25": {
      "href": [
        "https://av-opera.jp/works/detail/OPUD229",
        "https://av-opera.jp/works/detail/OPUD228",
        "https://av-opera.jp/works/detail/OPUD227",
        "https://av-opera.jp/works/detail/OPBD133"
      ],
      "count": 4
    }
  },
  {
    "https://av-opera.jp/works/list/date/2016-08-25": {
      "href": [
        "https://av-opera.jp/works/detail/OPUD231",
        "https://av-opera.jp/works/detail/OPUD230"
      ],
      "count": 2
    }
  },
  {
    "https://av-opera.jp/works/list/date/2016-09-25": {
      "href": [
        "https://av-opera.jp/works/detail/OPUD233",
        "https://av-opera.jp/works/detail/OPUD234",
        "https://av-opera.jp/works/detail/OPBD136",
        "https://av-opera.jp/works/detail/OPBD137"
      ],
      "count": 4
    }
  },
  {
    "https://av-opera.jp/works/list/date/2016-11-01": {
      "href": [
        "https://av-opera.jp/works/detail/OPUD236",
        "https://av-opera.jp/works/detail/OPUD235",
        "https://av-opera.jp/works/detail/OPBD138"
      ],
      "count": 3
    }
  },
  {
    "https://av-opera.jp/works/list/date/2016-10-25": {
      "href": [
        "https://av-opera.jp/works/detail/OPUD237"
      ],
      "count": 1
    }
  },
  {
    "https://av-opera.jp/works/list/date/2016-12-08": {
      "href": [
        "https://av-opera.jp/works/detail/OPUD238"
      ],
      "count": 1
    }
  },
  {
    "https://av-opera.jp/works/list/date/2016-11-25": {
      "href": [
        "https://av-opera.jp/works/detail/OPUD239"
      ],
      "count": 1
    }
  },
  {
    "https://av-opera.jp/works/list/date/2017-01-01": {
      "href": [
        "https://av-opera.jp/works/detail/OPUD241",
        "https://av-opera.jp/works/detail/OPUD242",
        "https://av-opera.jp/works/detail/OPUD243"
      ],
      "count": 3
    }
  },
  {
    "https://av-opera.jp/works/list/date/2017-02-07": {
      "href": [
        "https://av-opera.jp/works/detail/OPUD245",
        "https://av-opera.jp/works/detail/OPUD246",
        "https://av-opera.jp/works/detail/OPUD244"
      ],
      "count": 3
    }
  },
  {
    "https://av-opera.jp/works/list/date/2017-03-07": {
      "href": [
        "https://av-opera.jp/works/detail/OPUD247",
        "https://av-opera.jp/works/detail/OPUD248",
        "https://av-opera.jp/works/detail/OPUD249"
      ],
      "count": 3
    }
  },
  {
    "https://av-opera.jp/works/list/date/2017-04-13": {
      "href": [
        "https://av-opera.jp/works/detail/OPUD251",
        "https://av-opera.jp/works/detail/OPUD252",
        "https://av-opera.jp/works/detail/OPUD250"
      ],
      "count": 3
    }
  },
  {
    "https://av-opera.jp/works/list/date/2017-05-07": {
      "href": [
        "https://av-opera.jp/works/detail/OPUD253"
      ],
      "count": 1
    }
  },
  {
    "https://av-opera.jp/works/list/date/2017-05-13": {
      "href": [
        "https://av-opera.jp/works/detail/OPUD254",
        "https://av-opera.jp/works/detail/OPUD255"
      ],
      "count": 2
    }
  },
  {
    "https://av-opera.jp/works/list/date/2017-06-13": {
      "href": [
        "https://av-opera.jp/works/detail/OPUD257",
        "https://av-opera.jp/works/detail/OPUD258",
        "https://av-opera.jp/works/detail/OPUD256"
      ],
      "count": 3
    }
  },
  {
    "https://av-opera.jp/works/list/date/2017-07-01": {
      "href": [
        "https://av-opera.jp/works/detail/OPUD259"
      ],
      "count": 1
    }
  },
  {
    "https://av-opera.jp/works/list/date/2017-07-07": {
      "href": [
        "https://av-opera.jp/works/detail/OPUD260"
      ],
      "count": 1
    }
  },
  {
    "https://av-opera.jp/works/list/date/2017-08-13": {
      "href": [
        "https://av-opera.jp/works/detail/OPUD261",
        "https://av-opera.jp/works/detail/OPUD262"
      ],
      "count": 2
    }
  },
  {
    "https://av-opera.jp/works/list/date/2017-09-19": {
      "href": [
        "https://av-opera.jp/works/detail/OPUD263",
        "https://av-opera.jp/works/detail/OPUD264"
      ],
      "count": 2
    }
  },
  {
    "https://av-opera.jp/works/list/date/2017-10-03": {
      "href": [
        "https://av-opera.jp/works/detail/OPVR002",
        "https://av-opera.jp/works/detail/OPVR001"
      ],
      "count": 2
    }
  },
  {
    "https://av-opera.jp/works/list/date/2017-10-13": {
      "href": [
        "https://av-opera.jp/works/detail/OPUD265",
        "https://av-opera.jp/works/detail/OPUD266",
        "https://av-opera.jp/works/detail/OPUD267"
      ],
      "count": 3
    }
  },
  {
    "https://av-opera.jp/works/list/date/2017-10-25": {
      "href": [
        "https://av-opera.jp/works/detail/OPVR003"
      ],
      "count": 1
    }
  },
  {
    "https://av-opera.jp/works/list/date/2017-11-07": {
      "href": [
        "https://av-opera.jp/works/detail/OPUD268",
        "https://av-opera.jp/works/detail/OPUD269",
        "https://av-opera.jp/works/detail/OPUD270"
      ],
      "count": 3
    }
  },
  {
    "https://av-opera.jp/works/list/date/2017-11-25": {
      "href": [
        "https://av-opera.jp/works/detail/OPVR004"
      ],
      "count": 1
    }
  },
  {
    "https://av-opera.jp/works/list/date/2017-12-13": {
      "href": [
        "https://av-opera.jp/works/detail/OPUD272",
        "https://av-opera.jp/works/detail/OPUD273",
        "https://av-opera.jp/works/detail/OPUD274"
      ],
      "count": 3
    }
  },
  {
    "https://av-opera.jp/works/list/date/2017-12-25": {
      "href": [
        "https://av-opera.jp/works/detail/OPVR005"
      ],
      "count": 1
    }
  }
]