[
  {
    "https://befreebe.com/works/list/date/2010-01-07": {
      "href": [
        "https://befreebe.com/works/detail/BF066",
        "https://befreebe.com/works/detail/BF065",
        "https://befreebe.com/works/detail/BF063",
        "https://befreebe.com/works/detail/BF062"
      ],
      "count": 4
    }
  },
  {
    "https://befreebe.com/works/list/date/2010-02-07": {
      "href": [
        "https://befreebe.com/works/detail/BF069",
        "https://befreebe.com/works/detail/BF070",
        "https://befreebe.com/works/detail/BF071",
        "https://befreebe.com/works/detail/BF067",
        "https://befreebe.com/works/detail/BF068"
      ],
      "count": 5
    }
  },
  {
    "https://befreebe.com/works/list/date/2010-03-07": {
      "href": [
        "https://befreebe.com/works/detail/BF074",
        "https://befreebe.com/works/detail/BF075",
        "https://befreebe.com/works/detail/BF073",
        "https://befreebe.com/works/detail/BF072"
      ],
      "count": 4
    }
  },
  {
    "https://befreebe.com/works/list/date/2010-04-07": {
      "href": [
        "https://befreebe.com/works/detail/BF079",
        "https://befreebe.com/works/detail/BF078",
        "https://befreebe.com/works/detail/BF076",
        "https://befreebe.com/works/detail/BF077"
      ],
      "count": 4
    }
  },
  {
    "https://befreebe.com/works/list/date/2010-05-07": {
      "href": [
        "https://befreebe.com/works/detail/BF081",
        "https://befreebe.com/works/detail/BF082",
        "https://befreebe.com/works/detail/BF080"
      ],
      "count": 3
    }
  },
  {
    "https://befreebe.com/works/list/date/2010-06-07": {
      "href": [
        "https://befreebe.com/works/detail/BF086",
        "https://befreebe.com/works/detail/BF088",
        "https://befreebe.com/works/detail/BF087",
        "https://befreebe.com/works/detail/BF084"
      ],
      "count": 4
    }
  },
  {
    "https://befreebe.com/works/list/date/2010-07-07": {
      "href": [
        "https://befreebe.com/works/detail/BF091",
        "https://befreebe.com/works/detail/BF093",
        "https://befreebe.com/works/detail/BF090",
        "https://befreebe.com/works/detail/BF089"
      ],
      "count": 4
    }
  },
  {
    "https://befreebe.com/works/list/date/2010-08-07": {
      "href": [
        "https://befreebe.com/works/detail/BF097",
        "https://befreebe.com/works/detail/BF096",
        "https://befreebe.com/works/detail/BF094"
      ],
      "count": 3
    }
  },
  {
    "https://befreebe.com/works/list/date/2010-09-07": {
      "href": [
        "https://befreebe.com/works/detail/BF099",
        "https://befreebe.com/works/detail/BF101",
        "https://befreebe.com/works/detail/BF098"
      ],
      "count": 3
    }
  },
  {
    "https://befreebe.com/works/list/date/2010-10-07": {
      "href": [
        "https://befreebe.com/works/detail/BF102",
        "https://befreebe.com/works/detail/BF103",
        "https://befreebe.com/works/detail/BF105",
        "https://befreebe.com/works/detail/BF104"
      ],
      "count": 4
    }
  },
  {
    "https://befreebe.com/works/list/date/2010-11-07": {
      "href": [
        "https://befreebe.com/works/detail/BF108",
        "https://befreebe.com/works/detail/BF109",
        "https://befreebe.com/works/detail/BF110",
        "https://befreebe.com/works/detail/BF106",
        "https://befreebe.com/works/detail/BF107"
      ],
      "count": 5
    }
  },
  {
    "https://befreebe.com/works/list/date/2010-12-07": {
      "href": [
        "https://befreebe.com/works/detail/BF115",
        "https://befreebe.com/works/detail/BF114",
        "https://befreebe.com/works/detail/BF113",
        "https://befreebe.com/works/detail/BF111",
        "https://befreebe.com/works/detail/BF112"
      ],
      "count": 5
    }
  },
  {
    "https://befreebe.com/works/list/date/2011-01-07": {
      "href": [
        "https://befreebe.com/works/detail/BF118",
        "https://befreebe.com/works/detail/BF119",
        "https://befreebe.com/works/detail/BF116",
        "https://befreebe.com/works/detail/BF117"
      ],
      "count": 4
    }
  },
  {
    "https://befreebe.com/works/list/date/2011-02-07": {
      "href": [
        "https://befreebe.com/works/detail/BF123",
        "https://befreebe.com/works/detail/BF122",
        "https://befreebe.com/works/detail/BF124",
        "https://befreebe.com/works/detail/BF120",
        "https://befreebe.com/works/detail/BF121"
      ],
      "count": 5
    }
  },
  {
    "https://befreebe.com/works/list/date/2011-03-07": {
      "href": [
        "https://befreebe.com/works/detail/BF125",
        "https://befreebe.com/works/detail/BF126"
      ],
      "count": 2
    }
  },
  {
    "https://befreebe.com/works/list/date/2011-04-07": {
      "href": [
        "https://befreebe.com/works/detail/BF130",
        "https://befreebe.com/works/detail/BF131",
        "https://befreebe.com/works/detail/BF128",
        "https://befreebe.com/works/detail/BF129"
      ],
      "count": 4
    }
  },
  {
    "https://befreebe.com/works/list/date/2011-05-07": {
      "href": [
        "https://befreebe.com/works/detail/BF134",
        "https://befreebe.com/works/detail/BF136",
        "https://befreebe.com/works/detail/BF135",
        "https://befreebe.com/works/detail/BF133",
        "https://befreebe.com/works/detail/BF132"
      ],
      "count": 5
    }
  },
  {
    "https://befreebe.com/works/list/date/2011-06-07": {
      "href": [
        "https://befreebe.com/works/detail/BF140",
        "https://befreebe.com/works/detail/BF141",
        "https://befreebe.com/works/detail/BF139",
        "https://befreebe.com/works/detail/BF138",
        "https://befreebe.com/works/detail/BF137"
      ],
      "count": 5
    }
  },
  {
    "https://befreebe.com/works/list/date/2011-07-07": {
      "href": [
        "https://befreebe.com/works/detail/BF144",
        "https://befreebe.com/works/detail/BF146",
        "https://befreebe.com/works/detail/BF142",
        "https://befreebe.com/works/detail/BF143"
      ],
      "count": 4
    }
  },
  {
    "https://befreebe.com/works/list/date/2011-07-22": {
      "href": [
        "https://befreebe.com/works/detail/BF145"
      ],
      "count": 1
    }
  },
  {
    "https://befreebe.com/works/list/date/2011-08-07": {
      "href": [
        "https://befreebe.com/works/detail/BF149",
        "https://befreebe.com/works/detail/BF150",
        "https://befreebe.com/works/detail/BF151",
        "https://befreebe.com/works/detail/BF147",
        "https://befreebe.com/works/detail/BF148"
      ],
      "count": 5
    }
  },
  {
    "https://befreebe.com/works/list/date/2011-09-07": {
      "href": [
        "https://befreebe.com/works/detail/BF155",
        "https://befreebe.com/works/detail/BF154",
        "https://befreebe.com/works/detail/BF152",
        "https://befreebe.com/works/detail/BF153"
      ],
      "count": 4
    }
  },
  {
    "https://befreebe.com/works/list/date/2011-10-07": {
      "href": [
        "https://befreebe.com/works/detail/BF158",
        "https://befreebe.com/works/detail/BF156",
        "https://befreebe.com/works/detail/BF157"
      ],
      "count": 3
    }
  },
  {
    "https://befreebe.com/works/list/date/2011-11-07": {
      "href": [
        "https://befreebe.com/works/detail/BF162",
        "https://befreebe.com/works/detail/BF163",
        "https://befreebe.com/works/detail/BF159",
        "https://befreebe.com/works/detail/BF160"
      ],
      "count": 4
    }
  },
  {
    "https://befreebe.com/works/list/date/2011-12-07": {
      "href": [
        "https://befreebe.com/works/detail/BF166",
        "https://befreebe.com/works/detail/BF167",
        "https://befreebe.com/works/detail/BF164",
        "https://befreebe.com/works/detail/BF165"
      ],
      "count": 4
    }
  },
  {
    "https://befreebe.com/works/list/date/2012-01-07": {
      "href": [
        "https://befreebe.com/works/detail/BF170",
        "https://befreebe.com/works/detail/BF171",
        "https://befreebe.com/works/detail/BF172",
        "https://befreebe.com/works/detail/BF169",
        "https://befreebe.com/works/detail/BF168"
      ],
      "count": 5
    }
  },
  {
    "https://befreebe.com/works/list/date/2012-02-07": {
      "href": [
        "https://befreebe.com/works/detail/BF175",
        "https://befreebe.com/works/detail/BF177",
        "https://befreebe.com/works/detail/BF173",
        "https://befreebe.com/works/detail/BF174"
      ],
      "count": 4
    }
  },
  {
    "https://befreebe.com/works/list/date/2012-03-07": {
      "href": [
        "https://befreebe.com/works/detail/BF179",
        "https://befreebe.com/works/detail/BF180",
        "https://befreebe.com/works/detail/BF181",
        "https://befreebe.com/works/detail/BF178"
      ],
      "count": 4
    }
  },
  {
    "https://befreebe.com/works/list/date/2012-04-07": {
      "href": [
        "https://befreebe.com/works/detail/BF183",
        "https://befreebe.com/works/detail/BF184",
        "https://befreebe.com/works/detail/BF185",
        "https://befreebe.com/works/detail/BF182"
      ],
      "count": 4
    }
  },
  {
    "https://befreebe.com/works/list/date/2012-05-07": {
      "href": [
        "https://befreebe.com/works/detail/BF188",
        "https://befreebe.com/works/detail/BF189",
        "https://befreebe.com/works/detail/BF190",
        "https://befreebe.com/works/detail/BF186",
        "https://befreebe.com/works/detail/BF187"
      ],
      "count": 5
    }
  },
  {
    "https://befreebe.com/works/list/date/2012-06-07": {
      "href": [
        "https://befreebe.com/works/detail/BF192",
        "https://befreebe.com/works/detail/BF193",
        "https://befreebe.com/works/detail/BF194",
        "https://befreebe.com/works/detail/BF191"
      ],
      "count": 4
    }
  },
  {
    "https://befreebe.com/works/list/date/2012-07-07": {
      "href": [
        "https://befreebe.com/works/detail/BF196",
        "https://befreebe.com/works/detail/BF197",
        "https://befreebe.com/works/detail/BF195"
      ],
      "count": 3
    }
  },
  {
    "https://befreebe.com/works/list/date/2012-08-07": {
      "href": [
        "https://befreebe.com/works/detail/BF200",
        "https://befreebe.com/works/detail/BF201",
        "https://befreebe.com/works/detail/BF202",
        "https://befreebe.com/works/detail/BF199"
      ],
      "count": 4
    }
  },
  {
    "https://befreebe.com/works/list/date/2012-09-07": {
      "href": [
        "https://befreebe.com/works/detail/BF205",
        "https://befreebe.com/works/detail/BF206",
        "https://befreebe.com/works/detail/BF207",
        "https://befreebe.com/works/detail/BF203",
        "https://befreebe.com/works/detail/BF204"
      ],
      "count": 5
    }
  },
  {
    "https://befreebe.com/works/list/date/2012-10-07": {
      "href": [
        "https://befreebe.com/works/detail/BF210",
        "https://befreebe.com/works/detail/BF211",
        "https://befreebe.com/works/detail/BF212",
        "https://befreebe.com/works/detail/BF208",
        "https://befreebe.com/works/detail/BF209"
      ],
      "count": 5
    }
  },
  {
    "https://befreebe.com/works/list/date/2012-11-07": {
      "href": [
        "https://befreebe.com/works/detail/BF215",
        "https://befreebe.com/works/detail/BF216",
        "https://befreebe.com/works/detail/BF217",
        "https://befreebe.com/works/detail/BF213",
        "https://befreebe.com/works/detail/BF214"
      ],
      "count": 5
    }
  },
  {
    "https://befreebe.com/works/list/date/2012-12-07": {
      "href": [
        "https://befreebe.com/works/detail/BF220",
        "https://befreebe.com/works/detail/BF221",
        "https://befreebe.com/works/detail/BF222",
        "https://befreebe.com/works/detail/BF219",
        "https://befreebe.com/works/detail/BF218"
      ],
      "count": 5
    }
  },
  {
    "https://befreebe.com/works/list/date/2013-01-07": {
      "href": [
        "https://befreebe.com/works/detail/BF225",
        "https://befreebe.com/works/detail/BF226",
        "https://befreebe.com/works/detail/BF227",
        "https://befreebe.com/works/detail/BF223",
        "https://befreebe.com/works/detail/BF224"
      ],
      "count": 5
    }
  },
  {
    "https://befreebe.com/works/list/date/2013-02-07": {
      "href": [
        "https://befreebe.com/works/detail/BF230",
        "https://befreebe.com/works/detail/BF232",
        "https://befreebe.com/works/detail/BF228",
        "https://befreebe.com/works/detail/BF229"
      ],
      "count": 4
    }
  },
  {
    "https://befreebe.com/works/list/date/2013-03-07": {
      "href": [
        "https://befreebe.com/works/detail/BF235",
        "https://befreebe.com/works/detail/BF236",
        "https://befreebe.com/works/detail/BF237",
        "https://befreebe.com/works/detail/BF233",
        "https://befreebe.com/works/detail/BF234"
      ],
      "count": 5
    }
  },
  {
    "https://befreebe.com/works/list/date/2013-04-07": {
      "href": [
        "https://befreebe.com/works/detail/BF241",
        "https://befreebe.com/works/detail/BF242",
        "https://befreebe.com/works/detail/BF239"
      ],
      "count": 3
    }
  },
  {
    "https://befreebe.com/works/list/date/2013-05-07": {
      "href": [
        "https://befreebe.com/works/detail/BF245",
        "https://befreebe.com/works/detail/BF246",
        "https://befreebe.com/works/detail/BF247",
        "https://befreebe.com/works/detail/BF248",
        "https://befreebe.com/works/detail/BF244"
      ],
      "count": 5
    }
  },
  {
    "https://befreebe.com/works/list/date/2013-06-07": {
      "href": [
        "https://befreebe.com/works/detail/BF250",
        "https://befreebe.com/works/detail/BF251",
        "https://befreebe.com/works/detail/BF252",
        "https://befreebe.com/works/detail/BF253",
        "https://befreebe.com/works/detail/BF249"
      ],
      "count": 5
    }
  },
  {
    "https://befreebe.com/works/list/date/2013-07-07": {
      "href": [
        "https://befreebe.com/works/detail/BF255",
        "https://befreebe.com/works/detail/BF256",
        "https://befreebe.com/works/detail/BF257",
        "https://befreebe.com/works/detail/BF258",
        "https://befreebe.com/works/detail/BF254"
      ],
      "count": 5
    }
  },
  {
    "https://befreebe.com/works/list/date/2013-08-07": {
      "href": [
        "https://befreebe.com/works/detail/BF260",
        "https://befreebe.com/works/detail/BF261",
        "https://befreebe.com/works/detail/BF262",
        "https://befreebe.com/works/detail/BF263",
        "https://befreebe.com/works/detail/BF259"
      ],
      "count": 5
    }
  },
  {
    "https://befreebe.com/works/list/date/2013-09-07": {
      "href": [
        "https://befreebe.com/works/detail/BF266",
        "https://befreebe.com/works/detail/BF267",
        "https://befreebe.com/works/detail/BF265",
        "https://befreebe.com/works/detail/BF264"
      ],
      "count": 4
    }
  },
  {
    "https://befreebe.com/works/list/date/2013-10-07": {
      "href": [
        "https://befreebe.com/works/detail/BF270",
        "https://befreebe.com/works/detail/BF272",
        "https://befreebe.com/works/detail/BF273",
        "https://befreebe.com/works/detail/BF269"
      ],
      "count": 4
    }
  },
  {
    "https://befreebe.com/works/list/date/2013-11-07": {
      "href": [
        "https://befreebe.com/works/detail/BF275",
        "https://befreebe.com/works/detail/BF276",
        "https://befreebe.com/works/detail/BF278",
        "https://befreebe.com/works/detail/BF274"
      ],
      "count": 4
    }
  },
  {
    "https://befreebe.com/works/list/date/2013-12-07": {
      "href": [
        "https://befreebe.com/works/detail/BF281",
        "https://befreebe.com/works/detail/BF282",
        "https://befreebe.com/works/detail/BF283",
        "https://befreebe.com/works/detail/BF279"
      ],
      "count": 4
    }
  },
  {
    "https://befreebe.com/works/list/date/2014-01-07": {
      "href": [
        "https://befreebe.com/works/detail/BF288",
        "https://befreebe.com/works/detail/BF287",
        "https://befreebe.com/works/detail/BF286",
        "https://befreebe.com/works/detail/BF289",
        "https://befreebe.com/works/detail/BF284",
        "https://befreebe.com/works/detail/BF285"
      ],
      "count": 6
    }
  },
  {
    "https://befreebe.com/works/list/date/2014-02-07": {
      "href": [
        "https://befreebe.com/works/detail/BF292",
        "https://befreebe.com/works/detail/BF293",
        "https://befreebe.com/works/detail/BF294",
        "https://befreebe.com/works/detail/BF295",
        "https://befreebe.com/works/detail/BF291"
      ],
      "count": 5
    }
  },
  {
    "https://befreebe.com/works/list/date/2014-03-07": {
      "href": [
        "https://befreebe.com/works/detail/BF298",
        "https://befreebe.com/works/detail/BF299",
        "https://befreebe.com/works/detail/BF301",
        "https://befreebe.com/works/detail/BF297",
        "https://befreebe.com/works/detail/BF296"
      ],
      "count": 5
    }
  },
  {
    "https://befreebe.com/works/list/date/2014-04-07": {
      "href": [
        "https://befreebe.com/works/detail/BF307",
        "https://befreebe.com/works/detail/BF306",
        "https://befreebe.com/works/detail/BF304",
        "https://befreebe.com/works/detail/BF302",
        "https://befreebe.com/works/detail/BF303"
      ],
      "count": 5
    }
  },
  {
    "https://befreebe.com/works/list/date/2014-05-07": {
      "href": [
        "https://befreebe.com/works/detail/BF312",
        "https://befreebe.com/works/detail/BF310",
        "https://befreebe.com/works/detail/BF311",
        "https://befreebe.com/works/detail/BF313",
        "https://befreebe.com/works/detail/BF308",
        "https://befreebe.com/works/detail/BF309"
      ],
      "count": 6
    }
  },
  {
    "https://befreebe.com/works/list/date/2014-06-07": {
      "href": [
        "https://befreebe.com/works/detail/BF319",
        "https://befreebe.com/works/detail/BF318",
        "https://befreebe.com/works/detail/BF316",
        "https://befreebe.com/works/detail/BF317",
        "https://befreebe.com/works/detail/BF314"
      ],
      "count": 5
    }
  },
  {
    "https://befreebe.com/works/list/date/2014-07-07": {
      "href": [
        "https://befreebe.com/works/detail/BF322",
        "https://befreebe.com/works/detail/BF323",
        "https://befreebe.com/works/detail/BF324",
        "https://befreebe.com/works/detail/BF325",
        "https://befreebe.com/works/detail/BF320",
        "https://befreebe.com/works/detail/BF321"
      ],
      "count": 6
    }
  },
  {
    "https://befreebe.com/works/list/date/2014-08-07": {
      "href": [
        "https://befreebe.com/works/detail/BF330",
        "https://befreebe.com/works/detail/BF328",
        "https://befreebe.com/works/detail/BF329",
        "https://befreebe.com/works/detail/BF331",
        "https://befreebe.com/works/detail/BF327",
        "https://befreebe.com/works/detail/BF326"
      ],
      "count": 6
    }
  },
  {
    "https://befreebe.com/works/list/date/2014-09-07": {
      "href": [
        "https://befreebe.com/works/detail/BF334",
        "https://befreebe.com/works/detail/BF336",
        "https://befreebe.com/works/detail/BF333"
      ],
      "count": 3
    }
  },
  {
    "https://befreebe.com/works/list/date/2014-10-07": {
      "href": [
        "https://befreebe.com/works/detail/BF341",
        "https://befreebe.com/works/detail/BF340",
        "https://befreebe.com/works/detail/BF342",
        "https://befreebe.com/works/detail/BF343",
        "https://befreebe.com/works/detail/BF339",
        "https://befreebe.com/works/detail/BF338"
      ],
      "count": 6
    }
  },
  {
    "https://befreebe.com/works/list/date/2014-11-07": {
      "href": [
        "https://befreebe.com/works/detail/BF346",
        "https://befreebe.com/works/detail/BF347",
        "https://befreebe.com/works/detail/BF348",
        "https://befreebe.com/works/detail/BF349",
        "https://befreebe.com/works/detail/BF344",
        "https://befreebe.com/works/detail/BF345"
      ],
      "count": 6
    }
  },
  {
    "https://befreebe.com/works/list/date/2014-12-07": {
      "href": [
        "https://befreebe.com/works/detail/BF353",
        "https://befreebe.com/works/detail/BF352",
        "https://befreebe.com/works/detail/BF354",
        "https://befreebe.com/works/detail/BF351",
        "https://befreebe.com/works/detail/BF350"
      ],
      "count": 5
    }
  },
  {
    "https://befreebe.com/works/list/date/2015-01-07": {
      "href": [
        "https://befreebe.com/works/detail/BF359",
        "https://befreebe.com/works/detail/BF360",
        "https://befreebe.com/works/detail/BF361",
        "https://befreebe.com/works/detail/BF356",
        "https://befreebe.com/works/detail/BF357"
      ],
      "count": 5
    }
  },
  {
    "https://befreebe.com/works/list/date/2015-02-07": {
      "href": [
        "https://befreebe.com/works/detail/BF366",
        "https://befreebe.com/works/detail/BF365",
        "https://befreebe.com/works/detail/BF367",
        "https://befreebe.com/works/detail/BF363",
        "https://befreebe.com/works/detail/BF362"
      ],
      "count": 5
    }
  },
  {
    "https://befreebe.com/works/list/date/2015-03-07": {
      "href": [
        "https://befreebe.com/works/detail/BF370",
        "https://befreebe.com/works/detail/BF371",
        "https://befreebe.com/works/detail/BF373",
        "https://befreebe.com/works/detail/BF368",
        "https://befreebe.com/works/detail/BF369"
      ],
      "count": 5
    }
  },
  {
    "https://befreebe.com/works/list/date/2015-04-07": {
      "href": [
        "https://befreebe.com/works/detail/BF376",
        "https://befreebe.com/works/detail/BF379",
        "https://befreebe.com/works/detail/BF378",
        "https://befreebe.com/works/detail/BF377",
        "https://befreebe.com/works/detail/BF375",
        "https://befreebe.com/works/detail/BF374"
      ],
      "count": 6
    }
  },
  {
    "https://befreebe.com/works/list/date/2015-05-07": {
      "href": [
        "https://befreebe.com/works/detail/BF382",
        "https://befreebe.com/works/detail/BF385",
        "https://befreebe.com/works/detail/BF384",
        "https://befreebe.com/works/detail/BF383",
        "https://befreebe.com/works/detail/BF380",
        "https://befreebe.com/works/detail/BF381"
      ],
      "count": 6
    }
  },
  {
    "https://befreebe.com/works/list/date/2015-06-07": {
      "href": [
        "https://befreebe.com/works/detail/BF388",
        "https://befreebe.com/works/detail/BF389",
        "https://befreebe.com/works/detail/BF391",
        "https://befreebe.com/works/detail/BF386",
        "https://befreebe.com/works/detail/BF387"
      ],
      "count": 5
    }
  },
  {
    "https://befreebe.com/works/list/date/2015-07-07": {
      "href": [
        "https://befreebe.com/works/detail/BF395",
        "https://befreebe.com/works/detail/BF394",
        "https://befreebe.com/works/detail/BF396",
        "https://befreebe.com/works/detail/BF397",
        "https://befreebe.com/works/detail/BF393",
        "https://befreebe.com/works/detail/BF392"
      ],
      "count": 6
    }
  },
  {
    "https://befreebe.com/works/list/date/2015-08-07": {
      "href": [
        "https://befreebe.com/works/detail/BF400",
        "https://befreebe.com/works/detail/BF403",
        "https://befreebe.com/works/detail/BF402",
        "https://befreebe.com/works/detail/BF401",
        "https://befreebe.com/works/detail/BF399",
        "https://befreebe.com/works/detail/BF398"
      ],
      "count": 6
    }
  },
  {
    "https://befreebe.com/works/list/date/2015-09-07": {
      "href": [
        "https://befreebe.com/works/detail/BF408",
        "https://befreebe.com/works/detail/BF407",
        "https://befreebe.com/works/detail/BF406",
        "https://befreebe.com/works/detail/BF409",
        "https://befreebe.com/works/detail/BF404",
        "https://befreebe.com/works/detail/BF405"
      ],
      "count": 6
    }
  },
  {
    "https://befreebe.com/works/list/date/2015-10-07": {
      "href": [
        "https://befreebe.com/works/detail/BF412",
        "https://befreebe.com/works/detail/BF413",
        "https://befreebe.com/works/detail/BF415",
        "https://befreebe.com/works/detail/BF414",
        "https://befreebe.com/works/detail/BF410",
        "https://befreebe.com/works/detail/BF411"
      ],
      "count": 6
    }
  },
  {
    "https://befreebe.com/works/list/date/2015-11-07": {
      "href": [
        "https://befreebe.com/works/detail/BF419",
        "https://befreebe.com/works/detail/BF418",
        "https://befreebe.com/works/detail/BF416",
        "https://befreebe.com/works/detail/BF417"
      ],
      "count": 4
    }
  },
  {
    "https://befreebe.com/works/list/date/2015-12-07": {
      "href": [
        "https://befreebe.com/works/detail/BF424",
        "https://befreebe.com/works/detail/BF427",
        "https://befreebe.com/works/detail/BF425",
        "https://befreebe.com/works/detail/BF426",
        "https://befreebe.com/works/detail/BF423",
        "https://befreebe.com/works/detail/BF422"
      ],
      "count": 6
    }
  },
  {
    "https://befreebe.com/works/list/date/2016-01-07": {
      "href": [
        "https://befreebe.com/works/detail/BF431",
        "https://befreebe.com/works/detail/BF432",
        "https://befreebe.com/works/detail/BF433",
        "https://befreebe.com/works/detail/BF428",
        "https://befreebe.com/works/detail/BF429"
      ],
      "count": 5
    }
  },
  {
    "https://befreebe.com/works/list/date/2016-02-07": {
      "href": [
        "https://befreebe.com/works/detail/BF436",
        "https://befreebe.com/works/detail/BF437",
        "https://befreebe.com/works/detail/BF439",
        "https://befreebe.com/works/detail/BF438",
        "https://befreebe.com/works/detail/BF434",
        "https://befreebe.com/works/detail/BF435"
      ],
      "count": 6
    }
  },
  {
    "https://befreebe.com/works/list/date/2016-03-07": {
      "href": [
        "https://befreebe.com/works/detail/BF442",
        "https://befreebe.com/works/detail/BF443",
        "https://befreebe.com/works/detail/BF445",
        "https://befreebe.com/works/detail/BF444",
        "https://befreebe.com/works/detail/BF440",
        "https://befreebe.com/works/detail/BF441"
      ],
      "count": 6
    }
  },
  {
    "https://befreebe.com/works/list/date/2016-04-07": {
      "href": [
        "https://befreebe.com/works/detail/BF448",
        "https://befreebe.com/works/detail/BF449",
        "https://befreebe.com/works/detail/BF450",
        "https://befreebe.com/works/detail/BF451",
        "https://befreebe.com/works/detail/BF446",
        "https://befreebe.com/works/detail/BF447"
      ],
      "count": 6
    }
  },
  {
    "https://befreebe.com/works/list/date/2016-05-07": {
      "href": [
        "https://befreebe.com/works/detail/BF455",
        "https://befreebe.com/works/detail/BF456",
        "https://befreebe.com/works/detail/BF454",
        "https://befreebe.com/works/detail/BF457",
        "https://befreebe.com/works/detail/BF452"
      ],
      "count": 5
    }
  },
  {
    "https://befreebe.com/works/list/date/2016-06-07": {
      "href": [
        "https://befreebe.com/works/detail/BF462",
        "https://befreebe.com/works/detail/BF461",
        "https://befreebe.com/works/detail/BF460",
        "https://befreebe.com/works/detail/BF463",
        "https://befreebe.com/works/detail/BF458",
        "https://befreebe.com/works/detail/BF459"
      ],
      "count": 6
    }
  },
  {
    "https://befreebe.com/works/list/date/2016-07-07": {
      "href": [
        "https://befreebe.com/works/detail/BF468",
        "https://befreebe.com/works/detail/BF469",
        "https://befreebe.com/works/detail/BF467",
        "https://befreebe.com/works/detail/BF464"
      ],
      "count": 4
    }
  },
  {
    "https://befreebe.com/works/list/date/2016-08-07": {
      "href": [
        "https://befreebe.com/works/detail/BF472",
        "https://befreebe.com/works/detail/BF475",
        "https://befreebe.com/works/detail/BF473",
        "https://befreebe.com/works/detail/BF470"
      ],
      "count": 4
    }
  },
  {
    "https://befreebe.com/works/list/date/2016-09-07": {
      "href": [
        "https://befreebe.com/works/detail/BF478",
        "https://befreebe.com/works/detail/BF480",
        "https://befreebe.com/works/detail/BF476"
      ],
      "count": 3
    }
  },
  {
    "https://befreebe.com/works/list/date/2016-10-07": {
      "href": [
        "https://befreebe.com/works/detail/BF484",
        "https://befreebe.com/works/detail/BF483",
        "https://befreebe.com/works/detail/BF485",
        "https://befreebe.com/works/detail/BF481"
      ],
      "count": 4
    }
  },
  {
    "https://befreebe.com/works/list/date/2016-11-13": {
      "href": [
        "https://befreebe.com/works/detail/BF492",
        "https://befreebe.com/works/detail/BF491"
      ],
      "count": 2
    }
  },
  {
    "https://befreebe.com/works/list/date/2016-12-08": {
      "href": [
        "https://befreebe.com/works/detail/BF493"
      ],
      "count": 1
    }
  },
  {
    "https://befreebe.com/works/list/date/2016-12-13": {
      "href": [
        "https://befreebe.com/works/detail/BF494",
        "https://befreebe.com/works/detail/BF495"
      ],
      "count": 2
    }
  },
  {
    "https://befreebe.com/works/list/date/2017-01-19": {
      "href": [
        "https://befreebe.com/works/detail/BF499",
        "https://befreebe.com/works/detail/BF497"
      ],
      "count": 2
    }
  },
  {
    "https://befreebe.com/works/list/date/2017-02-19": {
      "href": [
        "https://befreebe.com/works/detail/BF501",
        "https://befreebe.com/works/detail/BF500",
        "https://befreebe.com/works/detail/BF502"
      ],
      "count": 3
    }
  },
  {
    "https://befreebe.com/works/list/date/2017-03-19": {
      "href": [
        "https://befreebe.com/works/detail/BF505"
      ],
      "count": 1
    }
  },
  {
    "https://befreebe.com/works/list/date/2017-04-25": {
      "href": [
        "https://befreebe.com/works/detail/BF506",
        "https://befreebe.com/works/detail/BF507"
      ],
      "count": 2
    }
  },
  {
    "https://befreebe.com/works/list/date/2017-05-25": {
      "href": [
        "https://befreebe.com/works/detail/BF509",
        "https://befreebe.com/works/detail/BF511"
      ],
      "count": 2
    }
  },
  {
    "https://befreebe.com/works/list/date/2017-07-25": {
      "href": [
        "https://befreebe.com/works/detail/BF516",
        "https://befreebe.com/works/detail/BF517",
        "https://befreebe.com/works/detail/BF515",
        "https://befreebe.com/works/detail/BF487"
      ],
      "count": 4
    }
  },
  {
    "https://befreebe.com/works/list/date/2017-09-01": {
      "href": [
        "https://befreebe.com/works/detail/AVOP386"
      ],
      "count": 1
    }
  },
  {
    "https://befreebe.com/works/list/date/2017-09-07": {
      "href": [
        "https://befreebe.com/works/detail/BF518",
        "https://befreebe.com/works/detail/BF520",
        "https://befreebe.com/works/detail/BF519"
      ],
      "count": 3
    }
  },
  {
    "https://befreebe.com/works/list/date/2017-10-07": {
      "href": [
        "https://befreebe.com/works/detail/BF522",
        "https://befreebe.com/works/detail/BF521"
      ],
      "count": 2
    }
  },
  {
    "https://befreebe.com/works/list/date/2017-11-01": {
      "href": [
        "https://befreebe.com/works/detail/BF525"
      ],
      "count": 1
    }
  },
  {
    "https://befreebe.com/works/list/date/2017-11-07": {
      "href": [
        "https://befreebe.com/works/detail/BF488"
      ],
      "count": 1
    }
  },
  {
    "https://befreebe.com/works/list/date/2017-10-25": {
      "href": [
        "https://befreebe.com/works/detail/BF523"
      ],
      "count": 1
    }
  },
  {
    "https://befreebe.com/works/list/date/2017-11-19": {
      "href": [
        "https://befreebe.com/works/detail/BF526",
        "https://befreebe.com/works/detail/BF527"
      ],
      "count": 2
    }
  },
  {
    "https://befreebe.com/works/list/date/2017-12-19": {
      "href": [
        "https://befreebe.com/works/detail/BF528",
        "https://befreebe.com/works/detail/BF529"
      ],
      "count": 2
    }
  },
  {
    "https://befreebe.com/works/list/date/2017-06-19": {
      "href": [
        "https://befreebe.com/works/detail/BF512",
        "https://befreebe.com/works/detail/BF514",
        "https://befreebe.com/works/detail/BF513"
      ],
      "count": 3
    }
  }
]