[
  {
    "https://bi-av.com/works/list/date/2010-01-25": {
      "href": [
        "https://bi-av.com/works/detail/BBI090",
        "https://bi-av.com/works/detail/BID008",
        "https://bi-av.com/works/detail/BIB006",
        "https://bi-av.com/works/detail/BBI093",
        "https://bi-av.com/works/detail/BBI092",
        "https://bi-av.com/works/detail/BBI091"
      ],
      "count": 6
    }
  },
  {
    "https://bi-av.com/works/list/date/2010-02-25": {
      "href": [
        "https://bi-av.com/works/detail/BBI094",
        "https://bi-av.com/works/detail/BBI096",
        "https://bi-av.com/works/detail/BBI097",
        "https://bi-av.com/works/detail/BIB007",
        "https://bi-av.com/works/detail/BIB008"
      ],
      "count": 5
    }
  },
  {
    "https://bi-av.com/works/list/date/2010-03-25": {
      "href": [
        "https://bi-av.com/works/detail/BBI098",
        "https://bi-av.com/works/detail/BBI099",
        "https://bi-av.com/works/detail/BID010",
        "https://bi-av.com/works/detail/BBI101",
        "https://bi-av.com/works/detail/BIB009"
      ],
      "count": 5
    }
  },
  {
    "https://bi-av.com/works/list/date/2010-04-25": {
      "href": [
        "https://bi-av.com/works/detail/BBI102",
        "https://bi-av.com/works/detail/BBI103",
        "https://bi-av.com/works/detail/BBI106",
        "https://bi-av.com/works/detail/BBI105",
        "https://bi-av.com/works/detail/BBI104",
        "https://bi-av.com/works/detail/BIB010"
      ],
      "count": 6
    }
  },
  {
    "https://bi-av.com/works/list/date/2010-05-25": {
      "href": [
        "https://bi-av.com/works/detail/BBI108",
        "https://bi-av.com/works/detail/BBI109",
        "https://bi-av.com/works/detail/BBI107",
        "https://bi-av.com/works/detail/BBI110",
        "https://bi-av.com/works/detail/BIB011"
      ],
      "count": 5
    }
  },
  {
    "https://bi-av.com/works/list/date/2010-06-25": {
      "href": [
        "https://bi-av.com/works/detail/BBI111",
        "https://bi-av.com/works/detail/BID012",
        "https://bi-av.com/works/detail/BBI112",
        "https://bi-av.com/works/detail/BIB012"
      ],
      "count": 4
    }
  },
  {
    "https://bi-av.com/works/list/date/2010-07-25": {
      "href": [
        "https://bi-av.com/works/detail/BBI114",
        "https://bi-av.com/works/detail/BBI115",
        "https://bi-av.com/works/detail/BBI116",
        "https://bi-av.com/works/detail/BIB013"
      ],
      "count": 4
    }
  },
  {
    "https://bi-av.com/works/list/date/2010-08-25": {
      "href": [
        "https://bi-av.com/works/detail/BBI117",
        "https://bi-av.com/works/detail/BBI118",
        "https://bi-av.com/works/detail/BID015",
        "https://bi-av.com/works/detail/BIB014"
      ],
      "count": 4
    }
  },
  {
    "https://bi-av.com/works/list/date/2010-09-25": {
      "href": [
        "https://bi-av.com/works/detail/BID016",
        "https://bi-av.com/works/detail/BBI119",
        "https://bi-av.com/works/detail/BBI120",
        "https://bi-av.com/works/detail/BIB015",
        "https://bi-av.com/works/detail/BIB016"
      ],
      "count": 5
    }
  },
  {
    "https://bi-av.com/works/list/date/2010-10-25": {
      "href": [
        "https://bi-av.com/works/detail/BBI121",
        "https://bi-av.com/works/detail/BID017",
        "https://bi-av.com/works/detail/BIB017"
      ],
      "count": 3
    }
  },
  {
    "https://bi-av.com/works/list/date/2010-11-25": {
      "href": [
        "https://bi-av.com/works/detail/BBI122",
        "https://bi-av.com/works/detail/BIB018",
        "https://bi-av.com/works/detail/BIB019"
      ],
      "count": 3
    }
  },
  {
    "https://bi-av.com/works/list/date/2010-12-25": {
      "href": [
        "https://bi-av.com/works/detail/BEB001",
        "https://bi-av.com/works/detail/BIB020",
        "https://bi-av.com/works/detail/BIB021"
      ],
      "count": 3
    }
  },
  {
    "https://bi-av.com/works/list/date/2011-01-25": {
      "href": [
        "https://bi-av.com/works/detail/BEB002",
        "https://bi-av.com/works/detail/BEB003",
        "https://bi-av.com/works/detail/BIB022",
        "https://bi-av.com/works/detail/BIB023"
      ],
      "count": 4
    }
  },
  {
    "https://bi-av.com/works/list/date/2011-02-25": {
      "href": [
        "https://bi-av.com/works/detail/BID020",
        "https://bi-av.com/works/detail/BEB004",
        "https://bi-av.com/works/detail/BEB005",
        "https://bi-av.com/works/detail/BIB024",
        "https://bi-av.com/works/detail/BIB025"
      ],
      "count": 5
    }
  },
  {
    "https://bi-av.com/works/list/date/2011-03-25": {
      "href": [
        "https://bi-av.com/works/detail/BID021",
        "https://bi-av.com/works/detail/BEB006",
        "https://bi-av.com/works/detail/BEB007",
        "https://bi-av.com/works/detail/BWB002",
        "https://bi-av.com/works/detail/BIB026",
        "https://bi-av.com/works/detail/BIB027"
      ],
      "count": 6
    }
  },
  {
    "https://bi-av.com/works/list/date/2011-04-25": {
      "href": [
        "https://bi-av.com/works/detail/BEB008",
        "https://bi-av.com/works/detail/BEB010",
        "https://bi-av.com/works/detail/BIB028"
      ],
      "count": 3
    }
  },
  {
    "https://bi-av.com/works/list/date/2011-05-25": {
      "href": [
        "https://bi-av.com/works/detail/BEB013",
        "https://bi-av.com/works/detail/BEB014",
        "https://bi-av.com/works/detail/BEB015",
        "https://bi-av.com/works/detail/BEB016",
        "https://bi-av.com/works/detail/BIB029",
        "https://bi-av.com/works/detail/BIB030"
      ],
      "count": 6
    }
  },
  {
    "https://bi-av.com/works/list/date/2011-06-25": {
      "href": [
        "https://bi-av.com/works/detail/BEB017",
        "https://bi-av.com/works/detail/BEB018",
        "https://bi-av.com/works/detail/BEB019",
        "https://bi-av.com/works/detail/BEB020",
        "https://bi-av.com/works/detail/BIB031",
        "https://bi-av.com/works/detail/BIB032"
      ],
      "count": 6
    }
  },
  {
    "https://bi-av.com/works/list/date/2011-07-22": {
      "href": [
        "https://bi-av.com/works/detail/BEB021"
      ],
      "count": 1
    }
  },
  {
    "https://bi-av.com/works/list/date/2011-07-25": {
      "href": [
        "https://bi-av.com/works/detail/BEB022",
        "https://bi-av.com/works/detail/BEB023",
        "https://bi-av.com/works/detail/BEB024",
        "https://bi-av.com/works/detail/BWB003",
        "https://bi-av.com/works/detail/BIB033",
        "https://bi-av.com/works/detail/BIB034"
      ],
      "count": 6
    }
  },
  {
    "https://bi-av.com/works/list/date/2011-08-25": {
      "href": [
        "https://bi-av.com/works/detail/BID022",
        "https://bi-av.com/works/detail/BWB004",
        "https://bi-av.com/works/detail/BEB026",
        "https://bi-av.com/works/detail/BEB027",
        "https://bi-av.com/works/detail/BEB028",
        "https://bi-av.com/works/detail/BIB035",
        "https://bi-av.com/works/detail/BIB036"
      ],
      "count": 7
    }
  },
  {
    "https://bi-av.com/works/list/date/2011-09-25": {
      "href": [
        "https://bi-av.com/works/detail/BEB032",
        "https://bi-av.com/works/detail/BEB030",
        "https://bi-av.com/works/detail/BEB031",
        "https://bi-av.com/works/detail/BIB037",
        "https://bi-av.com/works/detail/BIB038"
      ],
      "count": 5
    }
  },
  {
    "https://bi-av.com/works/list/date/2011-10-25": {
      "href": [
        "https://bi-av.com/works/detail/BEB035",
        "https://bi-av.com/works/detail/BID024",
        "https://bi-av.com/works/detail/BWB005",
        "https://bi-av.com/works/detail/BEB033",
        "https://bi-av.com/works/detail/BEB034",
        "https://bi-av.com/works/detail/BIB039"
      ],
      "count": 6
    }
  },
  {
    "https://bi-av.com/works/list/date/2011-11-25": {
      "href": [
        "https://bi-av.com/works/detail/BID025",
        "https://bi-av.com/works/detail/BEB036",
        "https://bi-av.com/works/detail/BEB039",
        "https://bi-av.com/works/detail/BEB038",
        "https://bi-av.com/works/detail/BEB037",
        "https://bi-av.com/works/detail/BIB040",
        "https://bi-av.com/works/detail/BIB041"
      ],
      "count": 7
    }
  },
  {
    "https://bi-av.com/works/list/date/2011-12-25": {
      "href": [
        "https://bi-av.com/works/detail/BEB040",
        "https://bi-av.com/works/detail/BEB041",
        "https://bi-av.com/works/detail/BEB042",
        "https://bi-av.com/works/detail/BIB042",
        "https://bi-av.com/works/detail/BIB043"
      ],
      "count": 5
    }
  },
  {
    "https://bi-av.com/works/list/date/2012-01-25": {
      "href": [
        "https://bi-av.com/works/detail/BID027",
        "https://bi-av.com/works/detail/BEB043",
        "https://bi-av.com/works/detail/BEB045",
        "https://bi-av.com/works/detail/BIB044",
        "https://bi-av.com/works/detail/BIB045"
      ],
      "count": 5
    }
  },
  {
    "https://bi-av.com/works/list/date/2012-02-25": {
      "href": [
        "https://bi-av.com/works/detail/BID028",
        "https://bi-av.com/works/detail/BEB046",
        "https://bi-av.com/works/detail/BEB047",
        "https://bi-av.com/works/detail/BEB048",
        "https://bi-av.com/works/detail/BEB049",
        "https://bi-av.com/works/detail/BIB046",
        "https://bi-av.com/works/detail/BIB047"
      ],
      "count": 7
    }
  },
  {
    "https://bi-av.com/works/list/date/2012-03-25": {
      "href": [
        "https://bi-av.com/works/detail/BEB050",
        "https://bi-av.com/works/detail/BEB051",
        "https://bi-av.com/works/detail/BEB052",
        "https://bi-av.com/works/detail/BIB048",
        "https://bi-av.com/works/detail/BIB049"
      ],
      "count": 5
    }
  },
  {
    "https://bi-av.com/works/list/date/2012-04-25": {
      "href": [
        "https://bi-av.com/works/detail/BID030",
        "https://bi-av.com/works/detail/BEB053",
        "https://bi-av.com/works/detail/BEB054",
        "https://bi-av.com/works/detail/BEB055",
        "https://bi-av.com/works/detail/BIB050"
      ],
      "count": 5
    }
  },
  {
    "https://bi-av.com/works/list/date/2012-05-25": {
      "href": [
        "https://bi-av.com/works/detail/BID031",
        "https://bi-av.com/works/detail/BEB056",
        "https://bi-av.com/works/detail/BEB057",
        "https://bi-av.com/works/detail/BEB058",
        "https://bi-av.com/works/detail/BEB059",
        "https://bi-av.com/works/detail/BIB051",
        "https://bi-av.com/works/detail/BIB052"
      ],
      "count": 7
    }
  },
  {
    "https://bi-av.com/works/list/date/2012-06-25": {
      "href": [
        "https://bi-av.com/works/detail/BID032",
        "https://bi-av.com/works/detail/BWB006",
        "https://bi-av.com/works/detail/BEB060",
        "https://bi-av.com/works/detail/BEB061",
        "https://bi-av.com/works/detail/BIB053",
        "https://bi-av.com/works/detail/BIB054"
      ],
      "count": 6
    }
  },
  {
    "https://bi-av.com/works/list/date/2012-07-25": {
      "href": [
        "https://bi-av.com/works/detail/BID033",
        "https://bi-av.com/works/detail/BBI123",
        "https://bi-av.com/works/detail/BEB063",
        "https://bi-av.com/works/detail/BEB064",
        "https://bi-av.com/works/detail/BEB062",
        "https://bi-av.com/works/detail/BIB055",
        "https://bi-av.com/works/detail/BIB056"
      ],
      "count": 7
    }
  },
  {
    "https://bi-av.com/works/list/date/2012-08-25": {
      "href": [
        "https://bi-av.com/works/detail/BID034",
        "https://bi-av.com/works/detail/BEB065",
        "https://bi-av.com/works/detail/BEB066",
        "https://bi-av.com/works/detail/BEB067",
        "https://bi-av.com/works/detail/BIB058",
        "https://bi-av.com/works/detail/BIB057"
      ],
      "count": 6
    }
  },
  {
    "https://bi-av.com/works/list/date/2012-09-25": {
      "href": [
        "https://bi-av.com/works/detail/BBI124",
        "https://bi-av.com/works/detail/BEB069",
        "https://bi-av.com/works/detail/BEB071",
        "https://bi-av.com/works/detail/BEB070",
        "https://bi-av.com/works/detail/BIB060",
        "https://bi-av.com/works/detail/BIB059"
      ],
      "count": 6
    }
  },
  {
    "https://bi-av.com/works/list/date/2012-10-25": {
      "href": [
        "https://bi-av.com/works/detail/BBI125",
        "https://bi-av.com/works/detail/BID036",
        "https://bi-av.com/works/detail/BBI126",
        "https://bi-av.com/works/detail/BEB075",
        "https://bi-av.com/works/detail/BEB073",
        "https://bi-av.com/works/detail/BIB061"
      ],
      "count": 6
    }
  },
  {
    "https://bi-av.com/works/list/date/2012-11-25": {
      "href": [
        "https://bi-av.com/works/detail/BID037",
        "https://bi-av.com/works/detail/BBI127",
        "https://bi-av.com/works/detail/BBI128",
        "https://bi-av.com/works/detail/BEB072",
        "https://bi-av.com/works/detail/BEB076",
        "https://bi-av.com/works/detail/BIB062",
        "https://bi-av.com/works/detail/BIB063"
      ],
      "count": 7
    }
  },
  {
    "https://bi-av.com/works/list/date/2012-12-25": {
      "href": [
        "https://bi-av.com/works/detail/BID038",
        "https://bi-av.com/works/detail/BBI129",
        "https://bi-av.com/works/detail/BBI130",
        "https://bi-av.com/works/detail/BEB077",
        "https://bi-av.com/works/detail/BIB064",
        "https://bi-av.com/works/detail/BIB065"
      ],
      "count": 6
    }
  },
  {
    "https://bi-av.com/works/list/date/2013-01-25": {
      "href": [
        "https://bi-av.com/works/detail/BID039",
        "https://bi-av.com/works/detail/BBI131",
        "https://bi-av.com/works/detail/BEB078",
        "https://bi-av.com/works/detail/BEB079",
        "https://bi-av.com/works/detail/BIB066",
        "https://bi-av.com/works/detail/BIB067"
      ],
      "count": 6
    }
  },
  {
    "https://bi-av.com/works/list/date/2013-02-25": {
      "href": [
        "https://bi-av.com/works/detail/BBI132",
        "https://bi-av.com/works/detail/BID040",
        "https://bi-av.com/works/detail/BBI133",
        "https://bi-av.com/works/detail/BEB081",
        "https://bi-av.com/works/detail/BIB069",
        "https://bi-av.com/works/detail/BIB068"
      ],
      "count": 6
    }
  },
  {
    "https://bi-av.com/works/list/date/2013-03-25": {
      "href": [
        "https://bi-av.com/works/detail/BBI135",
        "https://bi-av.com/works/detail/BEB080",
        "https://bi-av.com/works/detail/BBI134",
        "https://bi-av.com/works/detail/BEB082",
        "https://bi-av.com/works/detail/BIB070",
        "https://bi-av.com/works/detail/BIB071"
      ],
      "count": 6
    }
  },
  {
    "https://bi-av.com/works/list/date/2013-04-25": {
      "href": [
        "https://bi-av.com/works/detail/BBI137",
        "https://bi-av.com/works/detail/BEB083",
        "https://bi-av.com/works/detail/BIB072"
      ],
      "count": 3
    }
  },
  {
    "https://bi-av.com/works/list/date/2013-05-25": {
      "href": [
        "https://bi-av.com/works/detail/BBI139",
        "https://bi-av.com/works/detail/BID043",
        "https://bi-av.com/works/detail/BEB084",
        "https://bi-av.com/works/detail/BIB073",
        "https://bi-av.com/works/detail/BIB074"
      ],
      "count": 5
    }
  },
  {
    "https://bi-av.com/works/list/date/2013-06-25": {
      "href": [
        "https://bi-av.com/works/detail/BID044",
        "https://bi-av.com/works/detail/BBI141",
        "https://bi-av.com/works/detail/BEB085",
        "https://bi-av.com/works/detail/BEB086",
        "https://bi-av.com/works/detail/BIB076",
        "https://bi-av.com/works/detail/BIB075"
      ],
      "count": 6
    }
  },
  {
    "https://bi-av.com/works/list/date/2013-07-25": {
      "href": [
        "https://bi-av.com/works/detail/BID045",
        "https://bi-av.com/works/detail/BBI143",
        "https://bi-av.com/works/detail/BEB087",
        "https://bi-av.com/works/detail/BEB088",
        "https://bi-av.com/works/detail/BIB077",
        "https://bi-av.com/works/detail/BIB078"
      ],
      "count": 6
    }
  },
  {
    "https://bi-av.com/works/list/date/2013-08-25": {
      "href": [
        "https://bi-av.com/works/detail/BID046",
        "https://bi-av.com/works/detail/BBI145",
        "https://bi-av.com/works/detail/BEB089",
        "https://bi-av.com/works/detail/BEB090",
        "https://bi-av.com/works/detail/BIB079",
        "https://bi-av.com/works/detail/BIB080"
      ],
      "count": 6
    }
  },
  {
    "https://bi-av.com/works/list/date/2013-09-25": {
      "href": [
        "https://bi-av.com/works/detail/BBI147",
        "https://bi-av.com/works/detail/BEB091",
        "https://bi-av.com/works/detail/BIB081",
        "https://bi-av.com/works/detail/BIB082"
      ],
      "count": 4
    }
  },
  {
    "https://bi-av.com/works/list/date/2013-10-25": {
      "href": [
        "https://bi-av.com/works/detail/BBI149",
        "https://bi-av.com/works/detail/BEB093",
        "https://bi-av.com/works/detail/BIB083"
      ],
      "count": 3
    }
  },
  {
    "https://bi-av.com/works/list/date/2013-11-25": {
      "href": [
        "https://bi-av.com/works/detail/BEB095",
        "https://bi-av.com/works/detail/BEB096",
        "https://bi-av.com/works/detail/BIB084",
        "https://bi-av.com/works/detail/BIB085"
      ],
      "count": 4
    }
  },
  {
    "https://bi-av.com/works/list/date/2013-12-25": {
      "href": [
        "https://bi-av.com/works/detail/BBI152",
        "https://bi-av.com/works/detail/BEB098",
        "https://bi-av.com/works/detail/BEB099",
        "https://bi-av.com/works/detail/BIB087",
        "https://bi-av.com/works/detail/BIB086"
      ],
      "count": 5
    }
  },
  {
    "https://bi-av.com/works/list/date/2014-01-25": {
      "href": [
        "https://bi-av.com/works/detail/BID049",
        "https://bi-av.com/works/detail/BBI153",
        "https://bi-av.com/works/detail/BIB089",
        "https://bi-av.com/works/detail/BIB088"
      ],
      "count": 4
    }
  },
  {
    "https://bi-av.com/works/list/date/2014-02-25": {
      "href": [
        "https://bi-av.com/works/detail/BBI155",
        "https://bi-av.com/works/detail/BEB100",
        "https://bi-av.com/works/detail/BEB101",
        "https://bi-av.com/works/detail/BIB090"
      ],
      "count": 4
    }
  },
  {
    "https://bi-av.com/works/list/date/2014-04-25": {
      "href": [
        "https://bi-av.com/works/detail/BBI157",
        "https://bi-av.com/works/detail/BEB103",
        "https://bi-av.com/works/detail/BIB094",
        "https://bi-av.com/works/detail/BIB093"
      ],
      "count": 4
    }
  },
  {
    "https://bi-av.com/works/list/date/2014-03-25": {
      "href": [
        "https://bi-av.com/works/detail/BBI156",
        "https://bi-av.com/works/detail/BID050",
        "https://bi-av.com/works/detail/BEB102",
        "https://bi-av.com/works/detail/BIB091"
      ],
      "count": 4
    }
  },
  {
    "https://bi-av.com/works/list/date/2014-05-25": {
      "href": [
        "https://bi-av.com/works/detail/BBI159",
        "https://bi-av.com/works/detail/BID051",
        "https://bi-av.com/works/detail/BBI160",
        "https://bi-av.com/works/detail/BEB105",
        "https://bi-av.com/works/detail/BIB096",
        "https://bi-av.com/works/detail/BIB095"
      ],
      "count": 6
    }
  },
  {
    "https://bi-av.com/works/list/date/2014-06-25": {
      "href": [
        "https://bi-av.com/works/detail/BBI161",
        "https://bi-av.com/works/detail/BIST001",
        "https://bi-av.com/works/detail/BIST002",
        "https://bi-av.com/works/detail/BIB098",
        "https://bi-av.com/works/detail/BIB099"
      ],
      "count": 5
    }
  },
  {
    "https://bi-av.com/works/list/date/2014-07-25": {
      "href": [
        "https://bi-av.com/works/detail/BBI163",
        "https://bi-av.com/works/detail/BBI164",
        "https://bi-av.com/works/detail/BIST003",
        "https://bi-av.com/works/detail/BIST004",
        "https://bi-av.com/works/detail/BIB101",
        "https://bi-av.com/works/detail/BIB100"
      ],
      "count": 6
    }
  },
  {
    "https://bi-av.com/works/list/date/2014-08-01": {
      "href": [
        "https://bi-av.com/works/detail/AVOP064"
      ],
      "count": 1
    }
  },
  {
    "https://bi-av.com/works/list/date/2014-08-25": {
      "href": [
        "https://bi-av.com/works/detail/BBI166",
        "https://bi-av.com/works/detail/BIST005",
        "https://bi-av.com/works/detail/BEB107",
        "https://bi-av.com/works/detail/BBI167",
        "https://bi-av.com/works/detail/BIB102",
        "https://bi-av.com/works/detail/BIB103"
      ],
      "count": 6
    }
  },
  {
    "https://bi-av.com/works/list/date/2014-09-25": {
      "href": [
        "https://bi-av.com/works/detail/BBI169",
        "https://bi-av.com/works/detail/BBI170",
        "https://bi-av.com/works/detail/BEB108",
        "https://bi-av.com/works/detail/BEB109",
        "https://bi-av.com/works/detail/BIB104",
        "https://bi-av.com/works/detail/BIB105",
        "https://bi-av.com/works/detail/BIB106"
      ],
      "count": 7
    }
  },
  {
    "https://bi-av.com/works/list/date/2014-10-25": {
      "href": [
        "https://bi-av.com/works/detail/BBI172",
        "https://bi-av.com/works/detail/BBI173",
        "https://bi-av.com/works/detail/BBI174",
        "https://bi-av.com/works/detail/BEB110",
        "https://bi-av.com/works/detail/BIST006",
        "https://bi-av.com/works/detail/BIB107",
        "https://bi-av.com/works/detail/BIB108"
      ],
      "count": 7
    }
  },
  {
    "https://bi-av.com/works/list/date/2014-11-25": {
      "href": [
        "https://bi-av.com/works/detail/BBI176",
        "https://bi-av.com/works/detail/BBI177",
        "https://bi-av.com/works/detail/BBI175",
        "https://bi-av.com/works/detail/BIB111",
        "https://bi-av.com/works/detail/BIB109",
        "https://bi-av.com/works/detail/BIB110"
      ],
      "count": 6
    }
  },
  {
    "https://bi-av.com/works/list/date/2014-12-25": {
      "href": [
        "https://bi-av.com/works/detail/BID052",
        "https://bi-av.com/works/detail/BBI179",
        "https://bi-av.com/works/detail/BIST008",
        "https://bi-av.com/works/detail/BEB111",
        "https://bi-av.com/works/detail/BIB112",
        "https://bi-av.com/works/detail/BIB113"
      ],
      "count": 6
    }
  },
  {
    "https://bi-av.com/works/list/date/2015-01-25": {
      "href": [
        "https://bi-av.com/works/detail/BBI181",
        "https://bi-av.com/works/detail/BBI182",
        "https://bi-av.com/works/detail/BIST009",
        "https://bi-av.com/works/detail/BEB113",
        "https://bi-av.com/works/detail/BEB112",
        "https://bi-av.com/works/detail/BIB114",
        "https://bi-av.com/works/detail/BIB115"
      ],
      "count": 7
    }
  },
  {
    "https://bi-av.com/works/list/date/2015-02-25": {
      "href": [
        "https://bi-av.com/works/detail/BBI186",
        "https://bi-av.com/works/detail/BBI185",
        "https://bi-av.com/works/detail/BBI184",
        "https://bi-av.com/works/detail/BIST010",
        "https://bi-av.com/works/detail/BEB114",
        "https://bi-av.com/works/detail/BIB116",
        "https://bi-av.com/works/detail/BIB117"
      ],
      "count": 7
    }
  },
  {
    "https://bi-av.com/works/list/date/2015-03-25": {
      "href": [
        "https://bi-av.com/works/detail/BBI188",
        "https://bi-av.com/works/detail/BBI189",
        "https://bi-av.com/works/detail/BIST011",
        "https://bi-av.com/works/detail/BEB115",
        "https://bi-av.com/works/detail/BIB118",
        "https://bi-av.com/works/detail/BIB119"
      ],
      "count": 6
    }
  },
  {
    "https://bi-av.com/works/list/date/2015-04-25": {
      "href": [
        "https://bi-av.com/works/detail/BBI191",
        "https://bi-av.com/works/detail/BEB116",
        "https://bi-av.com/works/detail/BEB117",
        "https://bi-av.com/works/detail/BIB120"
      ],
      "count": 4
    }
  },
  {
    "https://bi-av.com/works/list/date/2015-05-25": {
      "href": [
        "https://bi-av.com/works/detail/BBI193",
        "https://bi-av.com/works/detail/BIST012",
        "https://bi-av.com/works/detail/BEB118",
        "https://bi-av.com/works/detail/BIST013",
        "https://bi-av.com/works/detail/BIB122",
        "https://bi-av.com/works/detail/BIB121"
      ],
      "count": 6
    }
  },
  {
    "https://bi-av.com/works/list/date/2015-06-25": {
      "href": [
        "https://bi-av.com/works/detail/BIST014",
        "https://bi-av.com/works/detail/BEB119",
        "https://bi-av.com/works/detail/BEB121",
        "https://bi-av.com/works/detail/BIST015",
        "https://bi-av.com/works/detail/BEB120",
        "https://bi-av.com/works/detail/BIB123"
      ],
      "count": 6
    }
  },
  {
    "https://bi-av.com/works/list/date/2015-07-25": {
      "href": [
        "https://bi-av.com/works/detail/BBI196",
        "https://bi-av.com/works/detail/BBI197",
        "https://bi-av.com/works/detail/BIST016",
        "https://bi-av.com/works/detail/BIST017",
        "https://bi-av.com/works/detail/BIST018",
        "https://bi-av.com/works/detail/BIB125",
        "https://bi-av.com/works/detail/BIB124"
      ],
      "count": 7
    }
  },
  {
    "https://bi-av.com/works/list/date/2015-08-25": {
      "href": [
        "https://bi-av.com/works/detail/BBI201",
        "https://bi-av.com/works/detail/BBI199",
        "https://bi-av.com/works/detail/BBI200",
        "https://bi-av.com/works/detail/BIB126"
      ],
      "count": 4
    }
  },
  {
    "https://bi-av.com/works/list/date/2015-09-25": {
      "href": [
        "https://bi-av.com/works/detail/BID053",
        "https://bi-av.com/works/detail/BBI202",
        "https://bi-av.com/works/detail/BBI204",
        "https://bi-av.com/works/detail/BIB127",
        "https://bi-av.com/works/detail/BIB128"
      ],
      "count": 5
    }
  },
  {
    "https://bi-av.com/works/list/date/2015-10-25": {
      "href": [
        "https://bi-av.com/works/detail/BBI207",
        "https://bi-av.com/works/detail/BBI206",
        "https://bi-av.com/works/detail/BBI209",
        "https://bi-av.com/works/detail/BBI210",
        "https://bi-av.com/works/detail/BIB129",
        "https://bi-av.com/works/detail/BIB130"
      ],
      "count": 6
    }
  },
  {
    "https://bi-av.com/works/list/date/2015-11-25": {
      "href": [
        "https://bi-av.com/works/detail/BBI211",
        "https://bi-av.com/works/detail/BBI215",
        "https://bi-av.com/works/detail/BBI212",
        "https://bi-av.com/works/detail/BBI205",
        "https://bi-av.com/works/detail/BBI213",
        "https://bi-av.com/works/detail/BIB131",
        "https://bi-av.com/works/detail/BIB132"
      ],
      "count": 7
    }
  },
  {
    "https://bi-av.com/works/list/date/2015-12-25": {
      "href": [
        "https://bi-av.com/works/detail/CJOD003",
        "https://bi-av.com/works/detail/CJOD001",
        "https://bi-av.com/works/detail/CJOD004",
        "https://bi-av.com/works/detail/CJOD002",
        "https://bi-av.com/works/detail/CJOB001",
        "https://bi-av.com/works/detail/CJOB002"
      ],
      "count": 6
    }
  },
  {
    "https://bi-av.com/works/list/date/2016-01-25": {
      "href": [
        "https://bi-av.com/works/detail/CJOD005",
        "https://bi-av.com/works/detail/CJOD008",
        "https://bi-av.com/works/detail/CJOD006",
        "https://bi-av.com/works/detail/CJOB003",
        "https://bi-av.com/works/detail/CJOB004"
      ],
      "count": 5
    }
  },
  {
    "https://bi-av.com/works/list/date/2016-02-25": {
      "href": [
        "https://bi-av.com/works/detail/CJOD010",
        "https://bi-av.com/works/detail/CJOD012",
        "https://bi-av.com/works/detail/CJOD013",
        "https://bi-av.com/works/detail/CJOD011",
        "https://bi-av.com/works/detail/CJOB006"
      ],
      "count": 5
    }
  },
  {
    "https://bi-av.com/works/list/date/2016-03-25": {
      "href": [
        "https://bi-av.com/works/detail/CJOD016",
        "https://bi-av.com/works/detail/CJOD015",
        "https://bi-av.com/works/detail/CJOD018",
        "https://bi-av.com/works/detail/CJOD017",
        "https://bi-av.com/works/detail/CJOD014",
        "https://bi-av.com/works/detail/CJOB007",
        "https://bi-av.com/works/detail/CJOB008"
      ],
      "count": 7
    }
  },
  {
    "https://bi-av.com/works/list/date/2016-04-25": {
      "href": [
        "https://bi-av.com/works/detail/CJOD020",
        "https://bi-av.com/works/detail/CJOD019",
        "https://bi-av.com/works/detail/CJOD021",
        "https://bi-av.com/works/detail/CJOD023",
        "https://bi-av.com/works/detail/CJOD022",
        "https://bi-av.com/works/detail/CJOB010",
        "https://bi-av.com/works/detail/CJOB009"
      ],
      "count": 7
    }
  },
  {
    "https://bi-av.com/works/list/date/2016-05-25": {
      "href": [
        "https://bi-av.com/works/detail/CJOD024",
        "https://bi-av.com/works/detail/CJOD028",
        "https://bi-av.com/works/detail/CJOD027",
        "https://bi-av.com/works/detail/CJOD026",
        "https://bi-av.com/works/detail/CJOD025",
        "https://bi-av.com/works/detail/CJOB011",
        "https://bi-av.com/works/detail/CJOB012"
      ],
      "count": 7
    }
  },
  {
    "https://bi-av.com/works/list/date/2016-06-25": {
      "href": [
        "https://bi-av.com/works/detail/CJOD029",
        "https://bi-av.com/works/detail/CJOD030",
        "https://bi-av.com/works/detail/CJOD031",
        "https://bi-av.com/works/detail/CJOD032",
        "https://bi-av.com/works/detail/CJOD033",
        "https://bi-av.com/works/detail/CJOB014"
      ],
      "count": 6
    }
  },
  {
    "https://bi-av.com/works/list/date/2016-07-25": {
      "href": [
        "https://bi-av.com/works/detail/CJOD035",
        "https://bi-av.com/works/detail/CJOD034",
        "https://bi-av.com/works/detail/CJOD038",
        "https://bi-av.com/works/detail/CJOD036",
        "https://bi-av.com/works/detail/CJOD037",
        "https://bi-av.com/works/detail/CJOB016",
        "https://bi-av.com/works/detail/CJOB015"
      ],
      "count": 7
    }
  },
  {
    "https://bi-av.com/works/list/date/2016-08-25": {
      "href": [
        "https://bi-av.com/works/detail/CJOD039",
        "https://bi-av.com/works/detail/CJOD040",
        "https://bi-av.com/works/detail/CJOD041",
        "https://bi-av.com/works/detail/CJOD042",
        "https://bi-av.com/works/detail/CJOB017",
        "https://bi-av.com/works/detail/CJOB018"
      ],
      "count": 6
    }
  },
  {
    "https://bi-av.com/works/list/date/2016-09-01": {
      "href": [
        "https://bi-av.com/works/detail/AVOP205"
      ],
      "count": 1
    }
  },
  {
    "https://bi-av.com/works/list/date/2016-09-25": {
      "href": [
        "https://bi-av.com/works/detail/CJOD044",
        "https://bi-av.com/works/detail/CJOD047",
        "https://bi-av.com/works/detail/CJOD046",
        "https://bi-av.com/works/detail/CJOD045",
        "https://bi-av.com/works/detail/CJOB019",
        "https://bi-av.com/works/detail/CJOB020"
      ],
      "count": 6
    }
  },
  {
    "https://bi-av.com/works/list/date/2016-11-01": {
      "href": [
        "https://bi-av.com/works/detail/CJOD048",
        "https://bi-av.com/works/detail/CJOD049",
        "https://bi-av.com/works/detail/CJOB021"
      ],
      "count": 3
    }
  },
  {
    "https://bi-av.com/works/list/date/2016-12-01": {
      "href": [
        "https://bi-av.com/works/detail/CJOD053",
        "https://bi-av.com/works/detail/CJOD054",
        "https://bi-av.com/works/detail/CJOD057",
        "https://bi-av.com/works/detail/CJOD056",
        "https://bi-av.com/works/detail/CJOD055",
        "https://bi-av.com/works/detail/CJOB023"
      ],
      "count": 6
    }
  },
  {
    "https://bi-av.com/works/list/date/2017-01-01": {
      "href": [
        "https://bi-av.com/works/detail/CJOD060",
        "https://bi-av.com/works/detail/CJOD061",
        "https://bi-av.com/works/detail/CJOD062"
      ],
      "count": 3
    }
  },
  {
    "https://bi-av.com/works/list/date/2017-02-07": {
      "href": [
        "https://bi-av.com/works/detail/CJOD065",
        "https://bi-av.com/works/detail/CJOD063",
        "https://bi-av.com/works/detail/CJOD064",
        "https://bi-av.com/works/detail/CJOD066",
        "https://bi-av.com/works/detail/CJOD067",
        "https://bi-av.com/works/detail/CJOD068"
      ],
      "count": 6
    }
  },
  {
    "https://bi-av.com/works/list/date/2017-03-07": {
      "href": [
        "https://bi-av.com/works/detail/CJOD069",
        "https://bi-av.com/works/detail/CJOD070",
        "https://bi-av.com/works/detail/CJOD071",
        "https://bi-av.com/works/detail/CJOD073"
      ],
      "count": 4
    }
  },
  {
    "https://bi-av.com/works/list/date/2017-04-13": {
      "href": [
        "https://bi-av.com/works/detail/CJOD074",
        "https://bi-av.com/works/detail/CJOD075",
        "https://bi-av.com/works/detail/CJOD077",
        "https://bi-av.com/works/detail/CJOD076",
        "https://bi-av.com/works/detail/CJOD072"
      ],
      "count": 5
    }
  },
  {
    "https://bi-av.com/works/list/date/2017-05-13": {
      "href": [
        "https://bi-av.com/works/detail/CJOD078",
        "https://bi-av.com/works/detail/CJOD079",
        "https://bi-av.com/works/detail/CJOD080",
        "https://bi-av.com/works/detail/CJOD081",
        "https://bi-av.com/works/detail/CJOD082"
      ],
      "count": 5
    }
  },
  {
    "https://bi-av.com/works/list/date/2017-06-07": {
      "href": [
        "https://bi-av.com/works/detail/CJOD084",
        "https://bi-av.com/works/detail/CJOD086",
        "https://bi-av.com/works/detail/CJOD085",
        "https://bi-av.com/works/detail/CJOD087",
        "https://bi-av.com/works/detail/CJOB027"
      ],
      "count": 5
    }
  },
  {
    "https://bi-av.com/works/list/date/2017-07-07": {
      "href": [
        "https://bi-av.com/works/detail/CJOD090",
        "https://bi-av.com/works/detail/CJOD093",
        "https://bi-av.com/works/detail/CJOD089"
      ],
      "count": 3
    }
  },
  {
    "https://bi-av.com/works/list/date/2017-08-13": {
      "href": [
        "https://bi-av.com/works/detail/CJOD095",
        "https://bi-av.com/works/detail/CJOD096",
        "https://bi-av.com/works/detail/CJOD098"
      ],
      "count": 3
    }
  },
  {
    "https://bi-av.com/works/list/date/2017-09-01": {
      "href": [
        "https://bi-av.com/works/detail/AVOP309"
      ],
      "count": 1
    }
  },
  {
    "https://bi-av.com/works/list/date/2017-09-19": {
      "href": [
        "https://bi-av.com/works/detail/CJOD102",
        "https://bi-av.com/works/detail/CJOD103",
        "https://bi-av.com/works/detail/CJOD104",
        "https://bi-av.com/works/detail/CJOD100"
      ],
      "count": 4
    }
  },
  {
    "https://bi-av.com/works/list/date/2017-10-13": {
      "href": [
        "https://bi-av.com/works/detail/CJOD108",
        "https://bi-av.com/works/detail/CJOD105",
        "https://bi-av.com/works/detail/CJOD109",
        "https://bi-av.com/works/detail/CJOD106",
        "https://bi-av.com/works/detail/CJOD107",
        "https://bi-av.com/works/detail/CJOB024"
      ],
      "count": 6
    }
  },
  {
    "https://bi-av.com/works/list/date/2017-11-07": {
      "href": [
        "https://bi-av.com/works/detail/CJOD111",
        "https://bi-av.com/works/detail/CJOD110",
        "https://bi-av.com/works/detail/CJOD112",
        "https://bi-av.com/works/detail/CJOD113",
        "https://bi-av.com/works/detail/CJOD115",
        "https://bi-av.com/works/detail/CJOD114"
      ],
      "count": 6
    }
  },
  {
    "https://bi-av.com/works/list/date/2017-11-25": {
      "href": [
        "https://bi-av.com/works/detail/CJOB022",
        "https://bi-av.com/works/detail/CJOB028"
      ],
      "count": 2
    }
  },
  {
    "https://bi-av.com/works/list/date/2017-12-25": {
      "href": [
        "https://bi-av.com/works/detail/CJOB025"
      ],
      "count": 1
    }
  },
  {
    "https://bi-av.com/works/list/date/2018-01-01": {
      "href": [
        "https://bi-av.com/works/detail/CJOD122",
        "https://bi-av.com/works/detail/CJOD123"
      ],
      "count": 2
    }
  },
  {
    "https://bi-av.com/works/list/date/2017-12-13": {
      "href": [
        "https://bi-av.com/works/detail/CJOD116",
        "https://bi-av.com/works/detail/CJOD120",
        "https://bi-av.com/works/detail/CJOD117",
        "https://bi-av.com/works/detail/CJOD118",
        "https://bi-av.com/works/detail/CJOD119"
      ],
      "count": 5
    }
  }
]