[
  {
    "https://bibian-av.com/works/list/date/2014-05-07": {
      "href": [
        "https://bibian-av.com/works/detail/BBAN001",
        "https://bibian-av.com/works/detail/BBAN002",
        "https://bibian-av.com/works/detail/BBAN003"
      ],
      "count": 3
    }
  },
  {
    "https://bibian-av.com/works/list/date/2014-06-07": {
      "href": [
        "https://bibian-av.com/works/detail/BBAN004",
        "https://bibian-av.com/works/detail/BBAN005",
        "https://bibian-av.com/works/detail/BBAN006"
      ],
      "count": 3
    }
  },
  {
    "https://bibian-av.com/works/list/date/2014-07-07": {
      "href": [
        "https://bibian-av.com/works/detail/BBAN008",
        "https://bibian-av.com/works/detail/BBAN009"
      ],
      "count": 2
    }
  },
  {
    "https://bibian-av.com/works/list/date/2014-08-07": {
      "href": [
        "https://bibian-av.com/works/detail/BBAN010",
        "https://bibian-av.com/works/detail/BBAN011",
        "https://bibian-av.com/works/detail/BBAN012"
      ],
      "count": 3
    }
  },
  {
    "https://bibian-av.com/works/list/date/2014-09-07": {
      "href": [
        "https://bibian-av.com/works/detail/BBAN013",
        "https://bibian-av.com/works/detail/BBAN014",
        "https://bibian-av.com/works/detail/BBAN015"
      ],
      "count": 3
    }
  },
  {
    "https://bibian-av.com/works/list/date/2014-10-07": {
      "href": [
        "https://bibian-av.com/works/detail/BBAN016",
        "https://bibian-av.com/works/detail/BBAN017",
        "https://bibian-av.com/works/detail/BBAN018"
      ],
      "count": 3
    }
  },
  {
    "https://bibian-av.com/works/list/date/2014-11-07": {
      "href": [
        "https://bibian-av.com/works/detail/BBAN019",
        "https://bibian-av.com/works/detail/BBAN020",
        "https://bibian-av.com/works/detail/BBAN021"
      ],
      "count": 3
    }
  },
  {
    "https://bibian-av.com/works/list/date/2014-12-07": {
      "href": [
        "https://bibian-av.com/works/detail/BBAN022",
        "https://bibian-av.com/works/detail/BBAN023"
      ],
      "count": 2
    }
  },
  {
    "https://bibian-av.com/works/list/date/2015-01-07": {
      "href": [
        "https://bibian-av.com/works/detail/BBAN025",
        "https://bibian-av.com/works/detail/BBAN026"
      ],
      "count": 2
    }
  },
  {
    "https://bibian-av.com/works/list/date/2015-02-07": {
      "href": [
        "https://bibian-av.com/works/detail/BBAN029"
      ],
      "count": 1
    }
  },
  {
    "https://bibian-av.com/works/list/date/2015-03-07": {
      "href": [
        "https://bibian-av.com/works/detail/BBAN031",
        "https://bibian-av.com/works/detail/BBAN032"
      ],
      "count": 2
    }
  },
  {
    "https://bibian-av.com/works/list/date/2015-04-07": {
      "href": [
        "https://bibian-av.com/works/detail/BBAN035",
        "https://bibian-av.com/works/detail/BBAN036"
      ],
      "count": 2
    }
  },
  {
    "https://bibian-av.com/works/list/date/2015-05-07": {
      "href": [
        "https://bibian-av.com/works/detail/BBAN038",
        "https://bibian-av.com/works/detail/BBAN039"
      ],
      "count": 2
    }
  },
  {
    "https://bibian-av.com/works/list/date/2015-06-07": {
      "href": [
        "https://bibian-av.com/works/detail/BBAN041",
        "https://bibian-av.com/works/detail/BBAN042",
        "https://bibian-av.com/works/detail/BBAN043"
      ],
      "count": 3
    }
  },
  {
    "https://bibian-av.com/works/list/date/2015-07-07": {
      "href": [
        "https://bibian-av.com/works/detail/BBAN046",
        "https://bibian-av.com/works/detail/BBAN047"
      ],
      "count": 2
    }
  },
  {
    "https://bibian-av.com/works/list/date/2015-08-07": {
      "href": [
        "https://bibian-av.com/works/detail/BBAN049",
        "https://bibian-av.com/works/detail/BBAN051"
      ],
      "count": 2
    }
  },
  {
    "https://bibian-av.com/works/list/date/2015-09-07": {
      "href": [
        "https://bibian-av.com/works/detail/BBAN052",
        "https://bibian-av.com/works/detail/BBAN053",
        "https://bibian-av.com/works/detail/BBAN054",
        "https://bibian-av.com/works/detail/BBAN055"
      ],
      "count": 4
    }
  },
  {
    "https://bibian-av.com/works/list/date/2015-10-07": {
      "href": [
        "https://bibian-av.com/works/detail/BBAN056",
        "https://bibian-av.com/works/detail/BBAN057",
        "https://bibian-av.com/works/detail/BBAN058",
        "https://bibian-av.com/works/detail/BBAN059"
      ],
      "count": 4
    }
  },
  {
    "https://bibian-av.com/works/list/date/2015-11-07": {
      "href": [
        "https://bibian-av.com/works/detail/BBAN060",
        "https://bibian-av.com/works/detail/LLAN001"
      ],
      "count": 2
    }
  },
  {
    "https://bibian-av.com/works/list/date/2015-12-08": {
      "href": [
        "https://bibian-av.com/works/detail/BBAN064"
      ],
      "count": 1
    }
  },
  {
    "https://bibian-av.com/works/list/date/2015-12-07": {
      "href": [
        "https://bibian-av.com/works/detail/BBAN065",
        "https://bibian-av.com/works/detail/BBAN066",
        "https://bibian-av.com/works/detail/BBAN067",
        "https://bibian-av.com/works/detail/BBAN068"
      ],
      "count": 4
    }
  },
  {
    "https://bibian-av.com/works/list/date/2016-01-07": {
      "href": [
        "https://bibian-av.com/works/detail/BBAN069",
        "https://bibian-av.com/works/detail/BBAN071",
        "https://bibian-av.com/works/detail/BBSS001"
      ],
      "count": 3
    }
  },
  {
    "https://bibian-av.com/works/list/date/2016-02-07": {
      "href": [
        "https://bibian-av.com/works/detail/BBAN074",
        "https://bibian-av.com/works/detail/BBAN075",
        "https://bibian-av.com/works/detail/BBAN076",
        "https://bibian-av.com/works/detail/BBAN077"
      ],
      "count": 4
    }
  },
  {
    "https://bibian-av.com/works/list/date/2016-03-07": {
      "href": [
        "https://bibian-av.com/works/detail/BBAN079",
        "https://bibian-av.com/works/detail/BBAN080"
      ],
      "count": 2
    }
  },
  {
    "https://bibian-av.com/works/list/date/2016-04-07": {
      "href": [
        "https://bibian-av.com/works/detail/BBAN082",
        "https://bibian-av.com/works/detail/BBAN085"
      ],
      "count": 2
    }
  },
  {
    "https://bibian-av.com/works/list/date/2016-05-07": {
      "href": [
        "https://bibian-av.com/works/detail/BBAN087",
        "https://bibian-av.com/works/detail/BBAN088",
        "https://bibian-av.com/works/detail/BBSS002"
      ],
      "count": 3
    }
  },
  {
    "https://bibian-av.com/works/list/date/2016-06-07": {
      "href": [
        "https://bibian-av.com/works/detail/BBAN090",
        "https://bibian-av.com/works/detail/BBAN091",
        "https://bibian-av.com/works/detail/BBAN092",
        "https://bibian-av.com/works/detail/BBAN094"
      ],
      "count": 4
    }
  },
  {
    "https://bibian-av.com/works/list/date/2016-07-07": {
      "href": [
        "https://bibian-av.com/works/detail/BBAN095",
        "https://bibian-av.com/works/detail/BBAN098",
        "https://bibian-av.com/works/detail/BBAN099"
      ],
      "count": 3
    }
  },
  {
    "https://bibian-av.com/works/list/date/2016-08-07": {
      "href": [
        "https://bibian-av.com/works/detail/BBAN100",
        "https://bibian-av.com/works/detail/BBAN101",
        "https://bibian-av.com/works/detail/BBAN102",
        "https://bibian-av.com/works/detail/BBAN103"
      ],
      "count": 4
    }
  },
  {
    "https://bibian-av.com/works/list/date/2016-09-01": {
      "href": [
        "https://bibian-av.com/works/detail/AVOP272"
      ],
      "count": 1
    }
  },
  {
    "https://bibian-av.com/works/list/date/2016-09-07": {
      "href": [
        "https://bibian-av.com/works/detail/BBAN104",
        "https://bibian-av.com/works/detail/BBAN105",
        "https://bibian-av.com/works/detail/BBAN106"
      ],
      "count": 3
    }
  },
  {
    "https://bibian-av.com/works/list/date/2016-10-07": {
      "href": [
        "https://bibian-av.com/works/detail/BBAN109",
        "https://bibian-av.com/works/detail/BBSS003"
      ],
      "count": 2
    }
  },
  {
    "https://bibian-av.com/works/list/date/2016-11-13": {
      "href": [
        "https://bibian-av.com/works/detail/BBAN111"
      ],
      "count": 1
    }
  },
  {
    "https://bibian-av.com/works/list/date/2016-12-08": {
      "href": [
        "https://bibian-av.com/works/detail/BBAN112"
      ],
      "count": 1
    }
  },
  {
    "https://bibian-av.com/works/list/date/2016-12-13": {
      "href": [
        "https://bibian-av.com/works/detail/BBAN115",
        "https://bibian-av.com/works/detail/BBAN114"
      ],
      "count": 2
    }
  },
  {
    "https://bibian-av.com/works/list/date/2017-01-19": {
      "href": [
        "https://bibian-av.com/works/detail/BBAN117",
        "https://bibian-av.com/works/detail/BBAN118",
        "https://bibian-av.com/works/detail/BBAN116",
        "https://bibian-av.com/works/detail/BBSS004"
      ],
      "count": 4
    }
  },
  {
    "https://bibian-av.com/works/list/date/2017-02-07": {
      "href": [
        "https://bibian-av.com/works/detail/BBAN120"
      ],
      "count": 1
    }
  },
  {
    "https://bibian-av.com/works/list/date/2017-02-25": {
      "href": [
        "https://bibian-av.com/works/detail/BBAN119"
      ],
      "count": 1
    }
  },
  {
    "https://bibian-av.com/works/list/date/2017-03-25": {
      "href": [
        "https://bibian-av.com/works/detail/BBAN123",
        "https://bibian-av.com/works/detail/BBAN125",
        "https://bibian-av.com/works/detail/BBAN124"
      ],
      "count": 3
    }
  },
  {
    "https://bibian-av.com/works/list/date/2017-04-25": {
      "href": [
        "https://bibian-av.com/works/detail/BBAN128",
        "https://bibian-av.com/works/detail/BBAN127",
        "https://bibian-av.com/works/detail/BBAN129",
        "https://bibian-av.com/works/detail/BBAN130"
      ],
      "count": 4
    }
  },
  {
    "https://bibian-av.com/works/list/date/2017-05-25": {
      "href": [
        "https://bibian-av.com/works/detail/BBAN132",
        "https://bibian-av.com/works/detail/BBAN131",
        "https://bibian-av.com/works/detail/BBAN134"
      ],
      "count": 3
    }
  },
  {
    "https://bibian-av.com/works/list/date/2017-06-19": {
      "href": [
        "https://bibian-av.com/works/detail/BBAN135",
        "https://bibian-av.com/works/detail/BBAN138",
        "https://bibian-av.com/works/detail/BBAN137",
        "https://bibian-av.com/works/detail/BBAN136"
      ],
      "count": 4
    }
  },
  {
    "https://bibian-av.com/works/list/date/2017-07-25": {
      "href": [
        "https://bibian-av.com/works/detail/BBAN139",
        "https://bibian-av.com/works/detail/BBAN140",
        "https://bibian-av.com/works/detail/BBAN141",
        "https://bibian-av.com/works/detail/BBAN142"
      ],
      "count": 4
    }
  },
  {
    "https://bibian-av.com/works/list/date/2017-09-01": {
      "href": [
        "https://bibian-av.com/works/detail/AVOP320"
      ],
      "count": 1
    }
  },
  {
    "https://bibian-av.com/works/list/date/2017-09-07": {
      "href": [
        "https://bibian-av.com/works/detail/BBAN143",
        "https://bibian-av.com/works/detail/BBAN146",
        "https://bibian-av.com/works/detail/BBAN144",
        "https://bibian-av.com/works/detail/BBSS005"
      ],
      "count": 4
    }
  },
  {
    "https://bibian-av.com/works/list/date/2017-10-07": {
      "href": [
        "https://bibian-av.com/works/detail/BBAN147",
        "https://bibian-av.com/works/detail/BBAN150"
      ],
      "count": 2
    }
  },
  {
    "https://bibian-av.com/works/list/date/2017-10-25": {
      "href": [
        "https://bibian-av.com/works/detail/BBAN151",
        "https://bibian-av.com/works/detail/BBAN152",
        "https://bibian-av.com/works/detail/BBAN154"
      ],
      "count": 3
    }
  },
  {
    "https://bibian-av.com/works/list/date/2017-11-19": {
      "href": [
        "https://bibian-av.com/works/detail/BBAN155",
        "https://bibian-av.com/works/detail/BBAN156",
        "https://bibian-av.com/works/detail/BBAN157",
        "https://bibian-av.com/works/detail/BBAN158"
      ],
      "count": 4
    }
  },
  {
    "https://bibian-av.com/works/list/date/2017-12-07": {
      "href": [
        "https://bibian-av.com/works/detail/BBSS006"
      ],
      "count": 1
    }
  },
  {
    "https://bibian-av.com/works/list/date/2017-12-19": {
      "href": [
        "https://bibian-av.com/works/detail/BBAN159",
        "https://bibian-av.com/works/detail/BBAN160",
        "https://bibian-av.com/works/detail/BBAN162",
        "https://bibian-av.com/works/detail/BBAN161"
      ],
      "count": 4
    }
  }
]