[
  {
    "https://dasdas.jp/works/list/date/2010-01-25": {
      "href": [
        "https://dasdas.jp/works/detail/DASD101",
        "https://dasdas.jp/works/detail/DASD102"
      ],
      "count": 2
    }
  },
  {
    "https://dasdas.jp/works/list/date/2010-02-25": {
      "href": [
        "https://dasdas.jp/works/detail/DASD105",
        "https://dasdas.jp/works/detail/DASD104",
        "https://dasdas.jp/works/detail/DAZD026",
        "https://dasdas.jp/works/detail/DAZD025"
      ],
      "count": 4
    }
  },
  {
    "https://dasdas.jp/works/list/date/2010-03-25": {
      "href": [
        "https://dasdas.jp/works/detail/DASD106"
      ],
      "count": 1
    }
  },
  {
    "https://dasdas.jp/works/list/date/2010-04-25": {
      "href": [
        "https://dasdas.jp/works/detail/DASD109",
        "https://dasdas.jp/works/detail/DAZD027",
        "https://dasdas.jp/works/detail/PLA001"
      ],
      "count": 3
    }
  },
  {
    "https://dasdas.jp/works/list/date/2010-05-25": {
      "href": [
        "https://dasdas.jp/works/detail/DASD111",
        "https://dasdas.jp/works/detail/DASD112",
        "https://dasdas.jp/works/detail/PLA002",
        "https://dasdas.jp/works/detail/DASD110"
      ],
      "count": 4
    }
  },
  {
    "https://dasdas.jp/works/list/date/2010-06-25": {
      "href": [
        "https://dasdas.jp/works/detail/DASD113",
        "https://dasdas.jp/works/detail/PLA003",
        "https://dasdas.jp/works/detail/DASD114"
      ],
      "count": 3
    }
  },
  {
    "https://dasdas.jp/works/list/date/2010-08-25": {
      "href": [
        "https://dasdas.jp/works/detail/DASD118",
        "https://dasdas.jp/works/detail/PLA005",
        "https://dasdas.jp/works/detail/DASD117",
        "https://dasdas.jp/works/detail/DASD119",
        "https://dasdas.jp/works/detail/DAZD029"
      ],
      "count": 5
    }
  },
  {
    "https://dasdas.jp/works/list/date/2010-07-25": {
      "href": [
        "https://dasdas.jp/works/detail/DASD115",
        "https://dasdas.jp/works/detail/DASD116",
        "https://dasdas.jp/works/detail/PLA004",
        "https://dasdas.jp/works/detail/DAZD028"
      ],
      "count": 4
    }
  },
  {
    "https://dasdas.jp/works/list/date/2010-09-25": {
      "href": [
        "https://dasdas.jp/works/detail/DASD120",
        "https://dasdas.jp/works/detail/DASD121",
        "https://dasdas.jp/works/detail/DASD123"
      ],
      "count": 3
    }
  },
  {
    "https://dasdas.jp/works/list/date/2010-10-25": {
      "href": [
        "https://dasdas.jp/works/detail/DASD125",
        "https://dasdas.jp/works/detail/DASD124",
        "https://dasdas.jp/works/detail/DASD127",
        "https://dasdas.jp/works/detail/DASD126",
        "https://dasdas.jp/works/detail/PLB001"
      ],
      "count": 5
    }
  },
  {
    "https://dasdas.jp/works/list/date/2010-11-25": {
      "href": [
        "https://dasdas.jp/works/detail/DASD129",
        "https://dasdas.jp/works/detail/DASD131",
        "https://dasdas.jp/works/detail/DASD128"
      ],
      "count": 3
    }
  },
  {
    "https://dasdas.jp/works/list/date/2010-12-25": {
      "href": [
        "https://dasdas.jp/works/detail/PLA006",
        "https://dasdas.jp/works/detail/DASD133",
        "https://dasdas.jp/works/detail/DASD132",
        "https://dasdas.jp/works/detail/DAZD031",
        "https://dasdas.jp/works/detail/DAZD030"
      ],
      "count": 5
    }
  },
  {
    "https://dasdas.jp/works/list/date/2011-01-25": {
      "href": [
        "https://dasdas.jp/works/detail/PLA007",
        "https://dasdas.jp/works/detail/DASD136",
        "https://dasdas.jp/works/detail/DASD135",
        "https://dasdas.jp/works/detail/DASD134"
      ],
      "count": 4
    }
  },
  {
    "https://dasdas.jp/works/list/date/2011-02-25": {
      "href": [
        "https://dasdas.jp/works/detail/DASD137",
        "https://dasdas.jp/works/detail/DASD138",
        "https://dasdas.jp/works/detail/PLA008",
        "https://dasdas.jp/works/detail/DASD139",
        "https://dasdas.jp/works/detail/DAZD033",
        "https://dasdas.jp/works/detail/DAZD032"
      ],
      "count": 6
    }
  },
  {
    "https://dasdas.jp/works/list/date/2011-03-25": {
      "href": [
        "https://dasdas.jp/works/detail/DASD141",
        "https://dasdas.jp/works/detail/DASD140",
        "https://dasdas.jp/works/detail/PLA009",
        "https://dasdas.jp/works/detail/DASD142"
      ],
      "count": 4
    }
  },
  {
    "https://dasdas.jp/works/list/date/2011-04-25": {
      "href": [
        "https://dasdas.jp/works/detail/DASD144",
        "https://dasdas.jp/works/detail/DASD145",
        "https://dasdas.jp/works/detail/DASD143",
        "https://dasdas.jp/works/detail/DAZD034"
      ],
      "count": 4
    }
  },
  {
    "https://dasdas.jp/works/list/date/2011-05-25": {
      "href": [
        "https://dasdas.jp/works/detail/DASD146",
        "https://dasdas.jp/works/detail/PLA010",
        "https://dasdas.jp/works/detail/DASD148",
        "https://dasdas.jp/works/detail/DASD147"
      ],
      "count": 4
    }
  },
  {
    "https://dasdas.jp/works/list/date/2011-06-25": {
      "href": [
        "https://dasdas.jp/works/detail/DASD149",
        "https://dasdas.jp/works/detail/PLA011",
        "https://dasdas.jp/works/detail/DASD150",
        "https://dasdas.jp/works/detail/DAZD035"
      ],
      "count": 4
    }
  },
  {
    "https://dasdas.jp/works/list/date/2011-07-22": {
      "href": [
        "https://dasdas.jp/works/detail/PLA012"
      ],
      "count": 1
    }
  },
  {
    "https://dasdas.jp/works/list/date/2011-07-25": {
      "href": [
        "https://dasdas.jp/works/detail/DASD152",
        "https://dasdas.jp/works/detail/DASD151",
        "https://dasdas.jp/works/detail/PLA013"
      ],
      "count": 3
    }
  },
  {
    "https://dasdas.jp/works/list/date/2011-08-25": {
      "href": [
        "https://dasdas.jp/works/detail/DASD153",
        "https://dasdas.jp/works/detail/DASD154",
        "https://dasdas.jp/works/detail/PLA015",
        "https://dasdas.jp/works/detail/DAZD036"
      ],
      "count": 4
    }
  },
  {
    "https://dasdas.jp/works/list/date/2011-09-25": {
      "href": [
        "https://dasdas.jp/works/detail/DASD157",
        "https://dasdas.jp/works/detail/DASD155",
        "https://dasdas.jp/works/detail/PLA016",
        "https://dasdas.jp/works/detail/DASD158"
      ],
      "count": 4
    }
  },
  {
    "https://dasdas.jp/works/list/date/2011-10-25": {
      "href": [
        "https://dasdas.jp/works/detail/PLA017",
        "https://dasdas.jp/works/detail/DASD160",
        "https://dasdas.jp/works/detail/DASD161",
        "https://dasdas.jp/works/detail/DASD159",
        "https://dasdas.jp/works/detail/DAZD037"
      ],
      "count": 5
    }
  },
  {
    "https://dasdas.jp/works/list/date/2011-11-25": {
      "href": [
        "https://dasdas.jp/works/detail/DASD162",
        "https://dasdas.jp/works/detail/PLA018",
        "https://dasdas.jp/works/detail/DASD164",
        "https://dasdas.jp/works/detail/PLA019",
        "https://dasdas.jp/works/detail/DASD165"
      ],
      "count": 5
    }
  },
  {
    "https://dasdas.jp/works/list/date/2011-12-25": {
      "href": [
        "https://dasdas.jp/works/detail/DASD167",
        "https://dasdas.jp/works/detail/DASD168",
        "https://dasdas.jp/works/detail/DASD166",
        "https://dasdas.jp/works/detail/PLB002"
      ],
      "count": 4
    }
  },
  {
    "https://dasdas.jp/works/list/date/2012-01-25": {
      "href": [
        "https://dasdas.jp/works/detail/DASD170",
        "https://dasdas.jp/works/detail/DASD171",
        "https://dasdas.jp/works/detail/PLA020",
        "https://dasdas.jp/works/detail/DASD169",
        "https://dasdas.jp/works/detail/DAZD038"
      ],
      "count": 5
    }
  },
  {
    "https://dasdas.jp/works/list/date/2012-02-25": {
      "href": [
        "https://dasdas.jp/works/detail/PLA021",
        "https://dasdas.jp/works/detail/PLA022",
        "https://dasdas.jp/works/detail/DASD172",
        "https://dasdas.jp/works/detail/DAZD039"
      ],
      "count": 4
    }
  },
  {
    "https://dasdas.jp/works/list/date/2012-03-25": {
      "href": [
        "https://dasdas.jp/works/detail/DASD174",
        "https://dasdas.jp/works/detail/DASD173",
        "https://dasdas.jp/works/detail/DAZD040"
      ],
      "count": 3
    }
  },
  {
    "https://dasdas.jp/works/list/date/2012-04-25": {
      "href": [
        "https://dasdas.jp/works/detail/DASD175",
        "https://dasdas.jp/works/detail/DASD176",
        "https://dasdas.jp/works/detail/PLA023",
        "https://dasdas.jp/works/detail/DASD177"
      ],
      "count": 4
    }
  },
  {
    "https://dasdas.jp/works/list/date/2012-05-25": {
      "href": [
        "https://dasdas.jp/works/detail/DASD179",
        "https://dasdas.jp/works/detail/DAZD041"
      ],
      "count": 2
    }
  },
  {
    "https://dasdas.jp/works/list/date/2012-06-25": {
      "href": [
        "https://dasdas.jp/works/detail/DASD180",
        "https://dasdas.jp/works/detail/PLA024",
        "https://dasdas.jp/works/detail/DAZD042"
      ],
      "count": 3
    }
  },
  {
    "https://dasdas.jp/works/list/date/2012-07-25": {
      "href": [
        "https://dasdas.jp/works/detail/PLA026",
        "https://dasdas.jp/works/detail/DASD182",
        "https://dasdas.jp/works/detail/DASD181",
        "https://dasdas.jp/works/detail/PLA025"
      ],
      "count": 4
    }
  },
  {
    "https://dasdas.jp/works/list/date/2012-08-25": {
      "href": [
        "https://dasdas.jp/works/detail/DASD184",
        "https://dasdas.jp/works/detail/DASD183",
        "https://dasdas.jp/works/detail/DAZD043"
      ],
      "count": 3
    }
  },
  {
    "https://dasdas.jp/works/list/date/2012-09-25": {
      "href": [
        "https://dasdas.jp/works/detail/DASD187",
        "https://dasdas.jp/works/detail/PLA027",
        "https://dasdas.jp/works/detail/DASD186",
        "https://dasdas.jp/works/detail/DASD185",
        "https://dasdas.jp/works/detail/DAZD044"
      ],
      "count": 5
    }
  },
  {
    "https://dasdas.jp/works/list/date/2012-10-25": {
      "href": [
        "https://dasdas.jp/works/detail/PLA029",
        "https://dasdas.jp/works/detail/DASD189",
        "https://dasdas.jp/works/detail/PLA028",
        "https://dasdas.jp/works/detail/DASD188",
        "https://dasdas.jp/works/detail/DAZD045"
      ],
      "count": 5
    }
  },
  {
    "https://dasdas.jp/works/list/date/2012-11-25": {
      "href": [
        "https://dasdas.jp/works/detail/DASD192",
        "https://dasdas.jp/works/detail/DASD190",
        "https://dasdas.jp/works/detail/DASD191"
      ],
      "count": 3
    }
  },
  {
    "https://dasdas.jp/works/list/date/2012-12-25": {
      "href": [
        "https://dasdas.jp/works/detail/DASD193",
        "https://dasdas.jp/works/detail/PLA030",
        "https://dasdas.jp/works/detail/DASD194",
        "https://dasdas.jp/works/detail/DAZD046"
      ],
      "count": 4
    }
  },
  {
    "https://dasdas.jp/works/list/date/2013-01-25": {
      "href": [
        "https://dasdas.jp/works/detail/DASD197",
        "https://dasdas.jp/works/detail/DASD195",
        "https://dasdas.jp/works/detail/PLA031",
        "https://dasdas.jp/works/detail/DASD196",
        "https://dasdas.jp/works/detail/PLB003"
      ],
      "count": 5
    }
  },
  {
    "https://dasdas.jp/works/list/date/2013-02-25": {
      "href": [
        "https://dasdas.jp/works/detail/DASD198",
        "https://dasdas.jp/works/detail/DASD200",
        "https://dasdas.jp/works/detail/DAZD047"
      ],
      "count": 3
    }
  },
  {
    "https://dasdas.jp/works/list/date/2013-03-25": {
      "href": [
        "https://dasdas.jp/works/detail/DASD203"
      ],
      "count": 1
    }
  },
  {
    "https://dasdas.jp/works/list/date/2013-04-25": {
      "href": [
        "https://dasdas.jp/works/detail/DASD206",
        "https://dasdas.jp/works/detail/DASD207",
        "https://dasdas.jp/works/detail/PLA033",
        "https://dasdas.jp/works/detail/DASD208",
        "https://dasdas.jp/works/detail/PLB004"
      ],
      "count": 5
    }
  },
  {
    "https://dasdas.jp/works/list/date/2013-05-25": {
      "href": [
        "https://dasdas.jp/works/detail/DASD210",
        "https://dasdas.jp/works/detail/DASD209",
        "https://dasdas.jp/works/detail/DASD211",
        "https://dasdas.jp/works/detail/DASD212",
        "https://dasdas.jp/works/detail/DAZD048"
      ],
      "count": 5
    }
  },
  {
    "https://dasdas.jp/works/list/date/2013-07-25": {
      "href": [
        "https://dasdas.jp/works/detail/DASD218",
        "https://dasdas.jp/works/detail/DASD219",
        "https://dasdas.jp/works/detail/PLA034",
        "https://dasdas.jp/works/detail/DASD220",
        "https://dasdas.jp/works/detail/DAZD050"
      ],
      "count": 5
    }
  },
  {
    "https://dasdas.jp/works/list/date/2013-08-25": {
      "href": [
        "https://dasdas.jp/works/detail/DASD222",
        "https://dasdas.jp/works/detail/DASD221",
        "https://dasdas.jp/works/detail/DASD224",
        "https://dasdas.jp/works/detail/DAZD051"
      ],
      "count": 4
    }
  },
  {
    "https://dasdas.jp/works/list/date/2013-09-25": {
      "href": [
        "https://dasdas.jp/works/detail/DASD225",
        "https://dasdas.jp/works/detail/DASD226",
        "https://dasdas.jp/works/detail/DASD227",
        "https://dasdas.jp/works/detail/DASD228",
        "https://dasdas.jp/works/detail/DAZD052"
      ],
      "count": 5
    }
  },
  {
    "https://dasdas.jp/works/list/date/2013-10-25": {
      "href": [
        "https://dasdas.jp/works/detail/DASD230",
        "https://dasdas.jp/works/detail/DASD231",
        "https://dasdas.jp/works/detail/DASD232",
        "https://dasdas.jp/works/detail/DAZD053"
      ],
      "count": 4
    }
  },
  {
    "https://dasdas.jp/works/list/date/2013-11-25": {
      "href": [
        "https://dasdas.jp/works/detail/DASD233",
        "https://dasdas.jp/works/detail/DASD234",
        "https://dasdas.jp/works/detail/PLA036",
        "https://dasdas.jp/works/detail/DAZD054"
      ],
      "count": 4
    }
  },
  {
    "https://dasdas.jp/works/list/date/2013-12-25": {
      "href": [
        "https://dasdas.jp/works/detail/DASD236",
        "https://dasdas.jp/works/detail/DASD237",
        "https://dasdas.jp/works/detail/DASD238",
        "https://dasdas.jp/works/detail/DAZD055"
      ],
      "count": 4
    }
  },
  {
    "https://dasdas.jp/works/list/date/2014-01-25": {
      "href": [
        "https://dasdas.jp/works/detail/DASD239",
        "https://dasdas.jp/works/detail/DASD240",
        "https://dasdas.jp/works/detail/DASD241",
        "https://dasdas.jp/works/detail/PLA038",
        "https://dasdas.jp/works/detail/PLB005"
      ],
      "count": 5
    }
  },
  {
    "https://dasdas.jp/works/list/date/2014-02-25": {
      "href": [
        "https://dasdas.jp/works/detail/DASD243",
        "https://dasdas.jp/works/detail/DASD244",
        "https://dasdas.jp/works/detail/DASD242",
        "https://dasdas.jp/works/detail/DASD245",
        "https://dasdas.jp/works/detail/DAZD056"
      ],
      "count": 5
    }
  },
  {
    "https://dasdas.jp/works/list/date/2014-03-25": {
      "href": [
        "https://dasdas.jp/works/detail/DASD247",
        "https://dasdas.jp/works/detail/DASD246",
        "https://dasdas.jp/works/detail/PLA039"
      ],
      "count": 3
    }
  },
  {
    "https://dasdas.jp/works/list/date/2014-04-25": {
      "href": [
        "https://dasdas.jp/works/detail/DASD248",
        "https://dasdas.jp/works/detail/DASD249",
        "https://dasdas.jp/works/detail/DASD250",
        "https://dasdas.jp/works/detail/PLA040",
        "https://dasdas.jp/works/detail/DAZD057"
      ],
      "count": 5
    }
  },
  {
    "https://dasdas.jp/works/list/date/2014-05-25": {
      "href": [
        "https://dasdas.jp/works/detail/DASD251",
        "https://dasdas.jp/works/detail/DASD252",
        "https://dasdas.jp/works/detail/DASD253",
        "https://dasdas.jp/works/detail/DAZD058"
      ],
      "count": 4
    }
  },
  {
    "https://dasdas.jp/works/list/date/2014-06-25": {
      "href": [
        "https://dasdas.jp/works/detail/DAZD059",
        "https://dasdas.jp/works/detail/DASD257",
        "https://dasdas.jp/works/detail/DASD256",
        "https://dasdas.jp/works/detail/DASD255"
      ],
      "count": 4
    }
  },
  {
    "https://dasdas.jp/works/list/date/2014-08-01": {
      "href": [
        "https://dasdas.jp/works/detail/AVOP061"
      ],
      "count": 1
    }
  },
  {
    "https://dasdas.jp/works/list/date/2014-07-25": {
      "href": [
        "https://dasdas.jp/works/detail/DASD258",
        "https://dasdas.jp/works/detail/DASD260",
        "https://dasdas.jp/works/detail/DASD259",
        "https://dasdas.jp/works/detail/DAZD060"
      ],
      "count": 4
    }
  },
  {
    "https://dasdas.jp/works/list/date/2014-08-25": {
      "href": [
        "https://dasdas.jp/works/detail/DASD262",
        "https://dasdas.jp/works/detail/DASD261",
        "https://dasdas.jp/works/detail/DASD263",
        "https://dasdas.jp/works/detail/DAZD061"
      ],
      "count": 4
    }
  },
  {
    "https://dasdas.jp/works/list/date/2014-09-25": {
      "href": [
        "https://dasdas.jp/works/detail/DASD265",
        "https://dasdas.jp/works/detail/DASD266",
        "https://dasdas.jp/works/detail/PLA041",
        "https://dasdas.jp/works/detail/DASD268",
        "https://dasdas.jp/works/detail/DAZD062"
      ],
      "count": 5
    }
  },
  {
    "https://dasdas.jp/works/list/date/2014-10-25": {
      "href": [
        "https://dasdas.jp/works/detail/DASD269",
        "https://dasdas.jp/works/detail/DASD271",
        "https://dasdas.jp/works/detail/DAZD063"
      ],
      "count": 3
    }
  },
  {
    "https://dasdas.jp/works/list/date/2014-11-25": {
      "href": [
        "https://dasdas.jp/works/detail/DASD273",
        "https://dasdas.jp/works/detail/DASD274",
        "https://dasdas.jp/works/detail/DASD275",
        "https://dasdas.jp/works/detail/PLA042",
        "https://dasdas.jp/works/detail/DAZD064"
      ],
      "count": 5
    }
  },
  {
    "https://dasdas.jp/works/list/date/2014-12-25": {
      "href": [
        "https://dasdas.jp/works/detail/DASD277",
        "https://dasdas.jp/works/detail/DAZD065"
      ],
      "count": 2
    }
  },
  {
    "https://dasdas.jp/works/list/date/2015-01-25": {
      "href": [
        "https://dasdas.jp/works/detail/DASD278",
        "https://dasdas.jp/works/detail/DASD279",
        "https://dasdas.jp/works/detail/DASD280",
        "https://dasdas.jp/works/detail/DAZD066"
      ],
      "count": 4
    }
  },
  {
    "https://dasdas.jp/works/list/date/2015-02-25": {
      "href": [
        "https://dasdas.jp/works/detail/DASD282",
        "https://dasdas.jp/works/detail/DASD283",
        "https://dasdas.jp/works/detail/DAZD067"
      ],
      "count": 3
    }
  },
  {
    "https://dasdas.jp/works/list/date/2015-03-25": {
      "href": [
        "https://dasdas.jp/works/detail/DASD286",
        "https://dasdas.jp/works/detail/DASD285",
        "https://dasdas.jp/works/detail/DASD287",
        "https://dasdas.jp/works/detail/DAZD068"
      ],
      "count": 4
    }
  },
  {
    "https://dasdas.jp/works/list/date/2015-04-25": {
      "href": [
        "https://dasdas.jp/works/detail/DASD288",
        "https://dasdas.jp/works/detail/DASD289",
        "https://dasdas.jp/works/detail/DASD291",
        "https://dasdas.jp/works/detail/DAZD069"
      ],
      "count": 4
    }
  },
  {
    "https://dasdas.jp/works/list/date/2015-05-25": {
      "href": [
        "https://dasdas.jp/works/detail/DASD293",
        "https://dasdas.jp/works/detail/DASD292",
        "https://dasdas.jp/works/detail/PLA046",
        "https://dasdas.jp/works/detail/DASD294",
        "https://dasdas.jp/works/detail/DASD295",
        "https://dasdas.jp/works/detail/DAZD070"
      ],
      "count": 6
    }
  },
  {
    "https://dasdas.jp/works/list/date/2015-06-25": {
      "href": [
        "https://dasdas.jp/works/detail/DASD297",
        "https://dasdas.jp/works/detail/DASD296",
        "https://dasdas.jp/works/detail/PLA048",
        "https://dasdas.jp/works/detail/DAZD071"
      ],
      "count": 4
    }
  },
  {
    "https://dasdas.jp/works/list/date/2013-06-25": {
      "href": [
        "https://dasdas.jp/works/detail/DASD213",
        "https://dasdas.jp/works/detail/DASD214",
        "https://dasdas.jp/works/detail/DASD215",
        "https://dasdas.jp/works/detail/DASD216",
        "https://dasdas.jp/works/detail/DASD217",
        "https://dasdas.jp/works/detail/DAZD049"
      ],
      "count": 6
    }
  },
  {
    "https://dasdas.jp/works/list/date/2015-07-25": {
      "href": [
        "https://dasdas.jp/works/detail/DASD300",
        "https://dasdas.jp/works/detail/PLA049",
        "https://dasdas.jp/works/detail/DASD299",
        "https://dasdas.jp/works/detail/DASD298"
      ],
      "count": 4
    }
  },
  {
    "https://dasdas.jp/works/list/date/2015-08-25": {
      "href": [
        "https://dasdas.jp/works/detail/DASD303",
        "https://dasdas.jp/works/detail/PLA050",
        "https://dasdas.jp/works/detail/DASD302",
        "https://dasdas.jp/works/detail/PLB007"
      ],
      "count": 4
    }
  },
  {
    "https://dasdas.jp/works/list/date/2015-09-25": {
      "href": [
        "https://dasdas.jp/works/detail/DASD304",
        "https://dasdas.jp/works/detail/DASD306",
        "https://dasdas.jp/works/detail/DASD307",
        "https://dasdas.jp/works/detail/DAZD072"
      ],
      "count": 4
    }
  },
  {
    "https://dasdas.jp/works/list/date/2015-10-25": {
      "href": [
        "https://dasdas.jp/works/detail/DASD308",
        "https://dasdas.jp/works/detail/PLA051",
        "https://dasdas.jp/works/detail/DASD309",
        "https://dasdas.jp/works/detail/DAZD073"
      ],
      "count": 4
    }
  },
  {
    "https://dasdas.jp/works/list/date/2015-11-25": {
      "href": [
        "https://dasdas.jp/works/detail/DASD310",
        "https://dasdas.jp/works/detail/DASD311",
        "https://dasdas.jp/works/detail/DASD312",
        "https://dasdas.jp/works/detail/PLA052"
      ],
      "count": 4
    }
  },
  {
    "https://dasdas.jp/works/list/date/2015-12-08": {
      "href": [
        "https://dasdas.jp/works/detail/DASD314"
      ],
      "count": 1
    }
  },
  {
    "https://dasdas.jp/works/list/date/2015-12-25": {
      "href": [
        "https://dasdas.jp/works/detail/DASD315",
        "https://dasdas.jp/works/detail/PLA053",
        "https://dasdas.jp/works/detail/DASD316",
        "https://dasdas.jp/works/detail/DASD317",
        "https://dasdas.jp/works/detail/DAZD075"
      ],
      "count": 5
    }
  },
  {
    "https://dasdas.jp/works/list/date/2016-01-25": {
      "href": [
        "https://dasdas.jp/works/detail/DASD319",
        "https://dasdas.jp/works/detail/DASD320",
        "https://dasdas.jp/works/detail/DASD313",
        "https://dasdas.jp/works/detail/DAZD076"
      ],
      "count": 4
    }
  },
  {
    "https://dasdas.jp/works/list/date/2016-02-25": {
      "href": [
        "https://dasdas.jp/works/detail/DASD321",
        "https://dasdas.jp/works/detail/DASD325",
        "https://dasdas.jp/works/detail/DASD323",
        "https://dasdas.jp/works/detail/DASD322",
        "https://dasdas.jp/works/detail/DASD324",
        "https://dasdas.jp/works/detail/PLA056",
        "https://dasdas.jp/works/detail/DAZD077"
      ],
      "count": 7
    }
  },
  {
    "https://dasdas.jp/works/list/date/2016-03-25": {
      "href": [
        "https://dasdas.jp/works/detail/DASD326",
        "https://dasdas.jp/works/detail/PLA057",
        "https://dasdas.jp/works/detail/DASD327",
        "https://dasdas.jp/works/detail/DASD330",
        "https://dasdas.jp/works/detail/DAZD078"
      ],
      "count": 5
    }
  },
  {
    "https://dasdas.jp/works/list/date/2016-04-25": {
      "href": [
        "https://dasdas.jp/works/detail/PLA058",
        "https://dasdas.jp/works/detail/DASD333",
        "https://dasdas.jp/works/detail/DASD332",
        "https://dasdas.jp/works/detail/DASD331",
        "https://dasdas.jp/works/detail/DAZD079"
      ],
      "count": 5
    }
  },
  {
    "https://dasdas.jp/works/list/date/2016-05-25": {
      "href": [
        "https://dasdas.jp/works/detail/DASD334",
        "https://dasdas.jp/works/detail/DASD335",
        "https://dasdas.jp/works/detail/DASD336",
        "https://dasdas.jp/works/detail/PLB008"
      ],
      "count": 4
    }
  },
  {
    "https://dasdas.jp/works/list/date/2016-06-25": {
      "href": [
        "https://dasdas.jp/works/detail/DASD340",
        "https://dasdas.jp/works/detail/DASD337",
        "https://dasdas.jp/works/detail/DASD338",
        "https://dasdas.jp/works/detail/DASD339",
        "https://dasdas.jp/works/detail/PLA059",
        "https://dasdas.jp/works/detail/PLB009"
      ],
      "count": 6
    }
  },
  {
    "https://dasdas.jp/works/list/date/2016-07-25": {
      "href": [
        "https://dasdas.jp/works/detail/DASD341",
        "https://dasdas.jp/works/detail/DASD342",
        "https://dasdas.jp/works/detail/DASD343",
        "https://dasdas.jp/works/detail/DAZD080"
      ],
      "count": 4
    }
  },
  {
    "https://dasdas.jp/works/list/date/2016-08-25": {
      "href": [
        "https://dasdas.jp/works/detail/DASD345",
        "https://dasdas.jp/works/detail/DASD347",
        "https://dasdas.jp/works/detail/DASD346",
        "https://dasdas.jp/works/detail/DASD348"
      ],
      "count": 4
    }
  },
  {
    "https://dasdas.jp/works/list/date/2016-09-01": {
      "href": [
        "https://dasdas.jp/works/detail/AVOP256"
      ],
      "count": 1
    }
  },
  {
    "https://dasdas.jp/works/list/date/2016-09-25": {
      "href": [
        "https://dasdas.jp/works/detail/DASD349",
        "https://dasdas.jp/works/detail/DASD351",
        "https://dasdas.jp/works/detail/DASD350",
        "https://dasdas.jp/works/detail/PLA060",
        "https://dasdas.jp/works/detail/DAZD082"
      ],
      "count": 5
    }
  },
  {
    "https://dasdas.jp/works/list/date/2016-11-01": {
      "href": [
        "https://dasdas.jp/works/detail/DASD355",
        "https://dasdas.jp/works/detail/DASD354",
        "https://dasdas.jp/works/detail/DASD352"
      ],
      "count": 3
    }
  },
  {
    "https://dasdas.jp/works/list/date/2016-12-01": {
      "href": [
        "https://dasdas.jp/works/detail/DASD358",
        "https://dasdas.jp/works/detail/DASD360",
        "https://dasdas.jp/works/detail/DASD357",
        "https://dasdas.jp/works/detail/DASD359",
        "https://dasdas.jp/works/detail/PLA061"
      ],
      "count": 5
    }
  },
  {
    "https://dasdas.jp/works/list/date/2016-12-08": {
      "href": [
        "https://dasdas.jp/works/detail/DASD356"
      ],
      "count": 1
    }
  },
  {
    "https://dasdas.jp/works/list/date/2017-01-01": {
      "href": [
        "https://dasdas.jp/works/detail/DASD363",
        "https://dasdas.jp/works/detail/DASD361",
        "https://dasdas.jp/works/detail/DASD362"
      ],
      "count": 3
    }
  },
  {
    "https://dasdas.jp/works/list/date/2017-02-07": {
      "href": [
        "https://dasdas.jp/works/detail/DASD366",
        "https://dasdas.jp/works/detail/DASD364",
        "https://dasdas.jp/works/detail/DASD368",
        "https://dasdas.jp/works/detail/DASD365",
        "https://dasdas.jp/works/detail/DASD367",
        "https://dasdas.jp/works/detail/DAZD084"
      ],
      "count": 6
    }
  },
  {
    "https://dasdas.jp/works/list/date/2017-03-07": {
      "href": [
        "https://dasdas.jp/works/detail/DASD369",
        "https://dasdas.jp/works/detail/PLA062",
        "https://dasdas.jp/works/detail/DASD370",
        "https://dasdas.jp/works/detail/DASD371"
      ],
      "count": 4
    }
  },
  {
    "https://dasdas.jp/works/list/date/2017-04-13": {
      "href": [
        "https://dasdas.jp/works/detail/DASD374",
        "https://dasdas.jp/works/detail/DASD373",
        "https://dasdas.jp/works/detail/PLA063"
      ],
      "count": 3
    }
  },
  {
    "https://dasdas.jp/works/list/date/2017-05-07": {
      "href": [
        "https://dasdas.jp/works/detail/DASD376",
        "https://dasdas.jp/works/detail/DASD380"
      ],
      "count": 2
    }
  },
  {
    "https://dasdas.jp/works/list/date/2017-05-13": {
      "href": [
        "https://dasdas.jp/works/detail/DSVR001",
        "https://dasdas.jp/works/detail/DASD375",
        "https://dasdas.jp/works/detail/DASD377",
        "https://dasdas.jp/works/detail/DASD379",
        "https://dasdas.jp/works/detail/DASD378"
      ],
      "count": 5
    }
  },
  {
    "https://dasdas.jp/works/list/date/2017-05-25": {
      "href": [
        "https://dasdas.jp/works/detail/DSVR002"
      ],
      "count": 1
    }
  },
  {
    "https://dasdas.jp/works/list/date/2017-06-13": {
      "href": [
        "https://dasdas.jp/works/detail/DASD381",
        "https://dasdas.jp/works/detail/DASD382",
        "https://dasdas.jp/works/detail/PLA064"
      ],
      "count": 3
    }
  },
  {
    "https://dasdas.jp/works/list/date/2017-07-07": {
      "href": [
        "https://dasdas.jp/works/detail/DASD383"
      ],
      "count": 1
    }
  },
  {
    "https://dasdas.jp/works/list/date/2017-06-25": {
      "href": [
        "https://dasdas.jp/works/detail/DSVR003"
      ],
      "count": 1
    }
  },
  {
    "https://dasdas.jp/works/list/date/2017-07-28": {
      "href": [
        "https://dasdas.jp/works/detail/DSVR004"
      ],
      "count": 1
    }
  },
  {
    "https://dasdas.jp/works/list/date/2017-08-01": {
      "href": [
        "https://dasdas.jp/works/detail/AVOPVR025"
      ],
      "count": 1
    }
  },
  {
    "https://dasdas.jp/works/list/date/2017-07-25": {
      "href": [
        "https://dasdas.jp/works/detail/DSVR005"
      ],
      "count": 1
    }
  },
  {
    "https://dasdas.jp/works/list/date/2017-08-31": {
      "href": [
        "https://dasdas.jp/works/detail/DSVR006"
      ],
      "count": 1
    }
  },
  {
    "https://dasdas.jp/works/list/date/2017-08-25": {
      "href": [
        "https://dasdas.jp/works/detail/DSVR010",
        "https://dasdas.jp/works/detail/DSVR009",
        "https://dasdas.jp/works/detail/DSVR008",
        "https://dasdas.jp/works/detail/DSVR007"
      ],
      "count": 4
    }
  },
  {
    "https://dasdas.jp/works/list/date/2017-09-01": {
      "href": [
        "https://dasdas.jp/works/detail/AVOP319"
      ],
      "count": 1
    }
  },
  {
    "https://dasdas.jp/works/list/date/2017-08-13": {
      "href": [
        "https://dasdas.jp/works/detail/DASD389",
        "https://dasdas.jp/works/detail/PLA065",
        "https://dasdas.jp/works/detail/DASD385",
        "https://dasdas.jp/works/detail/DASD386",
        "https://dasdas.jp/works/detail/DASD387",
        "https://dasdas.jp/works/detail/DASD388"
      ],
      "count": 6
    }
  },
  {
    "https://dasdas.jp/works/list/date/2017-09-19": {
      "href": [
        "https://dasdas.jp/works/detail/DASD395",
        "https://dasdas.jp/works/detail/DASD392",
        "https://dasdas.jp/works/detail/DASD393",
        "https://dasdas.jp/works/detail/DASD391",
        "https://dasdas.jp/works/detail/DASD394",
        "https://dasdas.jp/works/detail/DASD390"
      ],
      "count": 6
    }
  },
  {
    "https://dasdas.jp/works/list/date/2017-10-13": {
      "href": [
        "https://dasdas.jp/works/detail/DASD399",
        "https://dasdas.jp/works/detail/DASD397",
        "https://dasdas.jp/works/detail/DASD396",
        "https://dasdas.jp/works/detail/DASD398"
      ],
      "count": 4
    }
  },
  {
    "https://dasdas.jp/works/list/date/2017-11-01": {
      "href": [
        "https://dasdas.jp/works/detail/DSVR013",
        "https://dasdas.jp/works/detail/DSVR012",
        "https://dasdas.jp/works/detail/DSVR011"
      ],
      "count": 3
    }
  },
  {
    "https://dasdas.jp/works/list/date/2017-11-07": {
      "href": [
        "https://dasdas.jp/works/detail/DASD400",
        "https://dasdas.jp/works/detail/DASD401",
        "https://dasdas.jp/works/detail/DASD402",
        "https://dasdas.jp/works/detail/DAZD085"
      ],
      "count": 4
    }
  },
  {
    "https://dasdas.jp/works/list/date/2017-11-30": {
      "href": [
        "https://dasdas.jp/works/detail/DSVR014"
      ],
      "count": 1
    }
  },
  {
    "https://dasdas.jp/works/list/date/2017-12-06": {
      "href": [
        "https://dasdas.jp/works/detail/DSVR017"
      ],
      "count": 1
    }
  },
  {
    "https://dasdas.jp/works/list/date/2017-12-05": {
      "href": [
        "https://dasdas.jp/works/detail/DSVR015"
      ],
      "count": 1
    }
  },
  {
    "https://dasdas.jp/works/list/date/2017-12-12": {
      "href": [
        "https://dasdas.jp/works/detail/DSVR018"
      ],
      "count": 1
    }
  },
  {
    "https://dasdas.jp/works/list/date/2017-12-25": {
      "href": [
        "https://dasdas.jp/works/detail/DAZD086"
      ],
      "count": 1
    }
  },
  {
    "https://dasdas.jp/works/list/date/2017-12-13": {
      "href": [
        "https://dasdas.jp/works/detail/DSVR016",
        "https://dasdas.jp/works/detail/DASD404",
        "https://dasdas.jp/works/detail/DASD403",
        "https://dasdas.jp/works/detail/DASD405",
        "https://dasdas.jp/works/detail/PLA066",
        "https://dasdas.jp/works/detail/DASD406"
      ],
      "count": 6
    }
  }
]