[
  {
    "https://fitch-av.com/works/list/date/2011-05-13": {
      "href": [
        "https://fitch-av.com/works/detail/JUFD145"
      ],
      "count": 1
    }
  },
  {
    "https://fitch-av.com/works/list/date/2011-05-01": {
      "href": [
        "https://fitch-av.com/works/detail/JUFD144",
        "https://fitch-av.com/works/detail/JUFD146",
        "https://fitch-av.com/works/detail/JUFD147",
        "https://fitch-av.com/works/detail/JUFD148",
        "https://fitch-av.com/works/detail/JUFD149"
      ],
      "count": 5
    }
  },
  {
    "https://fitch-av.com/works/list/date/2011-06-01": {
      "href": [
        "https://fitch-av.com/works/detail/JUFD150",
        "https://fitch-av.com/works/detail/JUFD152",
        "https://fitch-av.com/works/detail/JUFD153",
        "https://fitch-av.com/works/detail/JUFD154",
        "https://fitch-av.com/works/detail/JUFD155"
      ],
      "count": 5
    }
  },
  {
    "https://fitch-av.com/works/list/date/2011-07-01": {
      "href": [
        "https://fitch-av.com/works/detail/JUFD156",
        "https://fitch-av.com/works/detail/JUFD157",
        "https://fitch-av.com/works/detail/JUFD158",
        "https://fitch-av.com/works/detail/JUFD159",
        "https://fitch-av.com/works/detail/JUFD161"
      ],
      "count": 5
    }
  },
  {
    "https://fitch-av.com/works/list/date/2011-07-22": {
      "href": [
        "https://fitch-av.com/works/detail/JUFD160"
      ],
      "count": 1
    }
  },
  {
    "https://fitch-av.com/works/list/date/2011-08-01": {
      "href": [
        "https://fitch-av.com/works/detail/JUFD162",
        "https://fitch-av.com/works/detail/JUFD165",
        "https://fitch-av.com/works/detail/JUFD166",
        "https://fitch-av.com/works/detail/JUFD167"
      ],
      "count": 4
    }
  },
  {
    "https://fitch-av.com/works/list/date/2011-09-01": {
      "href": [
        "https://fitch-av.com/works/detail/JUFD168",
        "https://fitch-av.com/works/detail/JUFD169",
        "https://fitch-av.com/works/detail/JUFD170",
        "https://fitch-av.com/works/detail/JUFD172",
        "https://fitch-av.com/works/detail/JUFD173"
      ],
      "count": 5
    }
  },
  {
    "https://fitch-av.com/works/list/date/2011-10-01": {
      "href": [
        "https://fitch-av.com/works/detail/JUFD174",
        "https://fitch-av.com/works/detail/JUFD175",
        "https://fitch-av.com/works/detail/JUFD176",
        "https://fitch-av.com/works/detail/JUFD177",
        "https://fitch-av.com/works/detail/JUFD178",
        "https://fitch-av.com/works/detail/JUFD179"
      ],
      "count": 6
    }
  },
  {
    "https://fitch-av.com/works/list/date/2011-11-01": {
      "href": [
        "https://fitch-av.com/works/detail/JUFD180",
        "https://fitch-av.com/works/detail/JUFD181",
        "https://fitch-av.com/works/detail/JUFD182",
        "https://fitch-av.com/works/detail/JUFD183",
        "https://fitch-av.com/works/detail/JUFD184",
        "https://fitch-av.com/works/detail/JUFD185"
      ],
      "count": 6
    }
  },
  {
    "https://fitch-av.com/works/list/date/2011-12-01": {
      "href": [
        "https://fitch-av.com/works/detail/JUFD186",
        "https://fitch-av.com/works/detail/JUFD187",
        "https://fitch-av.com/works/detail/JUFD188",
        "https://fitch-av.com/works/detail/JUFD189",
        "https://fitch-av.com/works/detail/JUFD190",
        "https://fitch-av.com/works/detail/JUFD191"
      ],
      "count": 6
    }
  },
  {
    "https://fitch-av.com/works/list/date/2012-01-01": {
      "href": [
        "https://fitch-av.com/works/detail/JUFD192",
        "https://fitch-av.com/works/detail/JUFD193",
        "https://fitch-av.com/works/detail/JUFD194",
        "https://fitch-av.com/works/detail/JUFD195",
        "https://fitch-av.com/works/detail/JUFD196",
        "https://fitch-av.com/works/detail/JUFD197"
      ],
      "count": 6
    }
  },
  {
    "https://fitch-av.com/works/list/date/2012-02-01": {
      "href": [
        "https://fitch-av.com/works/detail/JUFD198",
        "https://fitch-av.com/works/detail/JUFD199",
        "https://fitch-av.com/works/detail/JUFD200",
        "https://fitch-av.com/works/detail/JUFD201",
        "https://fitch-av.com/works/detail/JUFD202",
        "https://fitch-av.com/works/detail/JUFD203"
      ],
      "count": 6
    }
  },
  {
    "https://fitch-av.com/works/list/date/2012-03-01": {
      "href": [
        "https://fitch-av.com/works/detail/JUFD204",
        "https://fitch-av.com/works/detail/JUFD205",
        "https://fitch-av.com/works/detail/JUFD206",
        "https://fitch-av.com/works/detail/JUFD208",
        "https://fitch-av.com/works/detail/JFB018"
      ],
      "count": 5
    }
  },
  {
    "https://fitch-av.com/works/list/date/2012-04-01": {
      "href": [
        "https://fitch-av.com/works/detail/JUFD209",
        "https://fitch-av.com/works/detail/JUFD210",
        "https://fitch-av.com/works/detail/JUFD211",
        "https://fitch-av.com/works/detail/JUFD212",
        "https://fitch-av.com/works/detail/JUFD213",
        "https://fitch-av.com/works/detail/JFB019"
      ],
      "count": 6
    }
  },
  {
    "https://fitch-av.com/works/list/date/2012-05-01": {
      "href": [
        "https://fitch-av.com/works/detail/JUFD214",
        "https://fitch-av.com/works/detail/JUFD215",
        "https://fitch-av.com/works/detail/JUFD216",
        "https://fitch-av.com/works/detail/JUFD217",
        "https://fitch-av.com/works/detail/JUFD218",
        "https://fitch-av.com/works/detail/JFB020"
      ],
      "count": 6
    }
  },
  {
    "https://fitch-av.com/works/list/date/2012-06-01": {
      "href": [
        "https://fitch-av.com/works/detail/JUFD219",
        "https://fitch-av.com/works/detail/JUFD220",
        "https://fitch-av.com/works/detail/JUFD221",
        "https://fitch-av.com/works/detail/JUFD222",
        "https://fitch-av.com/works/detail/JUFD223",
        "https://fitch-av.com/works/detail/JFB021"
      ],
      "count": 6
    }
  },
  {
    "https://fitch-av.com/works/list/date/2012-07-01": {
      "href": [
        "https://fitch-av.com/works/detail/JUFD224",
        "https://fitch-av.com/works/detail/JUFD226",
        "https://fitch-av.com/works/detail/JUFD227",
        "https://fitch-av.com/works/detail/JUFD228",
        "https://fitch-av.com/works/detail/JFB022"
      ],
      "count": 5
    }
  },
  {
    "https://fitch-av.com/works/list/date/2012-08-01": {
      "href": [
        "https://fitch-av.com/works/detail/JUFD229",
        "https://fitch-av.com/works/detail/JUFD230",
        "https://fitch-av.com/works/detail/JUFD231",
        "https://fitch-av.com/works/detail/JUFD232",
        "https://fitch-av.com/works/detail/JUFD233",
        "https://fitch-av.com/works/detail/JFB023"
      ],
      "count": 6
    }
  },
  {
    "https://fitch-av.com/works/list/date/2012-09-01": {
      "href": [
        "https://fitch-av.com/works/detail/JUFD234",
        "https://fitch-av.com/works/detail/JUFD235",
        "https://fitch-av.com/works/detail/JUFD236",
        "https://fitch-av.com/works/detail/JUFD237",
        "https://fitch-av.com/works/detail/JUFD238",
        "https://fitch-av.com/works/detail/JFB024"
      ],
      "count": 6
    }
  },
  {
    "https://fitch-av.com/works/list/date/2012-10-01": {
      "href": [
        "https://fitch-av.com/works/detail/JUFD239",
        "https://fitch-av.com/works/detail/JUFD240",
        "https://fitch-av.com/works/detail/JUFD241",
        "https://fitch-av.com/works/detail/JUFD242",
        "https://fitch-av.com/works/detail/JUFD243",
        "https://fitch-av.com/works/detail/JFB025"
      ],
      "count": 6
    }
  },
  {
    "https://fitch-av.com/works/list/date/2012-11-01": {
      "href": [
        "https://fitch-av.com/works/detail/JUFD244",
        "https://fitch-av.com/works/detail/JUFD245",
        "https://fitch-av.com/works/detail/JUFD246",
        "https://fitch-av.com/works/detail/JUFD247",
        "https://fitch-av.com/works/detail/JUFD248",
        "https://fitch-av.com/works/detail/JFB026",
        "https://fitch-av.com/works/detail/JFB027"
      ],
      "count": 7
    }
  },
  {
    "https://fitch-av.com/works/list/date/2012-12-01": {
      "href": [
        "https://fitch-av.com/works/detail/JUFD250",
        "https://fitch-av.com/works/detail/JUFD251",
        "https://fitch-av.com/works/detail/JUFD252",
        "https://fitch-av.com/works/detail/JUFD253",
        "https://fitch-av.com/works/detail/JUFD254",
        "https://fitch-av.com/works/detail/JUFD255",
        "https://fitch-av.com/works/detail/JFB028",
        "https://fitch-av.com/works/detail/JFB029"
      ],
      "count": 8
    }
  },
  {
    "https://fitch-av.com/works/list/date/2013-01-01": {
      "href": [
        "https://fitch-av.com/works/detail/JUFD256",
        "https://fitch-av.com/works/detail/JUFD257",
        "https://fitch-av.com/works/detail/JUFD258",
        "https://fitch-av.com/works/detail/JUFD259",
        "https://fitch-av.com/works/detail/JUFD260",
        "https://fitch-av.com/works/detail/JUFD261",
        "https://fitch-av.com/works/detail/JFB030",
        "https://fitch-av.com/works/detail/JFB031"
      ],
      "count": 8
    }
  },
  {
    "https://fitch-av.com/works/list/date/2013-02-01": {
      "href": [
        "https://fitch-av.com/works/detail/JUFD262",
        "https://fitch-av.com/works/detail/JUFD263",
        "https://fitch-av.com/works/detail/JUFD265",
        "https://fitch-av.com/works/detail/JUFD266",
        "https://fitch-av.com/works/detail/JFB032",
        "https://fitch-av.com/works/detail/JFB033"
      ],
      "count": 6
    }
  },
  {
    "https://fitch-av.com/works/list/date/2013-03-01": {
      "href": [
        "https://fitch-av.com/works/detail/JUFD267",
        "https://fitch-av.com/works/detail/JUFD268",
        "https://fitch-av.com/works/detail/JUFD269",
        "https://fitch-av.com/works/detail/JUFD270",
        "https://fitch-av.com/works/detail/JUFD271",
        "https://fitch-av.com/works/detail/JFB034",
        "https://fitch-av.com/works/detail/JFB035"
      ],
      "count": 7
    }
  },
  {
    "https://fitch-av.com/works/list/date/2013-04-01": {
      "href": [
        "https://fitch-av.com/works/detail/JUFD272",
        "https://fitch-av.com/works/detail/JUFD273",
        "https://fitch-av.com/works/detail/JUFD274",
        "https://fitch-av.com/works/detail/JUFD275",
        "https://fitch-av.com/works/detail/JUFD276",
        "https://fitch-av.com/works/detail/JFB036",
        "https://fitch-av.com/works/detail/JFB037"
      ],
      "count": 7
    }
  },
  {
    "https://fitch-av.com/works/list/date/2013-05-01": {
      "href": [
        "https://fitch-av.com/works/detail/JUFD277",
        "https://fitch-av.com/works/detail/JUFD278",
        "https://fitch-av.com/works/detail/JUFD279",
        "https://fitch-av.com/works/detail/JUFD280",
        "https://fitch-av.com/works/detail/JUFD281",
        "https://fitch-av.com/works/detail/JUFD282",
        "https://fitch-av.com/works/detail/JFB038",
        "https://fitch-av.com/works/detail/JFB039"
      ],
      "count": 8
    }
  },
  {
    "https://fitch-av.com/works/list/date/2013-06-01": {
      "href": [
        "https://fitch-av.com/works/detail/JUFD283",
        "https://fitch-av.com/works/detail/JUFD284",
        "https://fitch-av.com/works/detail/JUFD286",
        "https://fitch-av.com/works/detail/JUFD287",
        "https://fitch-av.com/works/detail/JUFD288",
        "https://fitch-av.com/works/detail/JFB040",
        "https://fitch-av.com/works/detail/JFB041"
      ],
      "count": 7
    }
  },
  {
    "https://fitch-av.com/works/list/date/2013-07-01": {
      "href": [
        "https://fitch-av.com/works/detail/JUFD290",
        "https://fitch-av.com/works/detail/JUFD291",
        "https://fitch-av.com/works/detail/JUFD292",
        "https://fitch-av.com/works/detail/JUFD293",
        "https://fitch-av.com/works/detail/JUFD294",
        "https://fitch-av.com/works/detail/JUFD295",
        "https://fitch-av.com/works/detail/JFB042",
        "https://fitch-av.com/works/detail/JFB043"
      ],
      "count": 8
    }
  },
  {
    "https://fitch-av.com/works/list/date/2013-08-01": {
      "href": [
        "https://fitch-av.com/works/detail/JUFD297",
        "https://fitch-av.com/works/detail/JUFD298",
        "https://fitch-av.com/works/detail/JUFD299",
        "https://fitch-av.com/works/detail/JUFD300",
        "https://fitch-av.com/works/detail/JUFD301",
        "https://fitch-av.com/works/detail/JUFD302",
        "https://fitch-av.com/works/detail/JFB044",
        "https://fitch-av.com/works/detail/JFB045"
      ],
      "count": 8
    }
  },
  {
    "https://fitch-av.com/works/list/date/2013-09-01": {
      "href": [
        "https://fitch-av.com/works/detail/JUFD304",
        "https://fitch-av.com/works/detail/JUFD306",
        "https://fitch-av.com/works/detail/JUFD307",
        "https://fitch-av.com/works/detail/JUFD308",
        "https://fitch-av.com/works/detail/JFB046",
        "https://fitch-av.com/works/detail/JFB047"
      ],
      "count": 6
    }
  },
  {
    "https://fitch-av.com/works/list/date/2013-10-01": {
      "href": [
        "https://fitch-av.com/works/detail/JUFD309",
        "https://fitch-av.com/works/detail/JUFD310",
        "https://fitch-av.com/works/detail/JUFD311",
        "https://fitch-av.com/works/detail/JUFD312",
        "https://fitch-av.com/works/detail/JUFD314",
        "https://fitch-av.com/works/detail/JUFD315",
        "https://fitch-av.com/works/detail/JFB048",
        "https://fitch-av.com/works/detail/JFB049"
      ],
      "count": 8
    }
  },
  {
    "https://fitch-av.com/works/list/date/2013-11-01": {
      "href": [
        "https://fitch-av.com/works/detail/JUFD316",
        "https://fitch-av.com/works/detail/JUFD317",
        "https://fitch-av.com/works/detail/JUFD318",
        "https://fitch-av.com/works/detail/JUFD319",
        "https://fitch-av.com/works/detail/JUFD320",
        "https://fitch-av.com/works/detail/JUFD321",
        "https://fitch-av.com/works/detail/JUFD322",
        "https://fitch-av.com/works/detail/JFB050",
        "https://fitch-av.com/works/detail/JFB051"
      ],
      "count": 9
    }
  },
  {
    "https://fitch-av.com/works/list/date/2013-12-01": {
      "href": [
        "https://fitch-av.com/works/detail/JUFD323",
        "https://fitch-av.com/works/detail/JUFD324",
        "https://fitch-av.com/works/detail/JUFD325",
        "https://fitch-av.com/works/detail/JUFD326",
        "https://fitch-av.com/works/detail/JUFD327",
        "https://fitch-av.com/works/detail/JUFD328",
        "https://fitch-av.com/works/detail/JUFD329",
        "https://fitch-av.com/works/detail/JFB052",
        "https://fitch-av.com/works/detail/JFB053"
      ],
      "count": 9
    }
  },
  {
    "https://fitch-av.com/works/list/date/2014-01-01": {
      "href": [
        "https://fitch-av.com/works/detail/JUFD330",
        "https://fitch-av.com/works/detail/JUFD331",
        "https://fitch-av.com/works/detail/JUFD332",
        "https://fitch-av.com/works/detail/JUFD333",
        "https://fitch-av.com/works/detail/JUFD334",
        "https://fitch-av.com/works/detail/JUFD335",
        "https://fitch-av.com/works/detail/JUFD336",
        "https://fitch-av.com/works/detail/JFB054",
        "https://fitch-av.com/works/detail/JFB055"
      ],
      "count": 9
    }
  },
  {
    "https://fitch-av.com/works/list/date/2014-02-01": {
      "href": [
        "https://fitch-av.com/works/detail/JUFD337",
        "https://fitch-av.com/works/detail/JUFD338",
        "https://fitch-av.com/works/detail/JUFD339",
        "https://fitch-av.com/works/detail/JUFD340",
        "https://fitch-av.com/works/detail/JUFD341",
        "https://fitch-av.com/works/detail/JUFD342",
        "https://fitch-av.com/works/detail/JUFD343",
        "https://fitch-av.com/works/detail/JUFD344",
        "https://fitch-av.com/works/detail/JFB056",
        "https://fitch-av.com/works/detail/JFB057"
      ],
      "count": 10
    }
  },
  {
    "https://fitch-av.com/works/list/date/2014-03-01": {
      "href": [
        "https://fitch-av.com/works/detail/JUFD345",
        "https://fitch-av.com/works/detail/JUFD346",
        "https://fitch-av.com/works/detail/JUFD347",
        "https://fitch-av.com/works/detail/JUFD348",
        "https://fitch-av.com/works/detail/JUFD349",
        "https://fitch-av.com/works/detail/JUFD350",
        "https://fitch-av.com/works/detail/JUFD351",
        "https://fitch-av.com/works/detail/JUFD352",
        "https://fitch-av.com/works/detail/JFB058",
        "https://fitch-av.com/works/detail/JFB059"
      ],
      "count": 10
    }
  },
  {
    "https://fitch-av.com/works/list/date/2014-04-01": {
      "href": [
        "https://fitch-av.com/works/detail/JUFD353",
        "https://fitch-av.com/works/detail/JUFD354",
        "https://fitch-av.com/works/detail/JUFD355",
        "https://fitch-av.com/works/detail/JUFD356",
        "https://fitch-av.com/works/detail/JUFD357",
        "https://fitch-av.com/works/detail/JUFD358",
        "https://fitch-av.com/works/detail/JUFD359",
        "https://fitch-av.com/works/detail/JUFD360",
        "https://fitch-av.com/works/detail/JFB060",
        "https://fitch-av.com/works/detail/JFB061"
      ],
      "count": 10
    }
  },
  {
    "https://fitch-av.com/works/list/date/2014-05-01": {
      "href": [
        "https://fitch-av.com/works/detail/JUFD361",
        "https://fitch-av.com/works/detail/JUFD362",
        "https://fitch-av.com/works/detail/JUFD363",
        "https://fitch-av.com/works/detail/JUFD364",
        "https://fitch-av.com/works/detail/JUFD365",
        "https://fitch-av.com/works/detail/JUFD366",
        "https://fitch-av.com/works/detail/JUFD367",
        "https://fitch-av.com/works/detail/JUFD368",
        "https://fitch-av.com/works/detail/JFB062",
        "https://fitch-av.com/works/detail/JFB063"
      ],
      "count": 10
    }
  },
  {
    "https://fitch-av.com/works/list/date/2014-06-01": {
      "href": [
        "https://fitch-av.com/works/detail/JUFD369",
        "https://fitch-av.com/works/detail/JUFD371",
        "https://fitch-av.com/works/detail/JUFD372",
        "https://fitch-av.com/works/detail/JUFD373",
        "https://fitch-av.com/works/detail/JUFD374",
        "https://fitch-av.com/works/detail/JUFD375",
        "https://fitch-av.com/works/detail/JUFD376",
        "https://fitch-av.com/works/detail/JFB064",
        "https://fitch-av.com/works/detail/JFB065"
      ],
      "count": 9
    }
  },
  {
    "https://fitch-av.com/works/list/date/2014-07-01": {
      "href": [
        "https://fitch-av.com/works/detail/AVOP041",
        "https://fitch-av.com/works/detail/JUFD377",
        "https://fitch-av.com/works/detail/JUFD378",
        "https://fitch-av.com/works/detail/JUFD379",
        "https://fitch-av.com/works/detail/JUFD380",
        "https://fitch-av.com/works/detail/JUFD381",
        "https://fitch-av.com/works/detail/JUFD382",
        "https://fitch-av.com/works/detail/JFB066",
        "https://fitch-av.com/works/detail/JFB067"
      ],
      "count": 9
    }
  },
  {
    "https://fitch-av.com/works/list/date/2014-08-01": {
      "href": [
        "https://fitch-av.com/works/detail/JUFD383",
        "https://fitch-av.com/works/detail/JUFD385",
        "https://fitch-av.com/works/detail/JUFD386",
        "https://fitch-av.com/works/detail/JUFD387",
        "https://fitch-av.com/works/detail/JUFD388",
        "https://fitch-av.com/works/detail/JUFD389",
        "https://fitch-av.com/works/detail/JUFD390",
        "https://fitch-av.com/works/detail/JFB068",
        "https://fitch-av.com/works/detail/JFB069",
        "https://fitch-av.com/works/detail/JFB070"
      ],
      "count": 10
    }
  },
  {
    "https://fitch-av.com/works/list/date/2014-09-01": {
      "href": [
        "https://fitch-av.com/works/detail/JUFD391",
        "https://fitch-av.com/works/detail/JUFD392",
        "https://fitch-av.com/works/detail/JUFD394",
        "https://fitch-av.com/works/detail/JUFD395",
        "https://fitch-av.com/works/detail/JUFD396",
        "https://fitch-av.com/works/detail/JUFD397",
        "https://fitch-av.com/works/detail/JUFD398",
        "https://fitch-av.com/works/detail/JUFD399",
        "https://fitch-av.com/works/detail/JFB071",
        "https://fitch-av.com/works/detail/JFB072",
        "https://fitch-av.com/works/detail/JFB073"
      ],
      "count": 11
    }
  },
  {
    "https://fitch-av.com/works/list/date/2014-10-01": {
      "href": [
        "https://fitch-av.com/works/detail/JUFD400",
        "https://fitch-av.com/works/detail/JUFD401",
        "https://fitch-av.com/works/detail/JUFD402",
        "https://fitch-av.com/works/detail/JUFD403",
        "https://fitch-av.com/works/detail/JUFD404",
        "https://fitch-av.com/works/detail/JUFD405",
        "https://fitch-av.com/works/detail/JUFD406",
        "https://fitch-av.com/works/detail/JUFD407",
        "https://fitch-av.com/works/detail/JUFD408",
        "https://fitch-av.com/works/detail/JFB074",
        "https://fitch-av.com/works/detail/JFB075",
        "https://fitch-av.com/works/detail/JFB076"
      ],
      "count": 12
    }
  },
  {
    "https://fitch-av.com/works/list/date/2014-11-01": {
      "href": [
        "https://fitch-av.com/works/detail/JUFD409",
        "https://fitch-av.com/works/detail/JUFD411",
        "https://fitch-av.com/works/detail/JUFD412",
        "https://fitch-av.com/works/detail/JUFD413",
        "https://fitch-av.com/works/detail/JUFD414",
        "https://fitch-av.com/works/detail/JUFD415",
        "https://fitch-av.com/works/detail/JUFD416",
        "https://fitch-av.com/works/detail/JUFD417",
        "https://fitch-av.com/works/detail/JFB077",
        "https://fitch-av.com/works/detail/JFB078",
        "https://fitch-av.com/works/detail/JFB079"
      ],
      "count": 11
    }
  },
  {
    "https://fitch-av.com/works/list/date/2014-12-01": {
      "href": [
        "https://fitch-av.com/works/detail/JUFD420",
        "https://fitch-av.com/works/detail/JUFD422",
        "https://fitch-av.com/works/detail/JUFD423",
        "https://fitch-av.com/works/detail/JUFD424",
        "https://fitch-av.com/works/detail/JUFD425",
        "https://fitch-av.com/works/detail/JUFD426",
        "https://fitch-av.com/works/detail/JFB080",
        "https://fitch-av.com/works/detail/JFB081",
        "https://fitch-av.com/works/detail/JFB082"
      ],
      "count": 9
    }
  },
  {
    "https://fitch-av.com/works/list/date/2015-01-01": {
      "href": [
        "https://fitch-av.com/works/detail/JUFD427",
        "https://fitch-av.com/works/detail/JUFD428",
        "https://fitch-av.com/works/detail/JUFD430",
        "https://fitch-av.com/works/detail/JUFD431",
        "https://fitch-av.com/works/detail/JUFD432",
        "https://fitch-av.com/works/detail/JUFD434",
        "https://fitch-av.com/works/detail/JUFD435",
        "https://fitch-av.com/works/detail/JFB083",
        "https://fitch-av.com/works/detail/JFB084",
        "https://fitch-av.com/works/detail/JFB085"
      ],
      "count": 10
    }
  },
  {
    "https://fitch-av.com/works/list/date/2015-02-01": {
      "href": [
        "https://fitch-av.com/works/detail/JUFD438",
        "https://fitch-av.com/works/detail/JUFD439",
        "https://fitch-av.com/works/detail/JUFD440",
        "https://fitch-av.com/works/detail/JUFD442",
        "https://fitch-av.com/works/detail/JUFD443",
        "https://fitch-av.com/works/detail/JUFD444",
        "https://fitch-av.com/works/detail/JFB086",
        "https://fitch-av.com/works/detail/JFB087",
        "https://fitch-av.com/works/detail/JFB088"
      ],
      "count": 9
    }
  },
  {
    "https://fitch-av.com/works/list/date/2015-03-01": {
      "href": [
        "https://fitch-av.com/works/detail/JUFD446",
        "https://fitch-av.com/works/detail/JUFD447",
        "https://fitch-av.com/works/detail/JUFD448",
        "https://fitch-av.com/works/detail/JUFD449",
        "https://fitch-av.com/works/detail/JUFD450",
        "https://fitch-av.com/works/detail/JUFD451",
        "https://fitch-av.com/works/detail/JUFD452",
        "https://fitch-av.com/works/detail/JUFD453",
        "https://fitch-av.com/works/detail/JUFD454",
        "https://fitch-av.com/works/detail/JFB089",
        "https://fitch-av.com/works/detail/JFB090",
        "https://fitch-av.com/works/detail/JFB091"
      ],
      "count": 12
    }
  },
  {
    "https://fitch-av.com/works/list/date/2015-04-01": {
      "href": [
        "https://fitch-av.com/works/detail/JUFD456",
        "https://fitch-av.com/works/detail/JUFD457",
        "https://fitch-av.com/works/detail/JUFD458",
        "https://fitch-av.com/works/detail/JUFD459",
        "https://fitch-av.com/works/detail/JUFD460",
        "https://fitch-av.com/works/detail/JUFD461",
        "https://fitch-av.com/works/detail/JUFD462",
        "https://fitch-av.com/works/detail/JUFD463",
        "https://fitch-av.com/works/detail/JFB092",
        "https://fitch-av.com/works/detail/JFB093",
        "https://fitch-av.com/works/detail/JFB094"
      ],
      "count": 11
    }
  },
  {
    "https://fitch-av.com/works/list/date/2015-05-01": {
      "href": [
        "https://fitch-av.com/works/detail/JUFD465",
        "https://fitch-av.com/works/detail/JUFD467",
        "https://fitch-av.com/works/detail/JUFD468",
        "https://fitch-av.com/works/detail/JUFD470",
        "https://fitch-av.com/works/detail/JUFD471",
        "https://fitch-av.com/works/detail/JFB095",
        "https://fitch-av.com/works/detail/JFB096",
        "https://fitch-av.com/works/detail/JFB097"
      ],
      "count": 8
    }
  },
  {
    "https://fitch-av.com/works/list/date/2015-06-01": {
      "href": [
        "https://fitch-av.com/works/detail/JUFD474",
        "https://fitch-av.com/works/detail/JUFD475",
        "https://fitch-av.com/works/detail/JUFD476",
        "https://fitch-av.com/works/detail/JUFD477",
        "https://fitch-av.com/works/detail/JUFD478",
        "https://fitch-av.com/works/detail/JUFD479",
        "https://fitch-av.com/works/detail/JUFD480",
        "https://fitch-av.com/works/detail/JUFD482",
        "https://fitch-av.com/works/detail/JFB098",
        "https://fitch-av.com/works/detail/JFB099",
        "https://fitch-av.com/works/detail/JFB100"
      ],
      "count": 11
    }
  },
  {
    "https://fitch-av.com/works/list/date/2015-07-01": {
      "href": [
        "https://fitch-av.com/works/detail/JUFD484",
        "https://fitch-av.com/works/detail/JUFD485",
        "https://fitch-av.com/works/detail/JUFD486",
        "https://fitch-av.com/works/detail/JUFD488",
        "https://fitch-av.com/works/detail/JUFD489",
        "https://fitch-av.com/works/detail/JUFD490",
        "https://fitch-av.com/works/detail/JUFD491",
        "https://fitch-av.com/works/detail/JUFD492",
        "https://fitch-av.com/works/detail/JUFD493",
        "https://fitch-av.com/works/detail/JFB101",
        "https://fitch-av.com/works/detail/JFB102",
        "https://fitch-av.com/works/detail/JFB103"
      ],
      "count": 12
    }
  },
  {
    "https://fitch-av.com/works/list/date/2015-08-01": {
      "href": [
        "https://fitch-av.com/works/detail/JUFD494",
        "https://fitch-av.com/works/detail/JUFD495",
        "https://fitch-av.com/works/detail/JUFD496",
        "https://fitch-av.com/works/detail/JUFD497",
        "https://fitch-av.com/works/detail/JUFD498",
        "https://fitch-av.com/works/detail/JUFD499",
        "https://fitch-av.com/works/detail/JUFD500",
        "https://fitch-av.com/works/detail/JUFD501",
        "https://fitch-av.com/works/detail/JUFD502",
        "https://fitch-av.com/works/detail/JUFD503",
        "https://fitch-av.com/works/detail/JUFD504",
        "https://fitch-av.com/works/detail/JFB104",
        "https://fitch-av.com/works/detail/JFB105",
        "https://fitch-av.com/works/detail/JFB106"
      ],
      "count": 14
    }
  },
  {
    "https://fitch-av.com/works/list/date/2015-09-01": {
      "href": [
        "https://fitch-av.com/works/detail/AVOP174",
        "https://fitch-av.com/works/detail/JUFD507",
        "https://fitch-av.com/works/detail/JUFD508",
        "https://fitch-av.com/works/detail/JUFD509",
        "https://fitch-av.com/works/detail/JUFD510",
        "https://fitch-av.com/works/detail/JUFD511",
        "https://fitch-av.com/works/detail/JUFD512",
        "https://fitch-av.com/works/detail/JUFD514",
        "https://fitch-av.com/works/detail/JFB107",
        "https://fitch-av.com/works/detail/JFB108",
        "https://fitch-av.com/works/detail/JFB109"
      ],
      "count": 11
    }
  },
  {
    "https://fitch-av.com/works/list/date/2015-10-01": {
      "href": [
        "https://fitch-av.com/works/detail/JUFD517",
        "https://fitch-av.com/works/detail/JUFD518",
        "https://fitch-av.com/works/detail/JUFD519",
        "https://fitch-av.com/works/detail/JUFD520",
        "https://fitch-av.com/works/detail/JUFD521",
        "https://fitch-av.com/works/detail/JUFD522",
        "https://fitch-av.com/works/detail/JUFD523",
        "https://fitch-av.com/works/detail/JUFD524",
        "https://fitch-av.com/works/detail/JUFD525",
        "https://fitch-av.com/works/detail/JFB110",
        "https://fitch-av.com/works/detail/JFB111",
        "https://fitch-av.com/works/detail/JFB112"
      ],
      "count": 12
    }
  },
  {
    "https://fitch-av.com/works/list/date/2015-11-01": {
      "href": [
        "https://fitch-av.com/works/detail/JUFD526",
        "https://fitch-av.com/works/detail/JUFD527",
        "https://fitch-av.com/works/detail/JUFD529",
        "https://fitch-av.com/works/detail/JUFD530",
        "https://fitch-av.com/works/detail/JUFD531",
        "https://fitch-av.com/works/detail/JUFD532",
        "https://fitch-av.com/works/detail/JUFD533",
        "https://fitch-av.com/works/detail/JUFD534",
        "https://fitch-av.com/works/detail/JUFD535",
        "https://fitch-av.com/works/detail/JUFD536",
        "https://fitch-av.com/works/detail/JFB113",
        "https://fitch-av.com/works/detail/JFB114",
        "https://fitch-av.com/works/detail/JFB115"
      ],
      "count": 13
    }
  },
  {
    "https://fitch-av.com/works/list/date/2015-12-01": {
      "href": [
        "https://fitch-av.com/works/detail/JUFD537",
        "https://fitch-av.com/works/detail/JUFD539",
        "https://fitch-av.com/works/detail/JUFD540",
        "https://fitch-av.com/works/detail/JUFD541",
        "https://fitch-av.com/works/detail/JUFD542",
        "https://fitch-av.com/works/detail/JUFD543",
        "https://fitch-av.com/works/detail/JUFD545",
        "https://fitch-av.com/works/detail/JUFD546",
        "https://fitch-av.com/works/detail/JUFD547",
        "https://fitch-av.com/works/detail/JFB116",
        "https://fitch-av.com/works/detail/JFB117",
        "https://fitch-av.com/works/detail/JFB118"
      ],
      "count": 12
    }
  },
  {
    "https://fitch-av.com/works/list/date/2015-12-08": {
      "href": [
        "https://fitch-av.com/works/detail/JUFD538"
      ],
      "count": 1
    }
  },
  {
    "https://fitch-av.com/works/list/date/2016-01-01": {
      "href": [
        "https://fitch-av.com/works/detail/JUFD548",
        "https://fitch-av.com/works/detail/JUFD550",
        "https://fitch-av.com/works/detail/JUFD551",
        "https://fitch-av.com/works/detail/JUFD552",
        "https://fitch-av.com/works/detail/JUFD553",
        "https://fitch-av.com/works/detail/JUFD554",
        "https://fitch-av.com/works/detail/JUFD555",
        "https://fitch-av.com/works/detail/JUFD556",
        "https://fitch-av.com/works/detail/JUFD557",
        "https://fitch-av.com/works/detail/JFB119",
        "https://fitch-av.com/works/detail/JFB120",
        "https://fitch-av.com/works/detail/JFB121"
      ],
      "count": 12
    }
  },
  {
    "https://fitch-av.com/works/list/date/2016-02-01": {
      "href": [
        "https://fitch-av.com/works/detail/JUFD558",
        "https://fitch-av.com/works/detail/JUFD560",
        "https://fitch-av.com/works/detail/JUFD561",
        "https://fitch-av.com/works/detail/NIMA005",
        "https://fitch-av.com/works/detail/JUFD562",
        "https://fitch-av.com/works/detail/JUFD563",
        "https://fitch-av.com/works/detail/JUFD564",
        "https://fitch-av.com/works/detail/JUFD566",
        "https://fitch-av.com/works/detail/FINH003",
        "https://fitch-av.com/works/detail/FINH004",
        "https://fitch-av.com/works/detail/JFB122",
        "https://fitch-av.com/works/detail/JFB123",
        "https://fitch-av.com/works/detail/JFB124"
      ],
      "count": 13
    }
  },
  {
    "https://fitch-av.com/works/list/date/2016-03-01": {
      "href": [
        "https://fitch-av.com/works/detail/JUFD567",
        "https://fitch-av.com/works/detail/JUFD570",
        "https://fitch-av.com/works/detail/JUFD571",
        "https://fitch-av.com/works/detail/JUFD572",
        "https://fitch-av.com/works/detail/JUFD573",
        "https://fitch-av.com/works/detail/JUFD574",
        "https://fitch-av.com/works/detail/JUFD576",
        "https://fitch-av.com/works/detail/JUFD577",
        "https://fitch-av.com/works/detail/FINH005",
        "https://fitch-av.com/works/detail/FINH006",
        "https://fitch-av.com/works/detail/JFB125",
        "https://fitch-av.com/works/detail/JFB126",
        "https://fitch-av.com/works/detail/JFB127"
      ],
      "count": 13
    }
  },
  {
    "https://fitch-av.com/works/list/date/2016-04-01": {
      "href": [
        "https://fitch-av.com/works/detail/JUFD579",
        "https://fitch-av.com/works/detail/JUFD581",
        "https://fitch-av.com/works/detail/JUFD582",
        "https://fitch-av.com/works/detail/JUFD583",
        "https://fitch-av.com/works/detail/JUFD584",
        "https://fitch-av.com/works/detail/JUFD585",
        "https://fitch-av.com/works/detail/JUFD586",
        "https://fitch-av.com/works/detail/JUFD587",
        "https://fitch-av.com/works/detail/FINH007",
        "https://fitch-av.com/works/detail/FINH008",
        "https://fitch-av.com/works/detail/FINH009",
        "https://fitch-av.com/works/detail/JFB128",
        "https://fitch-av.com/works/detail/JFB129",
        "https://fitch-av.com/works/detail/JFB130"
      ],
      "count": 14
    }
  },
  {
    "https://fitch-av.com/works/list/date/2016-05-01": {
      "href": [
        "https://fitch-av.com/works/detail/JUFD589",
        "https://fitch-av.com/works/detail/JUFD590",
        "https://fitch-av.com/works/detail/JUFD591",
        "https://fitch-av.com/works/detail/JUFD592",
        "https://fitch-av.com/works/detail/JUFD593",
        "https://fitch-av.com/works/detail/JUFD594",
        "https://fitch-av.com/works/detail/JUFD595",
        "https://fitch-av.com/works/detail/JUFD596",
        "https://fitch-av.com/works/detail/FINH010",
        "https://fitch-av.com/works/detail/FINH011",
        "https://fitch-av.com/works/detail/FINH012",
        "https://fitch-av.com/works/detail/JFB131",
        "https://fitch-av.com/works/detail/JFB132",
        "https://fitch-av.com/works/detail/JFB133"
      ],
      "count": 14
    }
  },
  {
    "https://fitch-av.com/works/list/date/2016-06-01": {
      "href": [
        "https://fitch-av.com/works/detail/JUFD598",
        "https://fitch-av.com/works/detail/JUFD599",
        "https://fitch-av.com/works/detail/JUFD601",
        "https://fitch-av.com/works/detail/JUFD602",
        "https://fitch-av.com/works/detail/JUFD603",
        "https://fitch-av.com/works/detail/JUFD604",
        "https://fitch-av.com/works/detail/JUFD605",
        "https://fitch-av.com/works/detail/JUFD606",
        "https://fitch-av.com/works/detail/FINH013",
        "https://fitch-av.com/works/detail/FINH014",
        "https://fitch-av.com/works/detail/FINH015",
        "https://fitch-av.com/works/detail/JFB134",
        "https://fitch-av.com/works/detail/JFB135",
        "https://fitch-av.com/works/detail/JFB136"
      ],
      "count": 14
    }
  },
  {
    "https://fitch-av.com/works/list/date/2016-07-01": {
      "href": [
        "https://fitch-av.com/works/detail/JUFD607",
        "https://fitch-av.com/works/detail/JUFD608",
        "https://fitch-av.com/works/detail/JUFD609",
        "https://fitch-av.com/works/detail/JUFD613",
        "https://fitch-av.com/works/detail/JUFD614",
        "https://fitch-av.com/works/detail/JUFD615",
        "https://fitch-av.com/works/detail/JUFD616",
        "https://fitch-av.com/works/detail/JUFD618",
        "https://fitch-av.com/works/detail/FINH016",
        "https://fitch-av.com/works/detail/FINH017",
        "https://fitch-av.com/works/detail/FINH018",
        "https://fitch-av.com/works/detail/JFB137"
      ],
      "count": 12
    }
  },
  {
    "https://fitch-av.com/works/list/date/2016-08-01": {
      "href": [
        "https://fitch-av.com/works/detail/JUFD620",
        "https://fitch-av.com/works/detail/JUFD621",
        "https://fitch-av.com/works/detail/JUFD622",
        "https://fitch-av.com/works/detail/JUFD623",
        "https://fitch-av.com/works/detail/JUFD625",
        "https://fitch-av.com/works/detail/JUFD626",
        "https://fitch-av.com/works/detail/JUFD627",
        "https://fitch-av.com/works/detail/JUFD628",
        "https://fitch-av.com/works/detail/JUFD629",
        "https://fitch-av.com/works/detail/JUFD630",
        "https://fitch-av.com/works/detail/FINH020",
        "https://fitch-av.com/works/detail/JFB140",
        "https://fitch-av.com/works/detail/JFB141"
      ],
      "count": 13
    }
  },
  {
    "https://fitch-av.com/works/list/date/2016-09-01": {
      "href": [
        "https://fitch-av.com/works/detail/AVOP207",
        "https://fitch-av.com/works/detail/JUFD632",
        "https://fitch-av.com/works/detail/JUFD633",
        "https://fitch-av.com/works/detail/JUFD634",
        "https://fitch-av.com/works/detail/JUFD635",
        "https://fitch-av.com/works/detail/JUFD636",
        "https://fitch-av.com/works/detail/JUFD637",
        "https://fitch-av.com/works/detail/JUFD639",
        "https://fitch-av.com/works/detail/JUFD640",
        "https://fitch-av.com/works/detail/JUFD641",
        "https://fitch-av.com/works/detail/FINH021",
        "https://fitch-av.com/works/detail/FINH022",
        "https://fitch-av.com/works/detail/JFB142",
        "https://fitch-av.com/works/detail/JFB143",
        "https://fitch-av.com/works/detail/JFB144"
      ],
      "count": 15
    }
  },
  {
    "https://fitch-av.com/works/list/date/2016-10-01": {
      "href": [
        "https://fitch-av.com/works/detail/JUFD642",
        "https://fitch-av.com/works/detail/JUFD643",
        "https://fitch-av.com/works/detail/JUFD645",
        "https://fitch-av.com/works/detail/JUFD646",
        "https://fitch-av.com/works/detail/JUFD647",
        "https://fitch-av.com/works/detail/JUFD649",
        "https://fitch-av.com/works/detail/JUFD650",
        "https://fitch-av.com/works/detail/JUFD651",
        "https://fitch-av.com/works/detail/JUFD652",
        "https://fitch-av.com/works/detail/FINH023",
        "https://fitch-av.com/works/detail/FINH024",
        "https://fitch-av.com/works/detail/JFB145",
        "https://fitch-av.com/works/detail/JFB146",
        "https://fitch-av.com/works/detail/JFB147"
      ],
      "count": 14
    }
  },
  {
    "https://fitch-av.com/works/list/date/2016-11-07": {
      "href": [
        "https://fitch-av.com/works/detail/JUFD654",
        "https://fitch-av.com/works/detail/JUFD655",
        "https://fitch-av.com/works/detail/JUFD657",
        "https://fitch-av.com/works/detail/JUFD659",
        "https://fitch-av.com/works/detail/JUFD660",
        "https://fitch-av.com/works/detail/JUFD661",
        "https://fitch-av.com/works/detail/JUFD663",
        "https://fitch-av.com/works/detail/JUFD664",
        "https://fitch-av.com/works/detail/JUFD665",
        "https://fitch-av.com/works/detail/FINH025",
        "https://fitch-av.com/works/detail/FINH026",
        "https://fitch-av.com/works/detail/JFB150"
      ],
      "count": 12
    }
  },
  {
    "https://fitch-av.com/works/list/date/2016-12-13": {
      "href": [
        "https://fitch-av.com/works/detail/JUFD667",
        "https://fitch-av.com/works/detail/JUFD668",
        "https://fitch-av.com/works/detail/JUFD670",
        "https://fitch-av.com/works/detail/JUFD671",
        "https://fitch-av.com/works/detail/JUFD672",
        "https://fitch-av.com/works/detail/JUFD673",
        "https://fitch-av.com/works/detail/JUFD674",
        "https://fitch-av.com/works/detail/JUFD675",
        "https://fitch-av.com/works/detail/JUFD676",
        "https://fitch-av.com/works/detail/JUFD677",
        "https://fitch-av.com/works/detail/JUFD678",
        "https://fitch-av.com/works/detail/FINH027",
        "https://fitch-av.com/works/detail/FINH028"
      ],
      "count": 13
    }
  },
  {
    "https://fitch-av.com/works/list/date/2016-12-08": {
      "href": [
        "https://fitch-av.com/works/detail/JUFD666"
      ],
      "count": 1
    }
  },
  {
    "https://fitch-av.com/works/list/date/2017-01-07": {
      "href": [
        "https://fitch-av.com/works/detail/JUFD679",
        "https://fitch-av.com/works/detail/JUFD681",
        "https://fitch-av.com/works/detail/JUFD682",
        "https://fitch-av.com/works/detail/JUFD683",
        "https://fitch-av.com/works/detail/JUFD684",
        "https://fitch-av.com/works/detail/JUFD685",
        "https://fitch-av.com/works/detail/JUFD687",
        "https://fitch-av.com/works/detail/JUFD688",
        "https://fitch-av.com/works/detail/JUFD690",
        "https://fitch-av.com/works/detail/JUFD691",
        "https://fitch-av.com/works/detail/JUFD692",
        "https://fitch-av.com/works/detail/FINH029",
        "https://fitch-av.com/works/detail/FINH030",
        "https://fitch-av.com/works/detail/FINH031"
      ],
      "count": 14
    }
  },
  {
    "https://fitch-av.com/works/list/date/2017-02-13": {
      "href": [
        "https://fitch-av.com/works/detail/JUFD693",
        "https://fitch-av.com/works/detail/JUFD694",
        "https://fitch-av.com/works/detail/JUFD696",
        "https://fitch-av.com/works/detail/JUFD697",
        "https://fitch-av.com/works/detail/JUFD698",
        "https://fitch-av.com/works/detail/JUFD699",
        "https://fitch-av.com/works/detail/JUFD700",
        "https://fitch-av.com/works/detail/JUFD701",
        "https://fitch-av.com/works/detail/JUFD702",
        "https://fitch-av.com/works/detail/JUFD703",
        "https://fitch-av.com/works/detail/JUFD704",
        "https://fitch-av.com/works/detail/FINH032",
        "https://fitch-av.com/works/detail/FINH033",
        "https://fitch-av.com/works/detail/FINH034"
      ],
      "count": 14
    }
  },
  {
    "https://fitch-av.com/works/list/date/2017-03-13": {
      "href": [
        "https://fitch-av.com/works/detail/JUFD705",
        "https://fitch-av.com/works/detail/JUFD706",
        "https://fitch-av.com/works/detail/JUFD707",
        "https://fitch-av.com/works/detail/JUFD708",
        "https://fitch-av.com/works/detail/JUFD709",
        "https://fitch-av.com/works/detail/JUFD711",
        "https://fitch-av.com/works/detail/JUFD712",
        "https://fitch-av.com/works/detail/JUFD713",
        "https://fitch-av.com/works/detail/JUFD714",
        "https://fitch-av.com/works/detail/JUFD716",
        "https://fitch-av.com/works/detail/JUFD717",
        "https://fitch-av.com/works/detail/FINH035",
        "https://fitch-av.com/works/detail/FINH036",
        "https://fitch-av.com/works/detail/JFB152"
      ],
      "count": 14
    }
  },
  {
    "https://fitch-av.com/works/list/date/2017-04-25": {
      "href": [
        "https://fitch-av.com/works/detail/JUFD719",
        "https://fitch-av.com/works/detail/JUFD720",
        "https://fitch-av.com/works/detail/JUFD721",
        "https://fitch-av.com/works/detail/JUFD722",
        "https://fitch-av.com/works/detail/JUFD723",
        "https://fitch-av.com/works/detail/JUFD725",
        "https://fitch-av.com/works/detail/JUFD727",
        "https://fitch-av.com/works/detail/JUFD728",
        "https://fitch-av.com/works/detail/JUFD729",
        "https://fitch-av.com/works/detail/JUFD730",
        "https://fitch-av.com/works/detail/JUFD731",
        "https://fitch-av.com/works/detail/JUFD732",
        "https://fitch-av.com/works/detail/JUFD733",
        "https://fitch-av.com/works/detail/FINH037"
      ],
      "count": 14
    }
  },
  {
    "https://fitch-av.com/works/list/date/2017-05-13": {
      "href": [
        "https://fitch-av.com/works/detail/JUFD734",
        "https://fitch-av.com/works/detail/JUFD735",
        "https://fitch-av.com/works/detail/JUFD736",
        "https://fitch-av.com/works/detail/JUFD737",
        "https://fitch-av.com/works/detail/JUFD738",
        "https://fitch-av.com/works/detail/JUFD740",
        "https://fitch-av.com/works/detail/JUFD742",
        "https://fitch-av.com/works/detail/JUFD743",
        "https://fitch-av.com/works/detail/JUFD744",
        "https://fitch-av.com/works/detail/JUFD745",
        "https://fitch-av.com/works/detail/FINH038",
        "https://fitch-av.com/works/detail/FINH039"
      ],
      "count": 12
    }
  },
  {
    "https://fitch-av.com/works/list/date/2017-05-19": {
      "href": [
        "https://fitch-av.com/works/detail/JUFD739"
      ],
      "count": 1
    }
  },
  {
    "https://fitch-av.com/works/list/date/2017-06-13": {
      "href": [
        "https://fitch-av.com/works/detail/JUFD746",
        "https://fitch-av.com/works/detail/JUFD747",
        "https://fitch-av.com/works/detail/JUFD748",
        "https://fitch-av.com/works/detail/JUFD749",
        "https://fitch-av.com/works/detail/JUFD750",
        "https://fitch-av.com/works/detail/JUFD751",
        "https://fitch-av.com/works/detail/JUFD752",
        "https://fitch-av.com/works/detail/JUFD753",
        "https://fitch-av.com/works/detail/JUFD754",
        "https://fitch-av.com/works/detail/FINH040",
        "https://fitch-av.com/works/detail/JUFD755",
        "https://fitch-av.com/works/detail/JUFD757",
        "https://fitch-av.com/works/detail/JUFD758",
        "https://fitch-av.com/works/detail/FINH041"
      ],
      "count": 14
    }
  },
  {
    "https://fitch-av.com/works/list/date/2017-06-19": {
      "href": [
        "https://fitch-av.com/works/detail/JUFD756"
      ],
      "count": 1
    }
  },
  {
    "https://fitch-av.com/works/list/date/2017-07-13": {
      "href": [
        "https://fitch-av.com/works/detail/JUFD760",
        "https://fitch-av.com/works/detail/JUFD761",
        "https://fitch-av.com/works/detail/JUFD767",
        "https://fitch-av.com/works/detail/JUFD768",
        "https://fitch-av.com/works/detail/JUFD769",
        "https://fitch-av.com/works/detail/FINH042"
      ],
      "count": 6
    }
  },
  {
    "https://fitch-av.com/works/list/date/2017-07-19": {
      "href": [
        "https://fitch-av.com/works/detail/JUFD762",
        "https://fitch-av.com/works/detail/JUFD764",
        "https://fitch-av.com/works/detail/JUFD765",
        "https://fitch-av.com/works/detail/JUFD766",
        "https://fitch-av.com/works/detail/JUFD770",
        "https://fitch-av.com/works/detail/JUFD771",
        "https://fitch-av.com/works/detail/JUFD772",
        "https://fitch-av.com/works/detail/JUFD773",
        "https://fitch-av.com/works/detail/JUFD774",
        "https://fitch-av.com/works/detail/FINH043"
      ],
      "count": 10
    }
  },
  {
    "https://fitch-av.com/works/list/date/2017-08-07": {
      "href": [
        "https://fitch-av.com/works/detail/JFB157",
        "https://fitch-av.com/works/detail/JFB148"
      ],
      "count": 2
    }
  },
  {
    "https://fitch-av.com/works/list/date/2017-08-13": {
      "href": [
        "https://fitch-av.com/works/detail/JUFD784"
      ],
      "count": 1
    }
  },
  {
    "https://fitch-av.com/works/list/date/2017-08-19": {
      "href": [
        "https://fitch-av.com/works/detail/JUFD775",
        "https://fitch-av.com/works/detail/JUFD776",
        "https://fitch-av.com/works/detail/JUFD778",
        "https://fitch-av.com/works/detail/JUFD779",
        "https://fitch-av.com/works/detail/JUFD780",
        "https://fitch-av.com/works/detail/JUFD781",
        "https://fitch-av.com/works/detail/JUFD782",
        "https://fitch-av.com/works/detail/JUFD783",
        "https://fitch-av.com/works/detail/JUFD785",
        "https://fitch-av.com/works/detail/JUFD786",
        "https://fitch-av.com/works/detail/JUFD787",
        "https://fitch-av.com/works/detail/JUFD789",
        "https://fitch-av.com/works/detail/FINH044"
      ],
      "count": 13
    }
  },
  {
    "https://fitch-av.com/works/list/date/2017-10-01": {
      "href": [
        "https://fitch-av.com/works/detail/JUFD791",
        "https://fitch-av.com/works/detail/JUFD793",
        "https://fitch-av.com/works/detail/JUFD794",
        "https://fitch-av.com/works/detail/JUFD795",
        "https://fitch-av.com/works/detail/JUFD796",
        "https://fitch-av.com/works/detail/JUFD797",
        "https://fitch-av.com/works/detail/JUFD798",
        "https://fitch-av.com/works/detail/JUFD799",
        "https://fitch-av.com/works/detail/JUFD800",
        "https://fitch-av.com/works/detail/FINH045",
        "https://fitch-av.com/works/detail/FINH046",
        "https://fitch-av.com/works/detail/FINH047"
      ],
      "count": 12
    }
  },
  {
    "https://fitch-av.com/works/list/date/2017-10-19": {
      "href": [
        "https://fitch-av.com/works/detail/JUFD801",
        "https://fitch-av.com/works/detail/JUFD802",
        "https://fitch-av.com/works/detail/JUFD803",
        "https://fitch-av.com/works/detail/JUFD804",
        "https://fitch-av.com/works/detail/JUFD805",
        "https://fitch-av.com/works/detail/JUFD806",
        "https://fitch-av.com/works/detail/JUFD807",
        "https://fitch-av.com/works/detail/JUFD808",
        "https://fitch-av.com/works/detail/JUFD809",
        "https://fitch-av.com/works/detail/JUFD810",
        "https://fitch-av.com/works/detail/JUFD811",
        "https://fitch-av.com/works/detail/JUFD812",
        "https://fitch-av.com/works/detail/FINH048",
        "https://fitch-av.com/works/detail/FINH049"
      ],
      "count": 14
    }
  },
  {
    "https://fitch-av.com/works/list/date/2017-09-01": {
      "href": [
        "https://fitch-av.com/works/detail/AVOP304"
      ],
      "count": 1
    }
  },
  {
    "https://fitch-av.com/works/list/date/2017-11-13": {
      "href": [
        "https://fitch-av.com/works/detail/JUFD813",
        "https://fitch-av.com/works/detail/JUFD815",
        "https://fitch-av.com/works/detail/JUFD816",
        "https://fitch-av.com/works/detail/JUFD817",
        "https://fitch-av.com/works/detail/JUFD818",
        "https://fitch-av.com/works/detail/JUFD819",
        "https://fitch-av.com/works/detail/JUFD821",
        "https://fitch-av.com/works/detail/JUFD822",
        "https://fitch-av.com/works/detail/JUFD823",
        "https://fitch-av.com/works/detail/JUFD824",
        "https://fitch-av.com/works/detail/JUFD825",
        "https://fitch-av.com/works/detail/JUFD826",
        "https://fitch-av.com/works/detail/JUFD827"
      ],
      "count": 13
    }
  },
  {
    "https://fitch-av.com/works/list/date/2017-12-13": {
      "href": [
        "https://fitch-av.com/works/detail/JUFD828",
        "https://fitch-av.com/works/detail/JUFD829",
        "https://fitch-av.com/works/detail/JUFD831",
        "https://fitch-av.com/works/detail/FINH050",
        "https://fitch-av.com/works/detail/JUFD832",
        "https://fitch-av.com/works/detail/JUFD833",
        "https://fitch-av.com/works/detail/JUFD834",
        "https://fitch-av.com/works/detail/JUFD835",
        "https://fitch-av.com/works/detail/JUFD836",
        "https://fitch-av.com/works/detail/JUFD837",
        "https://fitch-av.com/works/detail/JUFD838",
        "https://fitch-av.com/works/detail/JUFD839",
        "https://fitch-av.com/works/detail/JFB158"
      ],
      "count": 13
    }
  },
  {
    "https://fitch-av.com/works/list/date/2018-01-01": {
      "href": [
        "https://fitch-av.com/works/detail/JFB149"
      ],
      "count": 1
    }
  }
]