[
  {
    "https://hajimekikaku.com/works/list/date/2010-01-13": {
      "href": [
        "https://hajimekikaku.com/works/detail/HJMO164",
        "https://hajimekikaku.com/works/detail/HJMO165",
        "https://hajimekikaku.com/works/detail/HJBB044"
      ],
      "count": 3
    }
  },
  {
    "https://hajimekikaku.com/works/list/date/2010-02-13": {
      "href": [
        "https://hajimekikaku.com/works/detail/HJMO166",
        "https://hajimekikaku.com/works/detail/HJMO167",
        "https://hajimekikaku.com/works/detail/HJBB045"
      ],
      "count": 3
    }
  },
  {
    "https://hajimekikaku.com/works/list/date/2010-03-13": {
      "href": [
        "https://hajimekikaku.com/works/detail/HJMO168",
        "https://hajimekikaku.com/works/detail/HJMO169"
      ],
      "count": 2
    }
  },
  {
    "https://hajimekikaku.com/works/list/date/2010-04-13": {
      "href": [
        "https://hajimekikaku.com/works/detail/HJMO170",
        "https://hajimekikaku.com/works/detail/HJMO171",
        "https://hajimekikaku.com/works/detail/HJBB046"
      ],
      "count": 3
    }
  },
  {
    "https://hajimekikaku.com/works/list/date/2010-05-13": {
      "href": [
        "https://hajimekikaku.com/works/detail/HJMO172",
        "https://hajimekikaku.com/works/detail/HJMO173"
      ],
      "count": 2
    }
  },
  {
    "https://hajimekikaku.com/works/list/date/2010-06-13": {
      "href": [
        "https://hajimekikaku.com/works/detail/HJMO175",
        "https://hajimekikaku.com/works/detail/HJBB047"
      ],
      "count": 2
    }
  },
  {
    "https://hajimekikaku.com/works/list/date/2010-07-13": {
      "href": [
        "https://hajimekikaku.com/works/detail/HJMO176",
        "https://hajimekikaku.com/works/detail/HJMO177"
      ],
      "count": 2
    }
  },
  {
    "https://hajimekikaku.com/works/list/date/2010-08-13": {
      "href": [
        "https://hajimekikaku.com/works/detail/HJMO178",
        "https://hajimekikaku.com/works/detail/HJMO179",
        "https://hajimekikaku.com/works/detail/HJBB048"
      ],
      "count": 3
    }
  },
  {
    "https://hajimekikaku.com/works/list/date/2010-09-13": {
      "href": [
        "https://hajimekikaku.com/works/detail/HJMO180",
        "https://hajimekikaku.com/works/detail/HJMO181",
        "https://hajimekikaku.com/works/detail/HJMO182"
      ],
      "count": 3
    }
  },
  {
    "https://hajimekikaku.com/works/list/date/2010-10-13": {
      "href": [
        "https://hajimekikaku.com/works/detail/HJMO183",
        "https://hajimekikaku.com/works/detail/HJMO184",
        "https://hajimekikaku.com/works/detail/HJBB049"
      ],
      "count": 3
    }
  },
  {
    "https://hajimekikaku.com/works/list/date/2010-11-13": {
      "href": [
        "https://hajimekikaku.com/works/detail/HJMO185",
        "https://hajimekikaku.com/works/detail/HJMO186"
      ],
      "count": 2
    }
  },
  {
    "https://hajimekikaku.com/works/list/date/2010-12-13": {
      "href": [
        "https://hajimekikaku.com/works/detail/HJMO187",
        "https://hajimekikaku.com/works/detail/HJMO188",
        "https://hajimekikaku.com/works/detail/HJBB050"
      ],
      "count": 3
    }
  },
  {
    "https://hajimekikaku.com/works/list/date/2011-01-13": {
      "href": [
        "https://hajimekikaku.com/works/detail/HJMO189",
        "https://hajimekikaku.com/works/detail/HJMO190"
      ],
      "count": 2
    }
  },
  {
    "https://hajimekikaku.com/works/list/date/2011-02-13": {
      "href": [
        "https://hajimekikaku.com/works/detail/HJMO191",
        "https://hajimekikaku.com/works/detail/HJMO192",
        "https://hajimekikaku.com/works/detail/HJMO193"
      ],
      "count": 3
    }
  },
  {
    "https://hajimekikaku.com/works/list/date/2011-03-13": {
      "href": [
        "https://hajimekikaku.com/works/detail/HJMO194",
        "https://hajimekikaku.com/works/detail/HJMO195",
        "https://hajimekikaku.com/works/detail/HJMO196"
      ],
      "count": 3
    }
  },
  {
    "https://hajimekikaku.com/works/list/date/2011-04-13": {
      "href": [
        "https://hajimekikaku.com/works/detail/HJMO197",
        "https://hajimekikaku.com/works/detail/HJMO198",
        "https://hajimekikaku.com/works/detail/HJBB051"
      ],
      "count": 3
    }
  },
  {
    "https://hajimekikaku.com/works/list/date/2011-05-13": {
      "href": [
        "https://hajimekikaku.com/works/detail/HJMO200"
      ],
      "count": 1
    }
  },
  {
    "https://hajimekikaku.com/works/list/date/2011-06-13": {
      "href": [
        "https://hajimekikaku.com/works/detail/HJMO201"
      ],
      "count": 1
    }
  },
  {
    "https://hajimekikaku.com/works/list/date/2011-07-22": {
      "href": [
        "https://hajimekikaku.com/works/detail/HJMO203"
      ],
      "count": 1
    }
  },
  {
    "https://hajimekikaku.com/works/list/date/2011-07-13": {
      "href": [
        "https://hajimekikaku.com/works/detail/HJMO202",
        "https://hajimekikaku.com/works/detail/HJBB052"
      ],
      "count": 2
    }
  },
  {
    "https://hajimekikaku.com/works/list/date/2011-08-13": {
      "href": [
        "https://hajimekikaku.com/works/detail/HJMO204",
        "https://hajimekikaku.com/works/detail/HJMO205"
      ],
      "count": 2
    }
  },
  {
    "https://hajimekikaku.com/works/list/date/2011-09-13": {
      "href": [
        "https://hajimekikaku.com/works/detail/HJMO206",
        "https://hajimekikaku.com/works/detail/HJMO207",
        "https://hajimekikaku.com/works/detail/HJBB053"
      ],
      "count": 3
    }
  },
  {
    "https://hajimekikaku.com/works/list/date/2011-10-13": {
      "href": [
        "https://hajimekikaku.com/works/detail/HJMO208",
        "https://hajimekikaku.com/works/detail/HJMO209",
        "https://hajimekikaku.com/works/detail/HJMO210"
      ],
      "count": 3
    }
  },
  {
    "https://hajimekikaku.com/works/list/date/2011-11-13": {
      "href": [
        "https://hajimekikaku.com/works/detail/HJMO211",
        "https://hajimekikaku.com/works/detail/HJMO212",
        "https://hajimekikaku.com/works/detail/HJMO213",
        "https://hajimekikaku.com/works/detail/HJBB054"
      ],
      "count": 4
    }
  },
  {
    "https://hajimekikaku.com/works/list/date/2011-12-13": {
      "href": [
        "https://hajimekikaku.com/works/detail/HJMO214",
        "https://hajimekikaku.com/works/detail/HJMO215",
        "https://hajimekikaku.com/works/detail/HJMO216",
        "https://hajimekikaku.com/works/detail/HJBB055"
      ],
      "count": 4
    }
  },
  {
    "https://hajimekikaku.com/works/list/date/2012-01-13": {
      "href": [
        "https://hajimekikaku.com/works/detail/HJMO217",
        "https://hajimekikaku.com/works/detail/HJMO218",
        "https://hajimekikaku.com/works/detail/HJMO219",
        "https://hajimekikaku.com/works/detail/HJBB056"
      ],
      "count": 4
    }
  },
  {
    "https://hajimekikaku.com/works/list/date/2012-02-13": {
      "href": [
        "https://hajimekikaku.com/works/detail/HJMO221",
        "https://hajimekikaku.com/works/detail/HJMO222"
      ],
      "count": 2
    }
  },
  {
    "https://hajimekikaku.com/works/list/date/2012-03-13": {
      "href": [
        "https://hajimekikaku.com/works/detail/HJMO223",
        "https://hajimekikaku.com/works/detail/HJMO224",
        "https://hajimekikaku.com/works/detail/HJMO225",
        "https://hajimekikaku.com/works/detail/HJBB057"
      ],
      "count": 4
    }
  },
  {
    "https://hajimekikaku.com/works/list/date/2012-04-13": {
      "href": [
        "https://hajimekikaku.com/works/detail/HJMO226",
        "https://hajimekikaku.com/works/detail/HJMO227"
      ],
      "count": 2
    }
  },
  {
    "https://hajimekikaku.com/works/list/date/2012-05-13": {
      "href": [
        "https://hajimekikaku.com/works/detail/HJMO228",
        "https://hajimekikaku.com/works/detail/HJMO229",
        "https://hajimekikaku.com/works/detail/HJBB058"
      ],
      "count": 3
    }
  },
  {
    "https://hajimekikaku.com/works/list/date/2012-06-13": {
      "href": [
        "https://hajimekikaku.com/works/detail/HJMO230",
        "https://hajimekikaku.com/works/detail/HJMO231"
      ],
      "count": 2
    }
  },
  {
    "https://hajimekikaku.com/works/list/date/2012-07-13": {
      "href": [
        "https://hajimekikaku.com/works/detail/HJMO232",
        "https://hajimekikaku.com/works/detail/HJMO233",
        "https://hajimekikaku.com/works/detail/HJBB059"
      ],
      "count": 3
    }
  },
  {
    "https://hajimekikaku.com/works/list/date/2012-08-13": {
      "href": [
        "https://hajimekikaku.com/works/detail/HJMO234",
        "https://hajimekikaku.com/works/detail/HJMO235"
      ],
      "count": 2
    }
  },
  {
    "https://hajimekikaku.com/works/list/date/2012-09-13": {
      "href": [
        "https://hajimekikaku.com/works/detail/HJMO236",
        "https://hajimekikaku.com/works/detail/HJMO237",
        "https://hajimekikaku.com/works/detail/HJBB060"
      ],
      "count": 3
    }
  },
  {
    "https://hajimekikaku.com/works/list/date/2012-10-13": {
      "href": [
        "https://hajimekikaku.com/works/detail/HJMO238",
        "https://hajimekikaku.com/works/detail/HJMO239",
        "https://hajimekikaku.com/works/detail/HJMO240"
      ],
      "count": 3
    }
  },
  {
    "https://hajimekikaku.com/works/list/date/2012-11-13": {
      "href": [
        "https://hajimekikaku.com/works/detail/HJMO241",
        "https://hajimekikaku.com/works/detail/HJMO242",
        "https://hajimekikaku.com/works/detail/HJMO243",
        "https://hajimekikaku.com/works/detail/HJBB061"
      ],
      "count": 4
    }
  },
  {
    "https://hajimekikaku.com/works/list/date/2013-01-13": {
      "href": [
        "https://hajimekikaku.com/works/detail/HJMO248",
        "https://hajimekikaku.com/works/detail/HJMO249",
        "https://hajimekikaku.com/works/detail/HJBB063"
      ],
      "count": 3
    }
  },
  {
    "https://hajimekikaku.com/works/list/date/2012-12-13": {
      "href": [
        "https://hajimekikaku.com/works/detail/HJMO244",
        "https://hajimekikaku.com/works/detail/HJMO245",
        "https://hajimekikaku.com/works/detail/HJMO246",
        "https://hajimekikaku.com/works/detail/HJBB062"
      ],
      "count": 4
    }
  },
  {
    "https://hajimekikaku.com/works/list/date/2013-02-13": {
      "href": [
        "https://hajimekikaku.com/works/detail/HJHM001",
        "https://hajimekikaku.com/works/detail/HJMO250",
        "https://hajimekikaku.com/works/detail/HJMO251",
        "https://hajimekikaku.com/works/detail/HJBB064"
      ],
      "count": 4
    }
  },
  {
    "https://hajimekikaku.com/works/list/date/2013-03-13": {
      "href": [
        "https://hajimekikaku.com/works/detail/HJMO252",
        "https://hajimekikaku.com/works/detail/HJMO253",
        "https://hajimekikaku.com/works/detail/HJBB065"
      ],
      "count": 3
    }
  },
  {
    "https://hajimekikaku.com/works/list/date/2013-04-13": {
      "href": [
        "https://hajimekikaku.com/works/detail/HJMO254",
        "https://hajimekikaku.com/works/detail/HJMO255",
        "https://hajimekikaku.com/works/detail/HJBB066"
      ],
      "count": 3
    }
  },
  {
    "https://hajimekikaku.com/works/list/date/2013-05-13": {
      "href": [
        "https://hajimekikaku.com/works/detail/HJMO256",
        "https://hajimekikaku.com/works/detail/HJMO257",
        "https://hajimekikaku.com/works/detail/HJBB067"
      ],
      "count": 3
    }
  },
  {
    "https://hajimekikaku.com/works/list/date/2013-06-13": {
      "href": [
        "https://hajimekikaku.com/works/detail/HJMO258",
        "https://hajimekikaku.com/works/detail/HJMO259",
        "https://hajimekikaku.com/works/detail/HJMO260",
        "https://hajimekikaku.com/works/detail/HJBB068"
      ],
      "count": 4
    }
  },
  {
    "https://hajimekikaku.com/works/list/date/2013-07-13": {
      "href": [
        "https://hajimekikaku.com/works/detail/HJMO261",
        "https://hajimekikaku.com/works/detail/HJMO262",
        "https://hajimekikaku.com/works/detail/HJBB069"
      ],
      "count": 3
    }
  },
  {
    "https://hajimekikaku.com/works/list/date/2013-08-13": {
      "href": [
        "https://hajimekikaku.com/works/detail/HJMO263",
        "https://hajimekikaku.com/works/detail/HJMO264",
        "https://hajimekikaku.com/works/detail/HJBB070"
      ],
      "count": 3
    }
  },
  {
    "https://hajimekikaku.com/works/list/date/2013-09-13": {
      "href": [
        "https://hajimekikaku.com/works/detail/HJMO265",
        "https://hajimekikaku.com/works/detail/HJBB071"
      ],
      "count": 2
    }
  },
  {
    "https://hajimekikaku.com/works/list/date/2013-10-13": {
      "href": [
        "https://hajimekikaku.com/works/detail/HJMO267",
        "https://hajimekikaku.com/works/detail/HJMO268",
        "https://hajimekikaku.com/works/detail/HJBB072"
      ],
      "count": 3
    }
  },
  {
    "https://hajimekikaku.com/works/list/date/2013-12-13": {
      "href": [
        "https://hajimekikaku.com/works/detail/HJMO271",
        "https://hajimekikaku.com/works/detail/HJMO272",
        "https://hajimekikaku.com/works/detail/HJBB074"
      ],
      "count": 3
    }
  },
  {
    "https://hajimekikaku.com/works/list/date/2013-11-13": {
      "href": [
        "https://hajimekikaku.com/works/detail/HJMO269",
        "https://hajimekikaku.com/works/detail/HJBB073"
      ],
      "count": 2
    }
  },
  {
    "https://hajimekikaku.com/works/list/date/2014-01-13": {
      "href": [
        "https://hajimekikaku.com/works/detail/HJMO273",
        "https://hajimekikaku.com/works/detail/HJMO274",
        "https://hajimekikaku.com/works/detail/HJBB075"
      ],
      "count": 3
    }
  },
  {
    "https://hajimekikaku.com/works/list/date/2014-02-13": {
      "href": [
        "https://hajimekikaku.com/works/detail/HJMO275",
        "https://hajimekikaku.com/works/detail/HJBB076"
      ],
      "count": 2
    }
  },
  {
    "https://hajimekikaku.com/works/list/date/2014-03-13": {
      "href": [
        "https://hajimekikaku.com/works/detail/HJMO277",
        "https://hajimekikaku.com/works/detail/HJMO278",
        "https://hajimekikaku.com/works/detail/HJBB077"
      ],
      "count": 3
    }
  },
  {
    "https://hajimekikaku.com/works/list/date/2014-04-13": {
      "href": [
        "https://hajimekikaku.com/works/detail/HJMO280",
        "https://hajimekikaku.com/works/detail/HJBB078"
      ],
      "count": 2
    }
  },
  {
    "https://hajimekikaku.com/works/list/date/2014-05-13": {
      "href": [
        "https://hajimekikaku.com/works/detail/HJMO281",
        "https://hajimekikaku.com/works/detail/HJMO282",
        "https://hajimekikaku.com/works/detail/HJBB079"
      ],
      "count": 3
    }
  },
  {
    "https://hajimekikaku.com/works/list/date/2014-06-13": {
      "href": [
        "https://hajimekikaku.com/works/detail/HJMO283",
        "https://hajimekikaku.com/works/detail/HJMO284",
        "https://hajimekikaku.com/works/detail/HJBB080"
      ],
      "count": 3
    }
  },
  {
    "https://hajimekikaku.com/works/list/date/2014-07-13": {
      "href": [
        "https://hajimekikaku.com/works/detail/HJMO286",
        "https://hajimekikaku.com/works/detail/HJMO287",
        "https://hajimekikaku.com/works/detail/HJBB081"
      ],
      "count": 3
    }
  },
  {
    "https://hajimekikaku.com/works/list/date/2014-08-13": {
      "href": [
        "https://hajimekikaku.com/works/detail/HJMO289",
        "https://hajimekikaku.com/works/detail/HJBB082"
      ],
      "count": 2
    }
  },
  {
    "https://hajimekikaku.com/works/list/date/2014-09-13": {
      "href": [
        "https://hajimekikaku.com/works/detail/HJMO290",
        "https://hajimekikaku.com/works/detail/HJMO291",
        "https://hajimekikaku.com/works/detail/HJBB083"
      ],
      "count": 3
    }
  },
  {
    "https://hajimekikaku.com/works/list/date/2014-10-13": {
      "href": [
        "https://hajimekikaku.com/works/detail/HJMO292",
        "https://hajimekikaku.com/works/detail/HJMO293",
        "https://hajimekikaku.com/works/detail/HJBB084"
      ],
      "count": 3
    }
  },
  {
    "https://hajimekikaku.com/works/list/date/2014-11-13": {
      "href": [
        "https://hajimekikaku.com/works/detail/HJBB085"
      ],
      "count": 1
    }
  },
  {
    "https://hajimekikaku.com/works/list/date/2014-12-13": {
      "href": [
        "https://hajimekikaku.com/works/detail/HJMO297",
        "https://hajimekikaku.com/works/detail/HJBB086"
      ],
      "count": 2
    }
  },
  {
    "https://hajimekikaku.com/works/list/date/2015-01-13": {
      "href": [
        "https://hajimekikaku.com/works/detail/HJMO298",
        "https://hajimekikaku.com/works/detail/HJMO299",
        "https://hajimekikaku.com/works/detail/HJBB087"
      ],
      "count": 3
    }
  },
  {
    "https://hajimekikaku.com/works/list/date/2015-02-13": {
      "href": [
        "https://hajimekikaku.com/works/detail/HJMO300",
        "https://hajimekikaku.com/works/detail/HJMO301",
        "https://hajimekikaku.com/works/detail/HJBB088"
      ],
      "count": 3
    }
  },
  {
    "https://hajimekikaku.com/works/list/date/2015-03-13": {
      "href": [
        "https://hajimekikaku.com/works/detail/HJMO302",
        "https://hajimekikaku.com/works/detail/HJBB089"
      ],
      "count": 2
    }
  },
  {
    "https://hajimekikaku.com/works/list/date/2015-04-13": {
      "href": [
        "https://hajimekikaku.com/works/detail/HJMO304",
        "https://hajimekikaku.com/works/detail/HJBB090"
      ],
      "count": 2
    }
  },
  {
    "https://hajimekikaku.com/works/list/date/2015-05-13": {
      "href": [
        "https://hajimekikaku.com/works/detail/HJMO306",
        "https://hajimekikaku.com/works/detail/HJMO307",
        "https://hajimekikaku.com/works/detail/HJBB091"
      ],
      "count": 3
    }
  },
  {
    "https://hajimekikaku.com/works/list/date/2015-06-13": {
      "href": [
        "https://hajimekikaku.com/works/detail/HJMO308",
        "https://hajimekikaku.com/works/detail/HJMO309",
        "https://hajimekikaku.com/works/detail/HJBB092"
      ],
      "count": 3
    }
  },
  {
    "https://hajimekikaku.com/works/list/date/2015-07-13": {
      "href": [
        "https://hajimekikaku.com/works/detail/HJMO310",
        "https://hajimekikaku.com/works/detail/HJMO311",
        "https://hajimekikaku.com/works/detail/HJBB093"
      ],
      "count": 3
    }
  },
  {
    "https://hajimekikaku.com/works/list/date/2015-08-13": {
      "href": [
        "https://hajimekikaku.com/works/detail/HJMO312",
        "https://hajimekikaku.com/works/detail/HJMO313",
        "https://hajimekikaku.com/works/detail/HJBB094"
      ],
      "count": 3
    }
  },
  {
    "https://hajimekikaku.com/works/list/date/2015-09-13": {
      "href": [
        "https://hajimekikaku.com/works/detail/HJMO314",
        "https://hajimekikaku.com/works/detail/HJMO315",
        "https://hajimekikaku.com/works/detail/HJBB095"
      ],
      "count": 3
    }
  },
  {
    "https://hajimekikaku.com/works/list/date/2015-10-13": {
      "href": [
        "https://hajimekikaku.com/works/detail/HJMO317",
        "https://hajimekikaku.com/works/detail/HJBB096"
      ],
      "count": 2
    }
  },
  {
    "https://hajimekikaku.com/works/list/date/2015-11-13": {
      "href": [
        "https://hajimekikaku.com/works/detail/HJBB097"
      ],
      "count": 1
    }
  },
  {
    "https://hajimekikaku.com/works/list/date/2015-12-13": {
      "href": [
        "https://hajimekikaku.com/works/detail/HJMO320",
        "https://hajimekikaku.com/works/detail/HJBB098"
      ],
      "count": 2
    }
  },
  {
    "https://hajimekikaku.com/works/list/date/2016-01-13": {
      "href": [
        "https://hajimekikaku.com/works/detail/HJMO322",
        "https://hajimekikaku.com/works/detail/HJMO323",
        "https://hajimekikaku.com/works/detail/HJBB099"
      ],
      "count": 3
    }
  },
  {
    "https://hajimekikaku.com/works/list/date/2016-02-13": {
      "href": [
        "https://hajimekikaku.com/works/detail/HJMO324",
        "https://hajimekikaku.com/works/detail/HJMO325",
        "https://hajimekikaku.com/works/detail/HJBB100"
      ],
      "count": 3
    }
  },
  {
    "https://hajimekikaku.com/works/list/date/2016-03-13": {
      "href": [
        "https://hajimekikaku.com/works/detail/HJMO326",
        "https://hajimekikaku.com/works/detail/HJMO327"
      ],
      "count": 2
    }
  },
  {
    "https://hajimekikaku.com/works/list/date/2016-04-13": {
      "href": [
        "https://hajimekikaku.com/works/detail/HJMO328",
        "https://hajimekikaku.com/works/detail/HJMO329",
        "https://hajimekikaku.com/works/detail/HJBB102"
      ],
      "count": 3
    }
  },
  {
    "https://hajimekikaku.com/works/list/date/2016-05-13": {
      "href": [
        "https://hajimekikaku.com/works/detail/HJMO330",
        "https://hajimekikaku.com/works/detail/HJBB103"
      ],
      "count": 2
    }
  },
  {
    "https://hajimekikaku.com/works/list/date/2016-06-13": {
      "href": [
        "https://hajimekikaku.com/works/detail/HJMO332",
        "https://hajimekikaku.com/works/detail/HJMO333",
        "https://hajimekikaku.com/works/detail/HJBB104"
      ],
      "count": 3
    }
  },
  {
    "https://hajimekikaku.com/works/list/date/2016-07-13": {
      "href": [
        "https://hajimekikaku.com/works/detail/HJMO334",
        "https://hajimekikaku.com/works/detail/HJMO335",
        "https://hajimekikaku.com/works/detail/HJBB105"
      ],
      "count": 3
    }
  },
  {
    "https://hajimekikaku.com/works/list/date/2016-08-13": {
      "href": [
        "https://hajimekikaku.com/works/detail/HJMO336",
        "https://hajimekikaku.com/works/detail/HJMO337"
      ],
      "count": 2
    }
  },
  {
    "https://hajimekikaku.com/works/list/date/2016-09-01": {
      "href": [
        "https://hajimekikaku.com/works/detail/AVOP226"
      ],
      "count": 1
    }
  },
  {
    "https://hajimekikaku.com/works/list/date/2016-09-13": {
      "href": [
        "https://hajimekikaku.com/works/detail/HJMO338",
        "https://hajimekikaku.com/works/detail/HJMO339"
      ],
      "count": 2
    }
  },
  {
    "https://hajimekikaku.com/works/list/date/2016-10-19": {
      "href": [
        "https://hajimekikaku.com/works/detail/HJMO340",
        "https://hajimekikaku.com/works/detail/HJBB108"
      ],
      "count": 2
    }
  },
  {
    "https://hajimekikaku.com/works/list/date/2016-11-19": {
      "href": [
        "https://hajimekikaku.com/works/detail/HJMO342"
      ],
      "count": 1
    }
  },
  {
    "https://hajimekikaku.com/works/list/date/2016-12-19": {
      "href": [
        "https://hajimekikaku.com/works/detail/HJMO345",
        "https://hajimekikaku.com/works/detail/HJMO346",
        "https://hajimekikaku.com/works/detail/HJBB109"
      ],
      "count": 3
    }
  },
  {
    "https://hajimekikaku.com/works/list/date/2017-01-25": {
      "href": [
        "https://hajimekikaku.com/works/detail/HJMO348"
      ],
      "count": 1
    }
  },
  {
    "https://hajimekikaku.com/works/list/date/2017-02-25": {
      "href": [
        "https://hajimekikaku.com/works/detail/HJMO349",
        "https://hajimekikaku.com/works/detail/HJMO350",
        "https://hajimekikaku.com/works/detail/HJBB110"
      ],
      "count": 3
    }
  },
  {
    "https://hajimekikaku.com/works/list/date/2017-04-01": {
      "href": [
        "https://hajimekikaku.com/works/detail/HJMO351",
        "https://hajimekikaku.com/works/detail/HJMO352"
      ],
      "count": 2
    }
  },
  {
    "https://hajimekikaku.com/works/list/date/2017-06-01": {
      "href": [
        "https://hajimekikaku.com/works/detail/HJMO356",
        "https://hajimekikaku.com/works/detail/HJMO355"
      ],
      "count": 2
    }
  },
  {
    "https://hajimekikaku.com/works/list/date/2017-06-25": {
      "href": [
        "https://hajimekikaku.com/works/detail/HJMO357",
        "https://hajimekikaku.com/works/detail/HJMO358"
      ],
      "count": 2
    }
  },
  {
    "https://hajimekikaku.com/works/list/date/2017-08-01": {
      "href": [
        "https://hajimekikaku.com/works/detail/HJMO359"
      ],
      "count": 1
    }
  },
  {
    "https://hajimekikaku.com/works/list/date/2017-08-13": {
      "href": [
        "https://hajimekikaku.com/works/detail/HJBB111"
      ],
      "count": 1
    }
  },
  {
    "https://hajimekikaku.com/works/list/date/2017-09-13": {
      "href": [
        "https://hajimekikaku.com/works/detail/HJMO361",
        "https://hajimekikaku.com/works/detail/HJMO362"
      ],
      "count": 2
    }
  },
  {
    "https://hajimekikaku.com/works/list/date/2017-09-01": {
      "href": [
        "https://hajimekikaku.com/works/detail/AVOP344"
      ],
      "count": 1
    }
  },
  {
    "https://hajimekikaku.com/works/list/date/2017-10-07": {
      "href": [
        "https://hajimekikaku.com/works/detail/HJMO363",
        "https://hajimekikaku.com/works/detail/HJMO364"
      ],
      "count": 2
    }
  },
  {
    "https://hajimekikaku.com/works/list/date/2017-10-25": {
      "href": [
        "https://hajimekikaku.com/works/detail/HJMO365",
        "https://hajimekikaku.com/works/detail/HJMO366"
      ],
      "count": 2
    }
  },
  {
    "https://hajimekikaku.com/works/list/date/2017-11-13": {
      "href": [
        "https://hajimekikaku.com/works/detail/HJBB112"
      ],
      "count": 1
    }
  },
  {
    "https://hajimekikaku.com/works/list/date/2017-11-25": {
      "href": [
        "https://hajimekikaku.com/works/detail/HJMO367",
        "https://hajimekikaku.com/works/detail/HJMO368"
      ],
      "count": 2
    }
  },
  {
    "https://hajimekikaku.com/works/list/date/2017-12-25": {
      "href": [
        "https://hajimekikaku.com/works/detail/HJMO369",
        "https://hajimekikaku.com/works/detail/HJMO370"
      ],
      "count": 2
    }
  }
]