[
  {
    "https://hhh-av.com/works/list/date/2010-01-07": {
      "href": [
        "https://hhh-av.com/works/detail/HUNT260",
        "https://hhh-av.com/works/detail/HUNT259",
        "https://hhh-av.com/works/detail/HUNT258",
        "https://hhh-av.com/works/detail/HUNT257",
        "https://hhh-av.com/works/detail/HUNT256"
      ],
      "count": 5
    }
  },
  {
    "https://hhh-av.com/works/list/date/2010-01-21": {
      "href": [
        "https://hhh-av.com/works/detail/HUNT265",
        "https://hhh-av.com/works/detail/HUNT264",
        "https://hhh-av.com/works/detail/HUNT263",
        "https://hhh-av.com/works/detail/HUNT262",
        "https://hhh-av.com/works/detail/HUNT261"
      ],
      "count": 5
    }
  },
  {
    "https://hhh-av.com/works/list/date/2010-02-04": {
      "href": [
        "https://hhh-av.com/works/detail/HUNT270",
        "https://hhh-av.com/works/detail/HUNT269",
        "https://hhh-av.com/works/detail/HUNT268",
        "https://hhh-av.com/works/detail/HUNT267",
        "https://hhh-av.com/works/detail/HUNT266"
      ],
      "count": 5
    }
  },
  {
    "https://hhh-av.com/works/list/date/2010-02-18": {
      "href": [
        "https://hhh-av.com/works/detail/HUNT275",
        "https://hhh-av.com/works/detail/HUNT274",
        "https://hhh-av.com/works/detail/HUNT273",
        "https://hhh-av.com/works/detail/HUNT272",
        "https://hhh-av.com/works/detail/HUNT271"
      ],
      "count": 5
    }
  },
  {
    "https://hhh-av.com/works/list/date/2010-03-04": {
      "href": [
        "https://hhh-av.com/works/detail/HUNT280",
        "https://hhh-av.com/works/detail/HUNT279",
        "https://hhh-av.com/works/detail/HUNT278",
        "https://hhh-av.com/works/detail/HUNT277",
        "https://hhh-av.com/works/detail/HUNT276"
      ],
      "count": 5
    }
  },
  {
    "https://hhh-av.com/works/list/date/2010-03-18": {
      "href": [
        "https://hhh-av.com/works/detail/HUNT285",
        "https://hhh-av.com/works/detail/HUNT284",
        "https://hhh-av.com/works/detail/HUNT283",
        "https://hhh-av.com/works/detail/HUNT282",
        "https://hhh-av.com/works/detail/HUNT281"
      ],
      "count": 5
    }
  },
  {
    "https://hhh-av.com/works/list/date/2010-04-06": {
      "href": [
        "https://hhh-av.com/works/detail/HUNT290",
        "https://hhh-av.com/works/detail/HUNT289",
        "https://hhh-av.com/works/detail/HUNT288",
        "https://hhh-av.com/works/detail/HUNT287",
        "https://hhh-av.com/works/detail/HUNT286"
      ],
      "count": 5
    }
  },
  {
    "https://hhh-av.com/works/list/date/2010-04-22": {
      "href": [
        "https://hhh-av.com/works/detail/HUNT295",
        "https://hhh-av.com/works/detail/HUNT294",
        "https://hhh-av.com/works/detail/HUNT293",
        "https://hhh-av.com/works/detail/HUNT292",
        "https://hhh-av.com/works/detail/HUNT291"
      ],
      "count": 5
    }
  },
  {
    "https://hhh-av.com/works/list/date/2010-05-01": {
      "href": [
        "https://hhh-av.com/works/detail/HUNT296"
      ],
      "count": 1
    }
  },
  {
    "https://hhh-av.com/works/list/date/2010-05-13": {
      "href": [
        "https://hhh-av.com/works/detail/HUNT301",
        "https://hhh-av.com/works/detail/HUNT300",
        "https://hhh-av.com/works/detail/HUNT299",
        "https://hhh-av.com/works/detail/HUNT298",
        "https://hhh-av.com/works/detail/HUNT297"
      ],
      "count": 5
    }
  },
  {
    "https://hhh-av.com/works/list/date/2010-05-27": {
      "href": [
        "https://hhh-av.com/works/detail/HUNT306",
        "https://hhh-av.com/works/detail/HUNT305",
        "https://hhh-av.com/works/detail/HUNT304",
        "https://hhh-av.com/works/detail/HUNT303",
        "https://hhh-av.com/works/detail/HUNT302"
      ],
      "count": 5
    }
  },
  {
    "https://hhh-av.com/works/list/date/2010-06-10": {
      "href": [
        "https://hhh-av.com/works/detail/HUNT311",
        "https://hhh-av.com/works/detail/HUNT310",
        "https://hhh-av.com/works/detail/HUNT309",
        "https://hhh-av.com/works/detail/HUNT308",
        "https://hhh-av.com/works/detail/HUNT307"
      ],
      "count": 5
    }
  },
  {
    "https://hhh-av.com/works/list/date/2010-07-08": {
      "href": [
        "https://hhh-av.com/works/detail/HUNT321",
        "https://hhh-av.com/works/detail/HUNT320",
        "https://hhh-av.com/works/detail/HUNT319",
        "https://hhh-av.com/works/detail/HUNT318",
        "https://hhh-av.com/works/detail/HUNT317"
      ],
      "count": 5
    }
  },
  {
    "https://hhh-av.com/works/list/date/2010-06-24": {
      "href": [
        "https://hhh-av.com/works/detail/HUNT316",
        "https://hhh-av.com/works/detail/HUNT315",
        "https://hhh-av.com/works/detail/HUNT314",
        "https://hhh-av.com/works/detail/HUNT313",
        "https://hhh-av.com/works/detail/HUNT312"
      ],
      "count": 5
    }
  },
  {
    "https://hhh-av.com/works/list/date/2010-07-22": {
      "href": [
        "https://hhh-av.com/works/detail/HUNT326",
        "https://hhh-av.com/works/detail/HUNT325",
        "https://hhh-av.com/works/detail/HUNT324",
        "https://hhh-av.com/works/detail/HUNT323",
        "https://hhh-av.com/works/detail/HUNT322"
      ],
      "count": 5
    }
  },
  {
    "https://hhh-av.com/works/list/date/2010-08-05": {
      "href": [
        "https://hhh-av.com/works/detail/HUNT331",
        "https://hhh-av.com/works/detail/HUNT330",
        "https://hhh-av.com/works/detail/HUNT329",
        "https://hhh-av.com/works/detail/HUNT327"
      ],
      "count": 4
    }
  },
  {
    "https://hhh-av.com/works/list/date/2010-08-24": {
      "href": [
        "https://hhh-av.com/works/detail/HUNT336",
        "https://hhh-av.com/works/detail/HUNT334",
        "https://hhh-av.com/works/detail/HUNT333",
        "https://hhh-av.com/works/detail/HUNT332"
      ],
      "count": 4
    }
  },
  {
    "https://hhh-av.com/works/list/date/2010-09-09": {
      "href": [
        "https://hhh-av.com/works/detail/HUNT341",
        "https://hhh-av.com/works/detail/HUNT340",
        "https://hhh-av.com/works/detail/HUNT339",
        "https://hhh-av.com/works/detail/HUNT337"
      ],
      "count": 4
    }
  },
  {
    "https://hhh-av.com/works/list/date/2010-09-23": {
      "href": [
        "https://hhh-av.com/works/detail/HUNT346",
        "https://hhh-av.com/works/detail/HUNT345",
        "https://hhh-av.com/works/detail/HUNT343",
        "https://hhh-av.com/works/detail/HUNT342"
      ],
      "count": 4
    }
  },
  {
    "https://hhh-av.com/works/list/date/2010-10-21": {
      "href": [
        "https://hhh-av.com/works/detail/HUNT355",
        "https://hhh-av.com/works/detail/HUNT354",
        "https://hhh-av.com/works/detail/HUNT353",
        "https://hhh-av.com/works/detail/HUNT352"
      ],
      "count": 4
    }
  },
  {
    "https://hhh-av.com/works/list/date/2010-10-07": {
      "href": [
        "https://hhh-av.com/works/detail/HUNT351",
        "https://hhh-av.com/works/detail/HUNT350",
        "https://hhh-av.com/works/detail/HUNT349",
        "https://hhh-av.com/works/detail/HUNT348",
        "https://hhh-av.com/works/detail/HUNT347"
      ],
      "count": 5
    }
  },
  {
    "https://hhh-av.com/works/list/date/2010-11-04": {
      "href": [
        "https://hhh-av.com/works/detail/HUNT361",
        "https://hhh-av.com/works/detail/HUNT359",
        "https://hhh-av.com/works/detail/HUNT358",
        "https://hhh-av.com/works/detail/HUNT357"
      ],
      "count": 4
    }
  },
  {
    "https://hhh-av.com/works/list/date/2010-12-07": {
      "href": [
        "https://hhh-av.com/works/detail/HUNT371",
        "https://hhh-av.com/works/detail/HUNT370",
        "https://hhh-av.com/works/detail/HUNT369",
        "https://hhh-av.com/works/detail/HUNT368",
        "https://hhh-av.com/works/detail/HUNT367"
      ],
      "count": 5
    }
  },
  {
    "https://hhh-av.com/works/list/date/2010-12-23": {
      "href": [
        "https://hhh-av.com/works/detail/HUNT377",
        "https://hhh-av.com/works/detail/HUNT376",
        "https://hhh-av.com/works/detail/HUNT375",
        "https://hhh-av.com/works/detail/HUNT374",
        "https://hhh-av.com/works/detail/HUNT373"
      ],
      "count": 5
    }
  },
  {
    "https://hhh-av.com/works/list/date/2010-11-18": {
      "href": [
        "https://hhh-av.com/works/detail/HUNT366",
        "https://hhh-av.com/works/detail/HUNT365",
        "https://hhh-av.com/works/detail/HUNT364",
        "https://hhh-av.com/works/detail/HUNT363",
        "https://hhh-av.com/works/detail/HUNT362"
      ],
      "count": 5
    }
  },
  {
    "https://hhh-av.com/works/list/date/2011-01-20": {
      "href": [
        "https://hhh-av.com/works/detail/HUNT387",
        "https://hhh-av.com/works/detail/HUNT386",
        "https://hhh-av.com/works/detail/HUNT385",
        "https://hhh-av.com/works/detail/HUNT384",
        "https://hhh-av.com/works/detail/HUNT383"
      ],
      "count": 5
    }
  },
  {
    "https://hhh-av.com/works/list/date/2011-01-08": {
      "href": [
        "https://hhh-av.com/works/detail/HUNT382",
        "https://hhh-av.com/works/detail/HUNT381",
        "https://hhh-av.com/works/detail/HUNT380",
        "https://hhh-av.com/works/detail/HUNT379",
        "https://hhh-av.com/works/detail/HUNT378"
      ],
      "count": 5
    }
  },
  {
    "https://hhh-av.com/works/list/date/2011-02-05": {
      "href": [
        "https://hhh-av.com/works/detail/HUNT391",
        "https://hhh-av.com/works/detail/HUNT390",
        "https://hhh-av.com/works/detail/HUNT389",
        "https://hhh-av.com/works/detail/HUNT388"
      ],
      "count": 4
    }
  },
  {
    "https://hhh-av.com/works/list/date/2011-02-19": {
      "href": [
        "https://hhh-av.com/works/detail/HUNT397",
        "https://hhh-av.com/works/detail/HUNT396",
        "https://hhh-av.com/works/detail/HUNT395",
        "https://hhh-av.com/works/detail/HUNT394",
        "https://hhh-av.com/works/detail/HUNT393"
      ],
      "count": 5
    }
  },
  {
    "https://hhh-av.com/works/list/date/2011-03-05": {
      "href": [
        "https://hhh-av.com/works/detail/HUNT402",
        "https://hhh-av.com/works/detail/HUNT401",
        "https://hhh-av.com/works/detail/HUNT400",
        "https://hhh-av.com/works/detail/HUNT399",
        "https://hhh-av.com/works/detail/HUNT398"
      ],
      "count": 5
    }
  },
  {
    "https://hhh-av.com/works/list/date/2011-03-19": {
      "href": [
        "https://hhh-av.com/works/detail/HUNT407",
        "https://hhh-av.com/works/detail/HUNT406",
        "https://hhh-av.com/works/detail/HUNT405",
        "https://hhh-av.com/works/detail/HUNT403"
      ],
      "count": 4
    }
  },
  {
    "https://hhh-av.com/works/list/date/2011-04-07": {
      "href": [
        "https://hhh-av.com/works/detail/HUNT411",
        "https://hhh-av.com/works/detail/HUNT409",
        "https://hhh-av.com/works/detail/HUNT408"
      ],
      "count": 3
    }
  },
  {
    "https://hhh-av.com/works/list/date/2011-04-21": {
      "href": [
        "https://hhh-av.com/works/detail/HUNT417",
        "https://hhh-av.com/works/detail/HUNT416",
        "https://hhh-av.com/works/detail/HUNT415",
        "https://hhh-av.com/works/detail/HUNT414",
        "https://hhh-av.com/works/detail/HUNT413"
      ],
      "count": 5
    }
  },
  {
    "https://hhh-av.com/works/list/date/2011-05-07": {
      "href": [
        "https://hhh-av.com/works/detail/HUNT427",
        "https://hhh-av.com/works/detail/HUNT421",
        "https://hhh-av.com/works/detail/HUNT420"
      ],
      "count": 3
    }
  },
  {
    "https://hhh-av.com/works/list/date/2011-05-19": {
      "href": [
        "https://hhh-av.com/works/detail/HUNT428",
        "https://hhh-av.com/works/detail/HUNT426",
        "https://hhh-av.com/works/detail/HUNT425",
        "https://hhh-av.com/works/detail/HUNT424"
      ],
      "count": 4
    }
  },
  {
    "https://hhh-av.com/works/list/date/2011-06-04": {
      "href": [
        "https://hhh-av.com/works/detail/HUNT432",
        "https://hhh-av.com/works/detail/HUNT431",
        "https://hhh-av.com/works/detail/HUNT430",
        "https://hhh-av.com/works/detail/HUNT429"
      ],
      "count": 4
    }
  },
  {
    "https://hhh-av.com/works/list/date/2011-06-18": {
      "href": [
        "https://hhh-av.com/works/detail/HUNT436",
        "https://hhh-av.com/works/detail/HUNT435",
        "https://hhh-av.com/works/detail/HUNT434",
        "https://hhh-av.com/works/detail/HUNT433"
      ],
      "count": 4
    }
  },
  {
    "https://hhh-av.com/works/list/date/2011-07-07": {
      "href": [
        "https://hhh-av.com/works/detail/HUNT440",
        "https://hhh-av.com/works/detail/HUNT439",
        "https://hhh-av.com/works/detail/HUNT438",
        "https://hhh-av.com/works/detail/HUNT437",
        "https://hhh-av.com/works/detail/HUNT418"
      ],
      "count": 5
    }
  },
  {
    "https://hhh-av.com/works/list/date/2011-07-21": {
      "href": [
        "https://hhh-av.com/works/detail/HUNT444",
        "https://hhh-av.com/works/detail/HUNT443",
        "https://hhh-av.com/works/detail/HUNT442",
        "https://hhh-av.com/works/detail/HUNT441"
      ],
      "count": 4
    }
  },
  {
    "https://hhh-av.com/works/list/date/2011-08-06": {
      "href": [
        "https://hhh-av.com/works/detail/HUNT448",
        "https://hhh-av.com/works/detail/HUNT447",
        "https://hhh-av.com/works/detail/HUNT446",
        "https://hhh-av.com/works/detail/HUNT445",
        "https://hhh-av.com/works/detail/HUNT423",
        "https://hhh-av.com/works/detail/HUNT419"
      ],
      "count": 6
    }
  },
  {
    "https://hhh-av.com/works/list/date/2011-08-20": {
      "href": [
        "https://hhh-av.com/works/detail/HUNT454",
        "https://hhh-av.com/works/detail/HUNT453",
        "https://hhh-av.com/works/detail/HUNT452",
        "https://hhh-av.com/works/detail/HUNT451",
        "https://hhh-av.com/works/detail/HUNT450",
        "https://hhh-av.com/works/detail/HUNT449"
      ],
      "count": 6
    }
  },
  {
    "https://hhh-av.com/works/list/date/2011-09-08": {
      "href": [
        "https://hhh-av.com/works/detail/HUNT460",
        "https://hhh-av.com/works/detail/HUNT459",
        "https://hhh-av.com/works/detail/HUNT458",
        "https://hhh-av.com/works/detail/HUNT457",
        "https://hhh-av.com/works/detail/HUNT456",
        "https://hhh-av.com/works/detail/HUNT455"
      ],
      "count": 6
    }
  },
  {
    "https://hhh-av.com/works/list/date/2011-09-22": {
      "href": [
        "https://hhh-av.com/works/detail/HUNT466",
        "https://hhh-av.com/works/detail/HUNT465",
        "https://hhh-av.com/works/detail/HUNT464",
        "https://hhh-av.com/works/detail/HUNT463",
        "https://hhh-av.com/works/detail/HUNT462",
        "https://hhh-av.com/works/detail/HUNT461"
      ],
      "count": 6
    }
  },
  {
    "https://hhh-av.com/works/list/date/2011-10-06": {
      "href": [
        "https://hhh-av.com/works/detail/HUNT472",
        "https://hhh-av.com/works/detail/HUNT471",
        "https://hhh-av.com/works/detail/HUNT470",
        "https://hhh-av.com/works/detail/HUNT468",
        "https://hhh-av.com/works/detail/HUNT467"
      ],
      "count": 5
    }
  },
  {
    "https://hhh-av.com/works/list/date/2011-10-20": {
      "href": [
        "https://hhh-av.com/works/detail/HUNT478",
        "https://hhh-av.com/works/detail/HUNT477",
        "https://hhh-av.com/works/detail/HUNT476",
        "https://hhh-av.com/works/detail/HUNT475",
        "https://hhh-av.com/works/detail/HUNT474",
        "https://hhh-av.com/works/detail/HUNT473"
      ],
      "count": 6
    }
  },
  {
    "https://hhh-av.com/works/list/date/2011-11-05": {
      "href": [
        "https://hhh-av.com/works/detail/HUNT484",
        "https://hhh-av.com/works/detail/HUNT483",
        "https://hhh-av.com/works/detail/HUNT482",
        "https://hhh-av.com/works/detail/HUNT481",
        "https://hhh-av.com/works/detail/HUNT480",
        "https://hhh-av.com/works/detail/HUNT479"
      ],
      "count": 6
    }
  },
  {
    "https://hhh-av.com/works/list/date/2011-11-19": {
      "href": [
        "https://hhh-av.com/works/detail/HUNT490",
        "https://hhh-av.com/works/detail/HUNT489",
        "https://hhh-av.com/works/detail/HUNT488",
        "https://hhh-av.com/works/detail/HUNT487",
        "https://hhh-av.com/works/detail/HUNT486",
        "https://hhh-av.com/works/detail/HUNT485"
      ],
      "count": 6
    }
  },
  {
    "https://hhh-av.com/works/list/date/2011-12-08": {
      "href": [
        "https://hhh-av.com/works/detail/HUNT496",
        "https://hhh-av.com/works/detail/HUNT495",
        "https://hhh-av.com/works/detail/HUNT494",
        "https://hhh-av.com/works/detail/HUNT493",
        "https://hhh-av.com/works/detail/HUNT492",
        "https://hhh-av.com/works/detail/HUNT491"
      ],
      "count": 6
    }
  },
  {
    "https://hhh-av.com/works/list/date/2011-12-22": {
      "href": [
        "https://hhh-av.com/works/detail/HUNT502",
        "https://hhh-av.com/works/detail/HUNT501",
        "https://hhh-av.com/works/detail/HUNT500",
        "https://hhh-av.com/works/detail/HUNT499",
        "https://hhh-av.com/works/detail/HUNT498",
        "https://hhh-av.com/works/detail/HUNT497"
      ],
      "count": 6
    }
  },
  {
    "https://hhh-av.com/works/list/date/2012-01-07": {
      "href": [
        "https://hhh-av.com/works/detail/HUNT508",
        "https://hhh-av.com/works/detail/HUNT507",
        "https://hhh-av.com/works/detail/HUNT506",
        "https://hhh-av.com/works/detail/HUNT505",
        "https://hhh-av.com/works/detail/HUNT504",
        "https://hhh-av.com/works/detail/HUNT503"
      ],
      "count": 6
    }
  },
  {
    "https://hhh-av.com/works/list/date/2012-01-19": {
      "href": [
        "https://hhh-av.com/works/detail/HUNT514",
        "https://hhh-av.com/works/detail/HUNT513",
        "https://hhh-av.com/works/detail/HUNT512",
        "https://hhh-av.com/works/detail/HUNT511",
        "https://hhh-av.com/works/detail/HUNT510",
        "https://hhh-av.com/works/detail/HUNT509"
      ],
      "count": 6
    }
  },
  {
    "https://hhh-av.com/works/list/date/2012-02-09": {
      "href": [
        "https://hhh-av.com/works/detail/HUNT520",
        "https://hhh-av.com/works/detail/HUNT519",
        "https://hhh-av.com/works/detail/HUNT518",
        "https://hhh-av.com/works/detail/HUNT517",
        "https://hhh-av.com/works/detail/HUNT516"
      ],
      "count": 5
    }
  },
  {
    "https://hhh-av.com/works/list/date/2012-02-23": {
      "href": [
        "https://hhh-av.com/works/detail/HUNT525",
        "https://hhh-av.com/works/detail/HUNT524",
        "https://hhh-av.com/works/detail/HUNT523",
        "https://hhh-av.com/works/detail/HUNT522",
        "https://hhh-av.com/works/detail/HUNT521"
      ],
      "count": 5
    }
  },
  {
    "https://hhh-av.com/works/list/date/2012-03-08": {
      "href": [
        "https://hhh-av.com/works/detail/HUNT532",
        "https://hhh-av.com/works/detail/HUNT531",
        "https://hhh-av.com/works/detail/HUNT530",
        "https://hhh-av.com/works/detail/HUNT529",
        "https://hhh-av.com/works/detail/HUNT528",
        "https://hhh-av.com/works/detail/HUNT527"
      ],
      "count": 6
    }
  },
  {
    "https://hhh-av.com/works/list/date/2012-03-22": {
      "href": [
        "https://hhh-av.com/works/detail/HUNT538",
        "https://hhh-av.com/works/detail/HUNT537",
        "https://hhh-av.com/works/detail/HUNT536",
        "https://hhh-av.com/works/detail/HUNT535",
        "https://hhh-av.com/works/detail/HUNT534",
        "https://hhh-av.com/works/detail/HUNT533"
      ],
      "count": 6
    }
  },
  {
    "https://hhh-av.com/works/list/date/2012-04-05": {
      "href": [
        "https://hhh-av.com/works/detail/HUNT544",
        "https://hhh-av.com/works/detail/HUNT543",
        "https://hhh-av.com/works/detail/HUNT542",
        "https://hhh-av.com/works/detail/HUNT541",
        "https://hhh-av.com/works/detail/HUNT540",
        "https://hhh-av.com/works/detail/HUNT539"
      ],
      "count": 6
    }
  },
  {
    "https://hhh-av.com/works/list/date/2012-04-21": {
      "href": [
        "https://hhh-av.com/works/detail/HUNT550",
        "https://hhh-av.com/works/detail/HUNT549",
        "https://hhh-av.com/works/detail/HUNT548",
        "https://hhh-av.com/works/detail/HUNT547",
        "https://hhh-av.com/works/detail/HUNT546",
        "https://hhh-av.com/works/detail/HUNT545"
      ],
      "count": 6
    }
  },
  {
    "https://hhh-av.com/works/list/date/2012-05-24": {
      "href": [
        "https://hhh-av.com/works/detail/HUNT562",
        "https://hhh-av.com/works/detail/HUNT561",
        "https://hhh-av.com/works/detail/HUNT560",
        "https://hhh-av.com/works/detail/HUNT559",
        "https://hhh-av.com/works/detail/HUNT558",
        "https://hhh-av.com/works/detail/HUNT557"
      ],
      "count": 6
    }
  },
  {
    "https://hhh-av.com/works/list/date/2012-05-10": {
      "href": [
        "https://hhh-av.com/works/detail/HUNT556",
        "https://hhh-av.com/works/detail/HUNT555",
        "https://hhh-av.com/works/detail/HUNT554",
        "https://hhh-av.com/works/detail/HUNT553",
        "https://hhh-av.com/works/detail/HUNT552",
        "https://hhh-av.com/works/detail/HUNT551"
      ],
      "count": 6
    }
  },
  {
    "https://hhh-av.com/works/list/date/2012-06-07": {
      "href": [
        "https://hhh-av.com/works/detail/HUNT568",
        "https://hhh-av.com/works/detail/HUNT567",
        "https://hhh-av.com/works/detail/HUNT565",
        "https://hhh-av.com/works/detail/HUNT564",
        "https://hhh-av.com/works/detail/HUNT563"
      ],
      "count": 5
    }
  },
  {
    "https://hhh-av.com/works/list/date/2012-07-05": {
      "href": [
        "https://hhh-av.com/works/detail/HUNT580",
        "https://hhh-av.com/works/detail/HUNT579",
        "https://hhh-av.com/works/detail/HUNT578",
        "https://hhh-av.com/works/detail/HUNT577",
        "https://hhh-av.com/works/detail/HUNT576",
        "https://hhh-av.com/works/detail/HUNT575"
      ],
      "count": 6
    }
  },
  {
    "https://hhh-av.com/works/list/date/2012-06-21": {
      "href": [
        "https://hhh-av.com/works/detail/HUNT574",
        "https://hhh-av.com/works/detail/HUNT573",
        "https://hhh-av.com/works/detail/HUNT572",
        "https://hhh-av.com/works/detail/HUNT571",
        "https://hhh-av.com/works/detail/HUNT570",
        "https://hhh-av.com/works/detail/HUNT569"
      ],
      "count": 6
    }
  },
  {
    "https://hhh-av.com/works/list/date/2012-07-19": {
      "href": [
        "https://hhh-av.com/works/detail/HUNT586",
        "https://hhh-av.com/works/detail/HUNT585",
        "https://hhh-av.com/works/detail/HUNT584",
        "https://hhh-av.com/works/detail/HUNT583",
        "https://hhh-av.com/works/detail/HUNT582",
        "https://hhh-av.com/works/detail/HUNT581"
      ],
      "count": 6
    }
  },
  {
    "https://hhh-av.com/works/list/date/2012-08-09": {
      "href": [
        "https://hhh-av.com/works/detail/HUNT592",
        "https://hhh-av.com/works/detail/HUNT591",
        "https://hhh-av.com/works/detail/HUNT590",
        "https://hhh-av.com/works/detail/HUNT589",
        "https://hhh-av.com/works/detail/HUNT588",
        "https://hhh-av.com/works/detail/HUNT587"
      ],
      "count": 6
    }
  },
  {
    "https://hhh-av.com/works/list/date/2012-08-23": {
      "href": [
        "https://hhh-av.com/works/detail/HUNT598",
        "https://hhh-av.com/works/detail/HUNT597",
        "https://hhh-av.com/works/detail/HUNT596",
        "https://hhh-av.com/works/detail/HUNT594",
        "https://hhh-av.com/works/detail/HUNT593"
      ],
      "count": 5
    }
  },
  {
    "https://hhh-av.com/works/list/date/2012-09-06": {
      "href": [
        "https://hhh-av.com/works/detail/HUNT604",
        "https://hhh-av.com/works/detail/HUNT603",
        "https://hhh-av.com/works/detail/HUNT602",
        "https://hhh-av.com/works/detail/HUNT601",
        "https://hhh-av.com/works/detail/HUNT600",
        "https://hhh-av.com/works/detail/HUNT599"
      ],
      "count": 6
    }
  },
  {
    "https://hhh-av.com/works/list/date/2012-09-20": {
      "href": [
        "https://hhh-av.com/works/detail/HUNT610",
        "https://hhh-av.com/works/detail/HUNT609",
        "https://hhh-av.com/works/detail/HUNT608",
        "https://hhh-av.com/works/detail/HUNT607",
        "https://hhh-av.com/works/detail/HUNT606",
        "https://hhh-av.com/works/detail/HUNT605"
      ],
      "count": 6
    }
  },
  {
    "https://hhh-av.com/works/list/date/2012-10-06": {
      "href": [
        "https://hhh-av.com/works/detail/HUNT616",
        "https://hhh-av.com/works/detail/HUNT615",
        "https://hhh-av.com/works/detail/HUNT614",
        "https://hhh-av.com/works/detail/HUNT613",
        "https://hhh-av.com/works/detail/HUNT612"
      ],
      "count": 5
    }
  },
  {
    "https://hhh-av.com/works/list/date/2012-10-18": {
      "href": [
        "https://hhh-av.com/works/detail/HUNT622",
        "https://hhh-av.com/works/detail/HUNT621",
        "https://hhh-av.com/works/detail/HUNT619",
        "https://hhh-av.com/works/detail/HUNT618",
        "https://hhh-av.com/works/detail/HUNT617"
      ],
      "count": 5
    }
  },
  {
    "https://hhh-av.com/works/list/date/2012-11-08": {
      "href": [
        "https://hhh-av.com/works/detail/HUNT628",
        "https://hhh-av.com/works/detail/HUNT627",
        "https://hhh-av.com/works/detail/HUNT626",
        "https://hhh-av.com/works/detail/HUNT624",
        "https://hhh-av.com/works/detail/HUNT623"
      ],
      "count": 5
    }
  },
  {
    "https://hhh-av.com/works/list/date/2012-12-06": {
      "href": [
        "https://hhh-av.com/works/detail/HUNT638",
        "https://hhh-av.com/works/detail/HUNT637",
        "https://hhh-av.com/works/detail/HUNT636",
        "https://hhh-av.com/works/detail/HUNT635"
      ],
      "count": 4
    }
  },
  {
    "https://hhh-av.com/works/list/date/2012-11-22": {
      "href": [
        "https://hhh-av.com/works/detail/HUNT634",
        "https://hhh-av.com/works/detail/HUNT633",
        "https://hhh-av.com/works/detail/HUNT632",
        "https://hhh-av.com/works/detail/HUNT631",
        "https://hhh-av.com/works/detail/HUNT629"
      ],
      "count": 5
    }
  },
  {
    "https://hhh-av.com/works/list/date/2013-01-10": {
      "href": [
        "https://hhh-av.com/works/detail/HUNT651",
        "https://hhh-av.com/works/detail/HUNT650",
        "https://hhh-av.com/works/detail/HUNT649",
        "https://hhh-av.com/works/detail/HUNT648",
        "https://hhh-av.com/works/detail/HUNT647"
      ],
      "count": 5
    }
  },
  {
    "https://hhh-av.com/works/list/date/2013-01-24": {
      "href": [
        "https://hhh-av.com/works/detail/HUNT658",
        "https://hhh-av.com/works/detail/HUNT657",
        "https://hhh-av.com/works/detail/HUNT656",
        "https://hhh-av.com/works/detail/HUNT655",
        "https://hhh-av.com/works/detail/HUNT654",
        "https://hhh-av.com/works/detail/HUNT653"
      ],
      "count": 6
    }
  },
  {
    "https://hhh-av.com/works/list/date/2013-02-07": {
      "href": [
        "https://hhh-av.com/works/detail/HUNT664",
        "https://hhh-av.com/works/detail/HUNT663",
        "https://hhh-av.com/works/detail/HUNT662",
        "https://hhh-av.com/works/detail/HUNT661",
        "https://hhh-av.com/works/detail/HUNT660",
        "https://hhh-av.com/works/detail/HUNT659"
      ],
      "count": 6
    }
  },
  {
    "https://hhh-av.com/works/list/date/2012-12-20": {
      "href": [
        "https://hhh-av.com/works/detail/HUNT646",
        "https://hhh-av.com/works/detail/HUNT645",
        "https://hhh-av.com/works/detail/HUNT644",
        "https://hhh-av.com/works/detail/HUNT643",
        "https://hhh-av.com/works/detail/HUNT642",
        "https://hhh-av.com/works/detail/HUNT641"
      ],
      "count": 6
    }
  },
  {
    "https://hhh-av.com/works/list/date/2013-03-07": {
      "href": [
        "https://hhh-av.com/works/detail/HUNT676",
        "https://hhh-av.com/works/detail/HUNT675",
        "https://hhh-av.com/works/detail/HUNT674",
        "https://hhh-av.com/works/detail/HUNT673",
        "https://hhh-av.com/works/detail/HUNT672"
      ],
      "count": 5
    }
  },
  {
    "https://hhh-av.com/works/list/date/2013-02-21": {
      "href": [
        "https://hhh-av.com/works/detail/HUNT670",
        "https://hhh-av.com/works/detail/HUNT669",
        "https://hhh-av.com/works/detail/HUNT668",
        "https://hhh-av.com/works/detail/HUNT667",
        "https://hhh-av.com/works/detail/HUNT666",
        "https://hhh-av.com/works/detail/HUNT665"
      ],
      "count": 6
    }
  },
  {
    "https://hhh-av.com/works/list/date/2013-04-11": {
      "href": [
        "https://hhh-av.com/works/detail/HUNT688",
        "https://hhh-av.com/works/detail/HUNT687",
        "https://hhh-av.com/works/detail/HUNT686",
        "https://hhh-av.com/works/detail/HUNT685",
        "https://hhh-av.com/works/detail/HUNT683"
      ],
      "count": 5
    }
  },
  {
    "https://hhh-av.com/works/list/date/2013-03-23": {
      "href": [
        "https://hhh-av.com/works/detail/HUNT682",
        "https://hhh-av.com/works/detail/HUNT681",
        "https://hhh-av.com/works/detail/HUNT680",
        "https://hhh-av.com/works/detail/HUNT679",
        "https://hhh-av.com/works/detail/HUNT678",
        "https://hhh-av.com/works/detail/HUNT677"
      ],
      "count": 6
    }
  },
  {
    "https://hhh-av.com/works/list/date/2013-04-25": {
      "href": [
        "https://hhh-av.com/works/detail/HUNT694",
        "https://hhh-av.com/works/detail/HUNT693",
        "https://hhh-av.com/works/detail/HUNT692",
        "https://hhh-av.com/works/detail/HUNT691",
        "https://hhh-av.com/works/detail/HUNT690",
        "https://hhh-av.com/works/detail/HUNT689"
      ],
      "count": 6
    }
  },
  {
    "https://hhh-av.com/works/list/date/2013-05-09": {
      "href": [
        "https://hhh-av.com/works/detail/HUNT700",
        "https://hhh-av.com/works/detail/HUNT699",
        "https://hhh-av.com/works/detail/HUNT698",
        "https://hhh-av.com/works/detail/HUNT697",
        "https://hhh-av.com/works/detail/HUNT696",
        "https://hhh-av.com/works/detail/HUNT695"
      ],
      "count": 6
    }
  },
  {
    "https://hhh-av.com/works/list/date/2013-05-23": {
      "href": [
        "https://hhh-av.com/works/detail/HUNT705",
        "https://hhh-av.com/works/detail/HUNT704",
        "https://hhh-av.com/works/detail/HUNT703",
        "https://hhh-av.com/works/detail/HUNT702",
        "https://hhh-av.com/works/detail/HUNT701"
      ],
      "count": 5
    }
  },
  {
    "https://hhh-av.com/works/list/date/2013-06-06": {
      "href": [
        "https://hhh-av.com/works/detail/HUNT712",
        "https://hhh-av.com/works/detail/HUNT711",
        "https://hhh-av.com/works/detail/HUNT710",
        "https://hhh-av.com/works/detail/HUNT709",
        "https://hhh-av.com/works/detail/HUNT708",
        "https://hhh-av.com/works/detail/HUNT707"
      ],
      "count": 6
    }
  },
  {
    "https://hhh-av.com/works/list/date/2013-06-20": {
      "href": [
        "https://hhh-av.com/works/detail/HUNT718",
        "https://hhh-av.com/works/detail/HUNT717",
        "https://hhh-av.com/works/detail/HUNT716",
        "https://hhh-av.com/works/detail/HUNT714",
        "https://hhh-av.com/works/detail/HUNT713"
      ],
      "count": 5
    }
  },
  {
    "https://hhh-av.com/works/list/date/2013-07-06": {
      "href": [
        "https://hhh-av.com/works/detail/HUNT724",
        "https://hhh-av.com/works/detail/HUNT723",
        "https://hhh-av.com/works/detail/HUNT722",
        "https://hhh-av.com/works/detail/HUNT721",
        "https://hhh-av.com/works/detail/HUNT720",
        "https://hhh-av.com/works/detail/HUNT719"
      ],
      "count": 6
    }
  },
  {
    "https://hhh-av.com/works/list/date/2013-07-18": {
      "href": [
        "https://hhh-av.com/works/detail/HUNT730",
        "https://hhh-av.com/works/detail/HUNT729",
        "https://hhh-av.com/works/detail/HUNT728",
        "https://hhh-av.com/works/detail/HUNT727",
        "https://hhh-av.com/works/detail/HUNT725"
      ],
      "count": 5
    }
  },
  {
    "https://hhh-av.com/works/list/date/2013-08-08": {
      "href": [
        "https://hhh-av.com/works/detail/HUNT735",
        "https://hhh-av.com/works/detail/HUNT734",
        "https://hhh-av.com/works/detail/HUNT733",
        "https://hhh-av.com/works/detail/HUNT732",
        "https://hhh-av.com/works/detail/HUNT731"
      ],
      "count": 5
    }
  },
  {
    "https://hhh-av.com/works/list/date/2013-08-22": {
      "href": [
        "https://hhh-av.com/works/detail/HUNT742",
        "https://hhh-av.com/works/detail/HUNT741",
        "https://hhh-av.com/works/detail/HUNT739",
        "https://hhh-av.com/works/detail/HUNT738",
        "https://hhh-av.com/works/detail/HUNT737"
      ],
      "count": 5
    }
  },
  {
    "https://hhh-av.com/works/list/date/2013-09-05": {
      "href": [
        "https://hhh-av.com/works/detail/HUNT746",
        "https://hhh-av.com/works/detail/HUNT745",
        "https://hhh-av.com/works/detail/HUNT744",
        "https://hhh-av.com/works/detail/HUNT743"
      ],
      "count": 4
    }
  },
  {
    "https://hhh-av.com/works/list/date/2013-09-19": {
      "href": [
        "https://hhh-av.com/works/detail/HUNT754",
        "https://hhh-av.com/works/detail/HUNT753",
        "https://hhh-av.com/works/detail/HUNT752",
        "https://hhh-av.com/works/detail/HUNT751",
        "https://hhh-av.com/works/detail/HUNT750",
        "https://hhh-av.com/works/detail/HUNT749"
      ],
      "count": 6
    }
  },
  {
    "https://hhh-av.com/works/list/date/2013-10-10": {
      "href": [
        "https://hhh-av.com/works/detail/HUNT760",
        "https://hhh-av.com/works/detail/HUNT759",
        "https://hhh-av.com/works/detail/HUNT758",
        "https://hhh-av.com/works/detail/HUNT757",
        "https://hhh-av.com/works/detail/HUNT756",
        "https://hhh-av.com/works/detail/HUNT755"
      ],
      "count": 6
    }
  },
  {
    "https://hhh-av.com/works/list/date/2013-10-24": {
      "href": [
        "https://hhh-av.com/works/detail/HUNT766",
        "https://hhh-av.com/works/detail/HUNT765",
        "https://hhh-av.com/works/detail/HUNT764",
        "https://hhh-av.com/works/detail/HUNT763",
        "https://hhh-av.com/works/detail/HUNT762",
        "https://hhh-av.com/works/detail/HUNT761"
      ],
      "count": 6
    }
  },
  {
    "https://hhh-av.com/works/list/date/2013-11-21": {
      "href": [
        "https://hhh-av.com/works/detail/HUNT779",
        "https://hhh-av.com/works/detail/HUNT778",
        "https://hhh-av.com/works/detail/HUNT777",
        "https://hhh-av.com/works/detail/HUNT776",
        "https://hhh-av.com/works/detail/HUNT775",
        "https://hhh-av.com/works/detail/HUNT774"
      ],
      "count": 6
    }
  },
  {
    "https://hhh-av.com/works/list/date/2013-11-09": {
      "href": [
        "https://hhh-av.com/works/detail/HUNT773",
        "https://hhh-av.com/works/detail/HUNT772",
        "https://hhh-av.com/works/detail/HUNT771",
        "https://hhh-av.com/works/detail/HUNT770",
        "https://hhh-av.com/works/detail/HUNT769",
        "https://hhh-av.com/works/detail/HUNT768",
        "https://hhh-av.com/works/detail/HUNT767"
      ],
      "count": 7
    }
  },
  {
    "https://hhh-av.com/works/list/date/2013-12-19": {
      "href": [
        "https://hhh-av.com/works/detail/HUNT791",
        "https://hhh-av.com/works/detail/HUNT790",
        "https://hhh-av.com/works/detail/HUNT789",
        "https://hhh-av.com/works/detail/HUNT788",
        "https://hhh-av.com/works/detail/HUNT787",
        "https://hhh-av.com/works/detail/HUNT786"
      ],
      "count": 6
    }
  },
  {
    "https://hhh-av.com/works/list/date/2013-12-05": {
      "href": [
        "https://hhh-av.com/works/detail/HUNT785",
        "https://hhh-av.com/works/detail/HUNT784",
        "https://hhh-av.com/works/detail/HUNT783",
        "https://hhh-av.com/works/detail/HUNT782",
        "https://hhh-av.com/works/detail/HUNT781",
        "https://hhh-av.com/works/detail/HUNT780"
      ],
      "count": 6
    }
  },
  {
    "https://hhh-av.com/works/list/date/2014-01-09": {
      "href": [
        "https://hhh-av.com/works/detail/HUNT797",
        "https://hhh-av.com/works/detail/HUNT796",
        "https://hhh-av.com/works/detail/HUNT795",
        "https://hhh-av.com/works/detail/HUNT792"
      ],
      "count": 4
    }
  },
  {
    "https://hhh-av.com/works/list/date/2014-01-23": {
      "href": [
        "https://hhh-av.com/works/detail/HUNT803",
        "https://hhh-av.com/works/detail/HUNT802",
        "https://hhh-av.com/works/detail/HUNT801",
        "https://hhh-av.com/works/detail/HUNT800",
        "https://hhh-av.com/works/detail/HUNT799",
        "https://hhh-av.com/works/detail/HUNT798"
      ],
      "count": 6
    }
  },
  {
    "https://hhh-av.com/works/list/date/2014-02-20": {
      "href": [
        "https://hhh-av.com/works/detail/HUNT814",
        "https://hhh-av.com/works/detail/HUNT813",
        "https://hhh-av.com/works/detail/HUNT812",
        "https://hhh-av.com/works/detail/HUNT811",
        "https://hhh-av.com/works/detail/HUNT810"
      ],
      "count": 5
    }
  },
  {
    "https://hhh-av.com/works/list/date/2014-02-06": {
      "href": [
        "https://hhh-av.com/works/detail/HUNT809",
        "https://hhh-av.com/works/detail/HUNT808",
        "https://hhh-av.com/works/detail/HUNT807",
        "https://hhh-av.com/works/detail/HUNT804"
      ],
      "count": 4
    }
  },
  {
    "https://hhh-av.com/works/list/date/2014-03-06": {
      "href": [
        "https://hhh-av.com/works/detail/HUNT819",
        "https://hhh-av.com/works/detail/HUNT818",
        "https://hhh-av.com/works/detail/HUNT817",
        "https://hhh-av.com/works/detail/HUNT816"
      ],
      "count": 4
    }
  },
  {
    "https://hhh-av.com/works/list/date/2014-03-20": {
      "href": [
        "https://hhh-av.com/works/detail/HUNT827",
        "https://hhh-av.com/works/detail/HUNT826",
        "https://hhh-av.com/works/detail/HUNT825",
        "https://hhh-av.com/works/detail/HUNT824",
        "https://hhh-av.com/works/detail/HUNT823",
        "https://hhh-av.com/works/detail/HUNT822"
      ],
      "count": 6
    }
  },
  {
    "https://hhh-av.com/works/list/date/2014-04-10": {
      "href": [
        "https://hhh-av.com/works/detail/HUNT833",
        "https://hhh-av.com/works/detail/HUNT832",
        "https://hhh-av.com/works/detail/HUNT831",
        "https://hhh-av.com/works/detail/HUNT830",
        "https://hhh-av.com/works/detail/HUNT829",
        "https://hhh-av.com/works/detail/HUNT828"
      ],
      "count": 6
    }
  },
  {
    "https://hhh-av.com/works/list/date/2014-04-24": {
      "href": [
        "https://hhh-av.com/works/detail/HUNT838",
        "https://hhh-av.com/works/detail/HUNT837",
        "https://hhh-av.com/works/detail/HUNT836",
        "https://hhh-av.com/works/detail/HUNT835"
      ],
      "count": 4
    }
  },
  {
    "https://hhh-av.com/works/list/date/2014-05-01": {
      "href": [
        "https://hhh-av.com/works/detail/HUNT840"
      ],
      "count": 1
    }
  },
  {
    "https://hhh-av.com/works/list/date/2014-05-22": {
      "href": [
        "https://hhh-av.com/works/detail/HUNT852",
        "https://hhh-av.com/works/detail/HUNT851",
        "https://hhh-av.com/works/detail/HUNT849",
        "https://hhh-av.com/works/detail/HUNT848",
        "https://hhh-av.com/works/detail/HUNT847"
      ],
      "count": 5
    }
  },
  {
    "https://hhh-av.com/works/list/date/2014-06-05": {
      "href": [
        "https://hhh-av.com/works/detail/HUNT857",
        "https://hhh-av.com/works/detail/HUNT856",
        "https://hhh-av.com/works/detail/HUNT855",
        "https://hhh-av.com/works/detail/HUNT854",
        "https://hhh-av.com/works/detail/HUNT853"
      ],
      "count": 5
    }
  },
  {
    "https://hhh-av.com/works/list/date/2014-05-10": {
      "href": [
        "https://hhh-av.com/works/detail/HUNT845",
        "https://hhh-av.com/works/detail/HUNT844",
        "https://hhh-av.com/works/detail/HUNT843"
      ],
      "count": 3
    }
  },
  {
    "https://hhh-av.com/works/list/date/2014-06-19": {
      "href": [
        "https://hhh-av.com/works/detail/HUNT863",
        "https://hhh-av.com/works/detail/HUNT862",
        "https://hhh-av.com/works/detail/HUNT861",
        "https://hhh-av.com/works/detail/HUNT860",
        "https://hhh-av.com/works/detail/HUNT859"
      ],
      "count": 5
    }
  },
  {
    "https://hhh-av.com/works/list/date/2014-07-10": {
      "href": [
        "https://hhh-av.com/works/detail/HUNT870",
        "https://hhh-av.com/works/detail/HUNT869",
        "https://hhh-av.com/works/detail/HUNT868",
        "https://hhh-av.com/works/detail/HUNT867",
        "https://hhh-av.com/works/detail/HUNT866",
        "https://hhh-av.com/works/detail/HUNT865"
      ],
      "count": 6
    }
  },
  {
    "https://hhh-av.com/works/list/date/2014-07-24": {
      "href": [
        "https://hhh-av.com/works/detail/HUNT876",
        "https://hhh-av.com/works/detail/HUNT875",
        "https://hhh-av.com/works/detail/HUNT874",
        "https://hhh-av.com/works/detail/HUNT871"
      ],
      "count": 4
    }
  },
  {
    "https://hhh-av.com/works/list/date/2014-08-07": {
      "href": [
        "https://hhh-av.com/works/detail/HUNT882",
        "https://hhh-av.com/works/detail/HUNT877"
      ],
      "count": 2
    }
  },
  {
    "https://hhh-av.com/works/list/date/2014-08-21": {
      "href": [
        "https://hhh-av.com/works/detail/HUNT888",
        "https://hhh-av.com/works/detail/HUNT887",
        "https://hhh-av.com/works/detail/HUNT886",
        "https://hhh-av.com/works/detail/HUNT885",
        "https://hhh-av.com/works/detail/HUNT884"
      ],
      "count": 5
    }
  },
  {
    "https://hhh-av.com/works/list/date/2014-09-06": {
      "href": [
        "https://hhh-av.com/works/detail/HUNT895",
        "https://hhh-av.com/works/detail/HUNT894",
        "https://hhh-av.com/works/detail/HUNT893",
        "https://hhh-av.com/works/detail/HUNT892",
        "https://hhh-av.com/works/detail/HUNT891",
        "https://hhh-av.com/works/detail/HUNT890",
        "https://hhh-av.com/works/detail/HUNT889"
      ],
      "count": 7
    }
  },
  {
    "https://hhh-av.com/works/list/date/2014-09-25": {
      "href": [
        "https://hhh-av.com/works/detail/HUNT899"
      ],
      "count": 1
    }
  },
  {
    "https://hhh-av.com/works/list/date/2014-10-09": {
      "href": [
        "https://hhh-av.com/works/detail/HUNT914",
        "https://hhh-av.com/works/detail/HUNT913",
        "https://hhh-av.com/works/detail/HUNT912",
        "https://hhh-av.com/works/detail/HUNT911",
        "https://hhh-av.com/works/detail/HUNT909"
      ],
      "count": 5
    }
  },
  {
    "https://hhh-av.com/works/list/date/2014-10-23": {
      "href": [
        "https://hhh-av.com/works/detail/HUNT920",
        "https://hhh-av.com/works/detail/HUNT919",
        "https://hhh-av.com/works/detail/HUNT916",
        "https://hhh-av.com/works/detail/HUNT915"
      ],
      "count": 4
    }
  },
  {
    "https://hhh-av.com/works/list/date/2014-11-08": {
      "href": [
        "https://hhh-av.com/works/detail/HUNT927",
        "https://hhh-av.com/works/detail/HUNT926",
        "https://hhh-av.com/works/detail/HUNT924",
        "https://hhh-av.com/works/detail/HUNT922",
        "https://hhh-av.com/works/detail/HUNT921"
      ],
      "count": 5
    }
  },
  {
    "https://hhh-av.com/works/list/date/2014-11-20": {
      "href": [
        "https://hhh-av.com/works/detail/HUNT933",
        "https://hhh-av.com/works/detail/HUNT932",
        "https://hhh-av.com/works/detail/HUNT931",
        "https://hhh-av.com/works/detail/HUNT930",
        "https://hhh-av.com/works/detail/HUNT929"
      ],
      "count": 5
    }
  },
  {
    "https://hhh-av.com/works/list/date/2014-12-20": {
      "href": [
        "https://hhh-av.com/works/detail/HUNT945",
        "https://hhh-av.com/works/detail/HUNT944",
        "https://hhh-av.com/works/detail/HUNT942",
        "https://hhh-av.com/works/detail/HUNT941"
      ],
      "count": 4
    }
  },
  {
    "https://hhh-av.com/works/list/date/2014-12-06": {
      "href": [
        "https://hhh-av.com/works/detail/HUNT939",
        "https://hhh-av.com/works/detail/HUNT938",
        "https://hhh-av.com/works/detail/HUNT937",
        "https://hhh-av.com/works/detail/HUNT936",
        "https://hhh-av.com/works/detail/HUNT935"
      ],
      "count": 5
    }
  },
  {
    "https://hhh-av.com/works/list/date/2015-01-08": {
      "href": [
        "https://hhh-av.com/works/detail/HUNT950",
        "https://hhh-av.com/works/detail/HUNT949",
        "https://hhh-av.com/works/detail/HUNT948",
        "https://hhh-av.com/works/detail/HUNT946"
      ],
      "count": 4
    }
  },
  {
    "https://hhh-av.com/works/list/date/2015-01-22": {
      "href": [
        "https://hhh-av.com/works/detail/HUNT956",
        "https://hhh-av.com/works/detail/HUNT955",
        "https://hhh-av.com/works/detail/HUNT954",
        "https://hhh-av.com/works/detail/HUNT952"
      ],
      "count": 4
    }
  },
  {
    "https://hhh-av.com/works/list/date/2015-02-05": {
      "href": [
        "https://hhh-av.com/works/detail/HUNT965",
        "https://hhh-av.com/works/detail/HUNT964",
        "https://hhh-av.com/works/detail/HUNT962",
        "https://hhh-av.com/works/detail/HUNT961",
        "https://hhh-av.com/works/detail/HUNT960"
      ],
      "count": 5
    }
  },
  {
    "https://hhh-av.com/works/list/date/2015-02-19": {
      "href": [
        "https://hhh-av.com/works/detail/HUNT970",
        "https://hhh-av.com/works/detail/HUNT969"
      ],
      "count": 2
    }
  },
  {
    "https://hhh-av.com/works/list/date/2015-03-05": {
      "href": [
        "https://hhh-av.com/works/detail/HUNT974",
        "https://hhh-av.com/works/detail/HUNT973"
      ],
      "count": 2
    }
  },
  {
    "https://hhh-av.com/works/list/date/2015-03-19": {
      "href": [
        "https://hhh-av.com/works/detail/HUNT983",
        "https://hhh-av.com/works/detail/HUNT982",
        "https://hhh-av.com/works/detail/HUNT981"
      ],
      "count": 3
    }
  },
  {
    "https://hhh-av.com/works/list/date/2015-04-09": {
      "href": [
        "https://hhh-av.com/works/detail/HUNT989",
        "https://hhh-av.com/works/detail/HUNT988",
        "https://hhh-av.com/works/detail/HUNT987",
        "https://hhh-av.com/works/detail/HUNT985",
        "https://hhh-av.com/works/detail/HUNT984"
      ],
      "count": 5
    }
  },
  {
    "https://hhh-av.com/works/list/date/2015-04-23": {
      "href": [
        "https://hhh-av.com/works/detail/HUNT995",
        "https://hhh-av.com/works/detail/HUNT994",
        "https://hhh-av.com/works/detail/HUNT993",
        "https://hhh-av.com/works/detail/HUNT992",
        "https://hhh-av.com/works/detail/HUNT990"
      ],
      "count": 5
    }
  },
  {
    "https://hhh-av.com/works/list/date/2015-05-09": {
      "href": [
        "https://hhh-av.com/works/detail/HUNTA001",
        "https://hhh-av.com/works/detail/HUNT999",
        "https://hhh-av.com/works/detail/HUNT998",
        "https://hhh-av.com/works/detail/HUNT997",
        "https://hhh-av.com/works/detail/HUNT996"
      ],
      "count": 5
    }
  },
  {
    "https://hhh-av.com/works/list/date/2015-05-21": {
      "href": [
        "https://hhh-av.com/works/detail/HUNTA007",
        "https://hhh-av.com/works/detail/HUNTA006",
        "https://hhh-av.com/works/detail/HUNTA005",
        "https://hhh-av.com/works/detail/HUNTA004",
        "https://hhh-av.com/works/detail/HUNTA003"
      ],
      "count": 5
    }
  },
  {
    "https://hhh-av.com/works/list/date/2015-06-06": {
      "href": [
        "https://hhh-av.com/works/detail/HUNTA014",
        "https://hhh-av.com/works/detail/HUNTA012",
        "https://hhh-av.com/works/detail/HUNTA011",
        "https://hhh-av.com/works/detail/HUNTA010",
        "https://hhh-av.com/works/detail/HUNTA009"
      ],
      "count": 5
    }
  },
  {
    "https://hhh-av.com/works/list/date/2015-06-18": {
      "href": [
        "https://hhh-av.com/works/detail/HUNTA019",
        "https://hhh-av.com/works/detail/HUNTA018",
        "https://hhh-av.com/works/detail/HUNTA017",
        "https://hhh-av.com/works/detail/HUNTA016",
        "https://hhh-av.com/works/detail/HUNTA015"
      ],
      "count": 5
    }
  },
  {
    "https://hhh-av.com/works/list/date/2015-07-23": {
      "href": [
        "https://hhh-av.com/works/detail/HUNTA032",
        "https://hhh-av.com/works/detail/HUNTA031",
        "https://hhh-av.com/works/detail/HUNTA030",
        "https://hhh-av.com/works/detail/HUNTA029",
        "https://hhh-av.com/works/detail/HUNTA028",
        "https://hhh-av.com/works/detail/HUNTA027"
      ],
      "count": 6
    }
  },
  {
    "https://hhh-av.com/works/list/date/2015-08-06": {
      "href": [
        "https://hhh-av.com/works/detail/HUNTA038",
        "https://hhh-av.com/works/detail/HUNTA037",
        "https://hhh-av.com/works/detail/HUNTA036",
        "https://hhh-av.com/works/detail/HUNTA035",
        "https://hhh-av.com/works/detail/HUNTA034",
        "https://hhh-av.com/works/detail/HUNTA033"
      ],
      "count": 6
    }
  },
  {
    "https://hhh-av.com/works/list/date/2015-07-09": {
      "href": [
        "https://hhh-av.com/works/detail/HUNTA026",
        "https://hhh-av.com/works/detail/HUNTA025",
        "https://hhh-av.com/works/detail/HUNTA024",
        "https://hhh-av.com/works/detail/HUNTA023",
        "https://hhh-av.com/works/detail/HUNTA022"
      ],
      "count": 5
    }
  },
  {
    "https://hhh-av.com/works/list/date/2015-08-20": {
      "href": [
        "https://hhh-av.com/works/detail/HUNTA045",
        "https://hhh-av.com/works/detail/HUNTA044",
        "https://hhh-av.com/works/detail/HUNTA043",
        "https://hhh-av.com/works/detail/HUNTA042",
        "https://hhh-av.com/works/detail/HUNTA041",
        "https://hhh-av.com/works/detail/HUNTA040",
        "https://hhh-av.com/works/detail/HUNTA039"
      ],
      "count": 7
    }
  },
  {
    "https://hhh-av.com/works/list/date/2015-09-10": {
      "href": [
        "https://hhh-av.com/works/detail/HUNTA051",
        "https://hhh-av.com/works/detail/HUNTA050",
        "https://hhh-av.com/works/detail/HUNTA049",
        "https://hhh-av.com/works/detail/HUNTA048",
        "https://hhh-av.com/works/detail/HUNTA047",
        "https://hhh-av.com/works/detail/HUNTA046"
      ],
      "count": 6
    }
  },
  {
    "https://hhh-av.com/works/list/date/2015-09-24": {
      "href": [
        "https://hhh-av.com/works/detail/HUNTA057",
        "https://hhh-av.com/works/detail/HUNTA056",
        "https://hhh-av.com/works/detail/HUNTA055",
        "https://hhh-av.com/works/detail/HUNTA052"
      ],
      "count": 4
    }
  },
  {
    "https://hhh-av.com/works/list/date/2015-10-08": {
      "href": [
        "https://hhh-av.com/works/detail/HUNTA065",
        "https://hhh-av.com/works/detail/HUNTA064",
        "https://hhh-av.com/works/detail/HUNTA062"
      ],
      "count": 3
    }
  },
  {
    "https://hhh-av.com/works/list/date/2015-10-22": {
      "href": [
        "https://hhh-av.com/works/detail/HUNTA072",
        "https://hhh-av.com/works/detail/HUNTA071",
        "https://hhh-av.com/works/detail/HUNTA070",
        "https://hhh-av.com/works/detail/HUNTA068",
        "https://hhh-av.com/works/detail/HUNTA067"
      ],
      "count": 5
    }
  },
  {
    "https://hhh-av.com/works/list/date/2015-11-12": {
      "href": [
        "https://hhh-av.com/works/detail/HUNTA078",
        "https://hhh-av.com/works/detail/HUNTA077",
        "https://hhh-av.com/works/detail/HUNTA076",
        "https://hhh-av.com/works/detail/HUNTA075",
        "https://hhh-av.com/works/detail/HUNTA073"
      ],
      "count": 5
    }
  },
  {
    "https://hhh-av.com/works/list/date/2015-11-26": {
      "href": [
        "https://hhh-av.com/works/detail/HUNTA083",
        "https://hhh-av.com/works/detail/HUNTA082",
        "https://hhh-av.com/works/detail/HUNTA081",
        "https://hhh-av.com/works/detail/HUNTA080",
        "https://hhh-av.com/works/detail/HUNTA079"
      ],
      "count": 5
    }
  },
  {
    "https://hhh-av.com/works/list/date/2015-12-10": {
      "href": [
        "https://hhh-av.com/works/detail/HUNTA089",
        "https://hhh-av.com/works/detail/HUNTA087",
        "https://hhh-av.com/works/detail/HUNTA086",
        "https://hhh-av.com/works/detail/HUNTA085"
      ],
      "count": 4
    }
  },
  {
    "https://hhh-av.com/works/list/date/2015-12-24": {
      "href": [
        "https://hhh-av.com/works/detail/HUNTA095",
        "https://hhh-av.com/works/detail/HUNTA094",
        "https://hhh-av.com/works/detail/HUNTA093",
        "https://hhh-av.com/works/detail/HUNTA092"
      ],
      "count": 4
    }
  },
  {
    "https://hhh-av.com/works/list/date/2016-01-08": {
      "href": [
        "https://hhh-av.com/works/detail/HUNTA102",
        "https://hhh-av.com/works/detail/HUNTA101",
        "https://hhh-av.com/works/detail/HUNTA100",
        "https://hhh-av.com/works/detail/HUNTA099",
        "https://hhh-av.com/works/detail/HUNTA097"
      ],
      "count": 5
    }
  },
  {
    "https://hhh-av.com/works/list/date/2016-01-21": {
      "href": [
        "https://hhh-av.com/works/detail/HUNTA108",
        "https://hhh-av.com/works/detail/HUNTA107",
        "https://hhh-av.com/works/detail/HUNTA106",
        "https://hhh-av.com/works/detail/HUNTA105",
        "https://hhh-av.com/works/detail/HUNTA104",
        "https://hhh-av.com/works/detail/HUNTA103"
      ],
      "count": 6
    }
  },
  {
    "https://hhh-av.com/works/list/date/2016-02-06": {
      "href": [
        "https://hhh-av.com/works/detail/HUNTA114",
        "https://hhh-av.com/works/detail/HUNTA113",
        "https://hhh-av.com/works/detail/HUNTA112",
        "https://hhh-av.com/works/detail/HUNTA111",
        "https://hhh-av.com/works/detail/HUNTA110",
        "https://hhh-av.com/works/detail/HUNTA109"
      ],
      "count": 6
    }
  },
  {
    "https://hhh-av.com/works/list/date/2016-02-18": {
      "href": [
        "https://hhh-av.com/works/detail/HUNTA117",
        "https://hhh-av.com/works/detail/HUNTA115"
      ],
      "count": 2
    }
  },
  {
    "https://hhh-av.com/works/list/date/2016-03-05": {
      "href": [
        "https://hhh-av.com/works/detail/HUNTA126",
        "https://hhh-av.com/works/detail/HUNTA125",
        "https://hhh-av.com/works/detail/HUNTA124",
        "https://hhh-av.com/works/detail/HUNTA123",
        "https://hhh-av.com/works/detail/HUNTA122",
        "https://hhh-av.com/works/detail/HUNTA121"
      ],
      "count": 6
    }
  },
  {
    "https://hhh-av.com/works/list/date/2016-03-17": {
      "href": [
        "https://hhh-av.com/works/detail/HUNTA132",
        "https://hhh-av.com/works/detail/HUNTA131",
        "https://hhh-av.com/works/detail/HUNTA129",
        "https://hhh-av.com/works/detail/HUNTA128",
        "https://hhh-av.com/works/detail/HUNTA127"
      ],
      "count": 5
    }
  },
  {
    "https://hhh-av.com/works/list/date/2016-04-07": {
      "href": [
        "https://hhh-av.com/works/detail/HUNTA138",
        "https://hhh-av.com/works/detail/HUNTA137",
        "https://hhh-av.com/works/detail/HUNTA136",
        "https://hhh-av.com/works/detail/HUNTA134"
      ],
      "count": 4
    }
  },
  {
    "https://hhh-av.com/works/list/date/2016-04-19": {
      "href": [
        "https://hhh-av.com/works/detail/HUNTA144",
        "https://hhh-av.com/works/detail/HUNTA143",
        "https://hhh-av.com/works/detail/HUNTA142",
        "https://hhh-av.com/works/detail/HUNTA141",
        "https://hhh-av.com/works/detail/HUNTA140",
        "https://hhh-av.com/works/detail/HUNTA139"
      ],
      "count": 6
    }
  },
  {
    "https://hhh-av.com/works/list/date/2016-05-07": {
      "href": [
        "https://hhh-av.com/works/detail/HUNTA150",
        "https://hhh-av.com/works/detail/HUNTA149",
        "https://hhh-av.com/works/detail/HUNTA148",
        "https://hhh-av.com/works/detail/HUNTA147",
        "https://hhh-av.com/works/detail/HUNTA146",
        "https://hhh-av.com/works/detail/HUNTA145"
      ],
      "count": 6
    }
  },
  {
    "https://hhh-av.com/works/list/date/2016-05-19": {
      "href": [
        "https://hhh-av.com/works/detail/HUNTA155",
        "https://hhh-av.com/works/detail/HUNTA154",
        "https://hhh-av.com/works/detail/HUNTA153"
      ],
      "count": 3
    }
  },
  {
    "https://hhh-av.com/works/list/date/2016-06-07": {
      "href": [
        "https://hhh-av.com/works/detail/HUNTA162",
        "https://hhh-av.com/works/detail/HUNTA161",
        "https://hhh-av.com/works/detail/HUNTA160",
        "https://hhh-av.com/works/detail/HUNTA159",
        "https://hhh-av.com/works/detail/HUNTA158",
        "https://hhh-av.com/works/detail/HUNTA157"
      ],
      "count": 6
    }
  },
  {
    "https://hhh-av.com/works/list/date/2016-06-19": {
      "href": [
        "https://hhh-av.com/works/detail/HUNTA168",
        "https://hhh-av.com/works/detail/HUNTA167",
        "https://hhh-av.com/works/detail/HUNTA166",
        "https://hhh-av.com/works/detail/HUNTA165",
        "https://hhh-av.com/works/detail/HUNTA164",
        "https://hhh-av.com/works/detail/HUNTA163"
      ],
      "count": 6
    }
  },
  {
    "https://hhh-av.com/works/list/date/2016-07-07": {
      "href": [
        "https://hhh-av.com/works/detail/HUNTA175",
        "https://hhh-av.com/works/detail/HUNTA174",
        "https://hhh-av.com/works/detail/HUNTA173",
        "https://hhh-av.com/works/detail/HUNTA172",
        "https://hhh-av.com/works/detail/HUNTA171",
        "https://hhh-av.com/works/detail/HUNTA170"
      ],
      "count": 6
    }
  },
  {
    "https://hhh-av.com/works/list/date/2016-07-19": {
      "href": [
        "https://hhh-av.com/works/detail/HUNTA181",
        "https://hhh-av.com/works/detail/HUNTA180",
        "https://hhh-av.com/works/detail/HUNTA179",
        "https://hhh-av.com/works/detail/HUNTA178",
        "https://hhh-av.com/works/detail/HUNTA177",
        "https://hhh-av.com/works/detail/HUNTA176",
        "https://hhh-av.com/works/detail/HHHH001"
      ],
      "count": 7
    }
  },
  {
    "https://hhh-av.com/works/list/date/2016-08-19": {
      "href": [
        "https://hhh-av.com/works/detail/HUNTA194",
        "https://hhh-av.com/works/detail/HUNTA193",
        "https://hhh-av.com/works/detail/HUNTA192",
        "https://hhh-av.com/works/detail/HUNTA191",
        "https://hhh-av.com/works/detail/HUNTA190",
        "https://hhh-av.com/works/detail/HUNTA189"
      ],
      "count": 6
    }
  },
  {
    "https://hhh-av.com/works/list/date/2016-08-07": {
      "href": [
        "https://hhh-av.com/works/detail/HUNTA188",
        "https://hhh-av.com/works/detail/HUNTA187",
        "https://hhh-av.com/works/detail/HUNTA186",
        "https://hhh-av.com/works/detail/HUNTA185",
        "https://hhh-av.com/works/detail/HUNTA184",
        "https://hhh-av.com/works/detail/HUNTA183"
      ],
      "count": 6
    }
  },
  {
    "https://hhh-av.com/works/list/date/2016-09-07": {
      "href": [
        "https://hhh-av.com/works/detail/HUNTA200",
        "https://hhh-av.com/works/detail/HUNTA199",
        "https://hhh-av.com/works/detail/HUNTA198",
        "https://hhh-av.com/works/detail/HUNTA197",
        "https://hhh-av.com/works/detail/HUNTA196"
      ],
      "count": 5
    }
  },
  {
    "https://hhh-av.com/works/list/date/2016-09-19": {
      "href": [
        "https://hhh-av.com/works/detail/HUNTA206",
        "https://hhh-av.com/works/detail/HUNTA205",
        "https://hhh-av.com/works/detail/HUNTA204",
        "https://hhh-av.com/works/detail/HUNTA203",
        "https://hhh-av.com/works/detail/HUNTA202",
        "https://hhh-av.com/works/detail/HUNTA201"
      ],
      "count": 6
    }
  },
  {
    "https://hhh-av.com/works/list/date/2016-10-07": {
      "href": [
        "https://hhh-av.com/works/detail/HUNTA212",
        "https://hhh-av.com/works/detail/HUNTA211",
        "https://hhh-av.com/works/detail/HUNTA210",
        "https://hhh-av.com/works/detail/HUNTA209",
        "https://hhh-av.com/works/detail/HUNTA208",
        "https://hhh-av.com/works/detail/HUNTA207"
      ],
      "count": 6
    }
  },
  {
    "https://hhh-av.com/works/list/date/2016-11-07": {
      "href": [
        "https://hhh-av.com/works/detail/HUNTA224",
        "https://hhh-av.com/works/detail/HUNTA222",
        "https://hhh-av.com/works/detail/HUNTA221",
        "https://hhh-av.com/works/detail/HUNTA220",
        "https://hhh-av.com/works/detail/HUNTA219"
      ],
      "count": 5
    }
  },
  {
    "https://hhh-av.com/works/list/date/2016-10-19": {
      "href": [
        "https://hhh-av.com/works/detail/HUNTA218",
        "https://hhh-av.com/works/detail/HUNTA217",
        "https://hhh-av.com/works/detail/HUNTA216",
        "https://hhh-av.com/works/detail/HUNTA215",
        "https://hhh-av.com/works/detail/HUNTA214",
        "https://hhh-av.com/works/detail/HUNTA213"
      ],
      "count": 6
    }
  },
  {
    "https://hhh-av.com/works/list/date/2016-11-19": {
      "href": [
        "https://hhh-av.com/works/detail/HUNTA230",
        "https://hhh-av.com/works/detail/HUNTA229",
        "https://hhh-av.com/works/detail/HUNTA228",
        "https://hhh-av.com/works/detail/HUNTA227",
        "https://hhh-av.com/works/detail/HUNTA226",
        "https://hhh-av.com/works/detail/HUNTA225"
      ],
      "count": 6
    }
  },
  {
    "https://hhh-av.com/works/list/date/2016-12-07": {
      "href": [
        "https://hhh-av.com/works/detail/HUNTA236",
        "https://hhh-av.com/works/detail/HUNTA235",
        "https://hhh-av.com/works/detail/HUNTA234",
        "https://hhh-av.com/works/detail/HUNTA233",
        "https://hhh-av.com/works/detail/HUNTA232"
      ],
      "count": 5
    }
  },
  {
    "https://hhh-av.com/works/list/date/2016-12-19": {
      "href": [
        "https://hhh-av.com/works/detail/HUNTA242",
        "https://hhh-av.com/works/detail/HUNTA241",
        "https://hhh-av.com/works/detail/HUNTA240",
        "https://hhh-av.com/works/detail/HUNTA239",
        "https://hhh-av.com/works/detail/HUNTA238",
        "https://hhh-av.com/works/detail/HUNTA237"
      ],
      "count": 6
    }
  },
  {
    "https://hhh-av.com/works/list/date/2017-01-07": {
      "href": [
        "https://hhh-av.com/works/detail/HUNTA248",
        "https://hhh-av.com/works/detail/HUNTA247",
        "https://hhh-av.com/works/detail/HUNTA246",
        "https://hhh-av.com/works/detail/HUNTA245",
        "https://hhh-av.com/works/detail/HUNTA244",
        "https://hhh-av.com/works/detail/HUNTA243"
      ],
      "count": 6
    }
  },
  {
    "https://hhh-av.com/works/list/date/2017-01-19": {
      "href": [
        "https://hhh-av.com/works/detail/HUNTA254",
        "https://hhh-av.com/works/detail/HUNTA253",
        "https://hhh-av.com/works/detail/HUNTA252",
        "https://hhh-av.com/works/detail/HUNTA251",
        "https://hhh-av.com/works/detail/HUNTA250",
        "https://hhh-av.com/works/detail/HUNTA249"
      ],
      "count": 6
    }
  },
  {
    "https://hhh-av.com/works/list/date/2017-02-07": {
      "href": [
        "https://hhh-av.com/works/detail/HUNTA260",
        "https://hhh-av.com/works/detail/HUNTA259",
        "https://hhh-av.com/works/detail/HUNTA258",
        "https://hhh-av.com/works/detail/HUNTA257",
        "https://hhh-av.com/works/detail/HUNTA256",
        "https://hhh-av.com/works/detail/HUNTA255"
      ],
      "count": 6
    }
  },
  {
    "https://hhh-av.com/works/list/date/2017-02-19": {
      "href": [
        "https://hhh-av.com/works/detail/HUNTA265",
        "https://hhh-av.com/works/detail/HUNTA264",
        "https://hhh-av.com/works/detail/HUNTA262",
        "https://hhh-av.com/works/detail/HUNTA261"
      ],
      "count": 4
    }
  },
  {
    "https://hhh-av.com/works/list/date/2017-03-07": {
      "href": [
        "https://hhh-av.com/works/detail/HUNTA275",
        "https://hhh-av.com/works/detail/HUNTA274",
        "https://hhh-av.com/works/detail/HUNTA273",
        "https://hhh-av.com/works/detail/HUNTA272",
        "https://hhh-av.com/works/detail/HUNTA271",
        "https://hhh-av.com/works/detail/HUNTA270"
      ],
      "count": 6
    }
  },
  {
    "https://hhh-av.com/works/list/date/2017-03-19": {
      "href": [
        "https://hhh-av.com/works/detail/HUNTA281",
        "https://hhh-av.com/works/detail/HUNTA280",
        "https://hhh-av.com/works/detail/HUNTA279",
        "https://hhh-av.com/works/detail/HUNTA278",
        "https://hhh-av.com/works/detail/HUNTA277",
        "https://hhh-av.com/works/detail/HUNTA276"
      ],
      "count": 6
    }
  },
  {
    "https://hhh-av.com/works/list/date/2017-04-07": {
      "href": [
        "https://hhh-av.com/works/detail/HUNTA287",
        "https://hhh-av.com/works/detail/HUNTA286",
        "https://hhh-av.com/works/detail/HUNTA285",
        "https://hhh-av.com/works/detail/HUNTA284",
        "https://hhh-av.com/works/detail/HUNTA283",
        "https://hhh-av.com/works/detail/HUNTA282"
      ],
      "count": 6
    }
  },
  {
    "https://hhh-av.com/works/list/date/2017-04-19": {
      "href": [
        "https://hhh-av.com/works/detail/HUNTA293",
        "https://hhh-av.com/works/detail/HUNTA291",
        "https://hhh-av.com/works/detail/HUNTA290",
        "https://hhh-av.com/works/detail/HUNTA289",
        "https://hhh-av.com/works/detail/HUNTA288"
      ],
      "count": 5
    }
  },
  {
    "https://hhh-av.com/works/list/date/2017-05-07": {
      "href": [
        "https://hhh-av.com/works/detail/HUNTA299",
        "https://hhh-av.com/works/detail/HUNTA298",
        "https://hhh-av.com/works/detail/HUNTA297",
        "https://hhh-av.com/works/detail/HUNTA296",
        "https://hhh-av.com/works/detail/HUNTA295",
        "https://hhh-av.com/works/detail/HUNTA294"
      ],
      "count": 6
    }
  },
  {
    "https://hhh-av.com/works/list/date/2017-05-19": {
      "href": [
        "https://hhh-av.com/works/detail/HUNTA305",
        "https://hhh-av.com/works/detail/HUNTA304",
        "https://hhh-av.com/works/detail/HUNTA303",
        "https://hhh-av.com/works/detail/HUNTA302",
        "https://hhh-av.com/works/detail/HUNTA301",
        "https://hhh-av.com/works/detail/HUNTA300"
      ],
      "count": 6
    }
  },
  {
    "https://hhh-av.com/works/list/date/2017-06-07": {
      "href": [
        "https://hhh-av.com/works/detail/HUNTA311",
        "https://hhh-av.com/works/detail/HUNTA308",
        "https://hhh-av.com/works/detail/HUNTA306"
      ],
      "count": 3
    }
  },
  {
    "https://hhh-av.com/works/list/date/2017-06-19": {
      "href": [
        "https://hhh-av.com/works/detail/HUNTA317",
        "https://hhh-av.com/works/detail/HUNTA316",
        "https://hhh-av.com/works/detail/HUNTA315",
        "https://hhh-av.com/works/detail/HUNTA314",
        "https://hhh-av.com/works/detail/HUNTA313"
      ],
      "count": 5
    }
  },
  {
    "https://hhh-av.com/works/list/date/2017-07-07": {
      "href": [
        "https://hhh-av.com/works/detail/HUNTA323",
        "https://hhh-av.com/works/detail/HUNTA322",
        "https://hhh-av.com/works/detail/HUNTA321",
        "https://hhh-av.com/works/detail/HUNTA320",
        "https://hhh-av.com/works/detail/HUNTA319",
        "https://hhh-av.com/works/detail/HUNTA318"
      ],
      "count": 6
    }
  },
  {
    "https://hhh-av.com/works/list/date/2017-07-19": {
      "href": [
        "https://hhh-av.com/works/detail/HUNTA330",
        "https://hhh-av.com/works/detail/HUNTA329",
        "https://hhh-av.com/works/detail/HUNTA328",
        "https://hhh-av.com/works/detail/HUNTA327",
        "https://hhh-av.com/works/detail/HUNTA326",
        "https://hhh-av.com/works/detail/HUNTA325",
        "https://hhh-av.com/works/detail/HUNTA324"
      ],
      "count": 7
    }
  },
  {
    "https://hhh-av.com/works/list/date/2017-08-07": {
      "href": [
        "https://hhh-av.com/works/detail/HUNTA336",
        "https://hhh-av.com/works/detail/HUNTA335",
        "https://hhh-av.com/works/detail/HUNTA334",
        "https://hhh-av.com/works/detail/HUNTA333",
        "https://hhh-av.com/works/detail/HUNTA332",
        "https://hhh-av.com/works/detail/HUNTA331"
      ],
      "count": 6
    }
  },
  {
    "https://hhh-av.com/works/list/date/2017-08-19": {
      "href": [
        "https://hhh-av.com/works/detail/HUNTA342",
        "https://hhh-av.com/works/detail/HUNTA341",
        "https://hhh-av.com/works/detail/HUNTA340",
        "https://hhh-av.com/works/detail/HUNTA339",
        "https://hhh-av.com/works/detail/HUNTA338",
        "https://hhh-av.com/works/detail/HUNTA337"
      ],
      "count": 6
    }
  },
  {
    "https://hhh-av.com/works/list/date/2017-09-07": {
      "href": [
        "https://hhh-av.com/works/detail/HUNTA347",
        "https://hhh-av.com/works/detail/HUNTA346",
        "https://hhh-av.com/works/detail/HUNTA345",
        "https://hhh-av.com/works/detail/HUNTA344",
        "https://hhh-av.com/works/detail/HUNTA343"
      ],
      "count": 5
    }
  },
  {
    "https://hhh-av.com/works/list/date/2017-09-19": {
      "href": [
        "https://hhh-av.com/works/detail/HUNTA353",
        "https://hhh-av.com/works/detail/HUNTA352",
        "https://hhh-av.com/works/detail/HUNTA350",
        "https://hhh-av.com/works/detail/HUNTA349",
        "https://hhh-av.com/works/detail/HUNTA348"
      ],
      "count": 5
    }
  },
  {
    "https://hhh-av.com/works/list/date/2017-10-07": {
      "href": [
        "https://hhh-av.com/works/detail/HUNTA359",
        "https://hhh-av.com/works/detail/HUNTA358",
        "https://hhh-av.com/works/detail/HUNTA357",
        "https://hhh-av.com/works/detail/HUNTA356",
        "https://hhh-av.com/works/detail/HUNTA355"
      ],
      "count": 5
    }
  },
  {
    "https://hhh-av.com/works/list/date/2017-11-07": {
      "href": [
        "https://hhh-av.com/works/detail/HUNTA371",
        "https://hhh-av.com/works/detail/HUNTA370",
        "https://hhh-av.com/works/detail/HUNTA369",
        "https://hhh-av.com/works/detail/HUNTA368",
        "https://hhh-av.com/works/detail/HUNTA367",
        "https://hhh-av.com/works/detail/HUNTA366"
      ],
      "count": 6
    }
  },
  {
    "https://hhh-av.com/works/list/date/2017-10-19": {
      "href": [
        "https://hhh-av.com/works/detail/HUNTA365",
        "https://hhh-av.com/works/detail/HUNTA364",
        "https://hhh-av.com/works/detail/HUNTA363",
        "https://hhh-av.com/works/detail/HUNTA361",
        "https://hhh-av.com/works/detail/HUNTA360"
      ],
      "count": 5
    }
  },
  {
    "https://hhh-av.com/works/list/date/2017-11-19": {
      "href": [
        "https://hhh-av.com/works/detail/HUNTA377",
        "https://hhh-av.com/works/detail/HUNTA376",
        "https://hhh-av.com/works/detail/HUNTA375",
        "https://hhh-av.com/works/detail/HUNTA374",
        "https://hhh-av.com/works/detail/HUNTA373",
        "https://hhh-av.com/works/detail/HUNTA372"
      ],
      "count": 6
    }
  },
  {
    "https://hhh-av.com/works/list/date/2017-12-07": {
      "href": [
        "https://hhh-av.com/works/detail/HUNTA384",
        "https://hhh-av.com/works/detail/HUNTA383",
        "https://hhh-av.com/works/detail/HUNTA381",
        "https://hhh-av.com/works/detail/HUNTA379"
      ],
      "count": 4
    }
  },
  {
    "https://hhh-av.com/works/list/date/2017-12-19": {
      "href": [
        "https://hhh-av.com/works/detail/HUNTA390",
        "https://hhh-av.com/works/detail/HUNTA389",
        "https://hhh-av.com/works/detail/HUNTA387",
        "https://hhh-av.com/works/detail/HUNTA386"
      ],
      "count": 4
    }
  }
]