[
  {
    "https://honnaka.jp/works/list/date/2010-12-25": {
      "href": [
        "https://honnaka.jp/works/detail/HNDS001",
        "https://honnaka.jp/works/detail/HND001",
        "https://honnaka.jp/works/detail/HND002"
      ],
      "count": 3
    }
  },
  {
    "https://honnaka.jp/works/list/date/2011-01-25": {
      "href": [
        "https://honnaka.jp/works/detail/HND003",
        "https://honnaka.jp/works/detail/HND004",
        "https://honnaka.jp/works/detail/HND005",
        "https://honnaka.jp/works/detail/HND006"
      ],
      "count": 4
    }
  },
  {
    "https://honnaka.jp/works/list/date/2011-03-25": {
      "href": [
        "https://honnaka.jp/works/detail/HND010",
        "https://honnaka.jp/works/detail/HND011",
        "https://honnaka.jp/works/detail/HND012"
      ],
      "count": 3
    }
  },
  {
    "https://honnaka.jp/works/list/date/2011-04-25": {
      "href": [
        "https://honnaka.jp/works/detail/HND013",
        "https://honnaka.jp/works/detail/HND014"
      ],
      "count": 2
    }
  },
  {
    "https://honnaka.jp/works/list/date/2011-05-25": {
      "href": [
        "https://honnaka.jp/works/detail/HND015",
        "https://honnaka.jp/works/detail/HND016"
      ],
      "count": 2
    }
  },
  {
    "https://honnaka.jp/works/list/date/2011-07-22": {
      "href": [
        "https://honnaka.jp/works/detail/HND017"
      ],
      "count": 1
    }
  },
  {
    "https://honnaka.jp/works/list/date/2011-07-25": {
      "href": [
        "https://honnaka.jp/works/detail/HND018",
        "https://honnaka.jp/works/detail/HNDB001"
      ],
      "count": 2
    }
  },
  {
    "https://honnaka.jp/works/list/date/2011-08-25": {
      "href": [
        "https://honnaka.jp/works/detail/HND019",
        "https://honnaka.jp/works/detail/HND020",
        "https://honnaka.jp/works/detail/HND021"
      ],
      "count": 3
    }
  },
  {
    "https://honnaka.jp/works/list/date/2011-10-25": {
      "href": [
        "https://honnaka.jp/works/detail/HND023"
      ],
      "count": 1
    }
  },
  {
    "https://honnaka.jp/works/list/date/2011-09-25": {
      "href": [
        "https://honnaka.jp/works/detail/HNDS003",
        "https://honnaka.jp/works/detail/HND022",
        "https://honnaka.jp/works/detail/HNDB002"
      ],
      "count": 3
    }
  },
  {
    "https://honnaka.jp/works/list/date/2011-11-25": {
      "href": [
        "https://honnaka.jp/works/detail/HNDB003"
      ],
      "count": 1
    }
  },
  {
    "https://honnaka.jp/works/list/date/2011-12-25": {
      "href": [
        "https://honnaka.jp/works/detail/HNDB004",
        "https://honnaka.jp/works/detail/HND024"
      ],
      "count": 2
    }
  },
  {
    "https://honnaka.jp/works/list/date/2012-01-25": {
      "href": [
        "https://honnaka.jp/works/detail/HNDB005"
      ],
      "count": 1
    }
  },
  {
    "https://honnaka.jp/works/list/date/2012-03-25": {
      "href": [
        "https://honnaka.jp/works/detail/HNDB007"
      ],
      "count": 1
    }
  },
  {
    "https://honnaka.jp/works/list/date/2012-02-25": {
      "href": [
        "https://honnaka.jp/works/detail/HNDB006"
      ],
      "count": 1
    }
  },
  {
    "https://honnaka.jp/works/list/date/2012-04-25": {
      "href": [
        "https://honnaka.jp/works/detail/HNDB008"
      ],
      "count": 1
    }
  },
  {
    "https://honnaka.jp/works/list/date/2012-05-25": {
      "href": [
        "https://honnaka.jp/works/detail/HNDB009"
      ],
      "count": 1
    }
  },
  {
    "https://honnaka.jp/works/list/date/2012-06-25": {
      "href": [
        "https://honnaka.jp/works/detail/HNDB010"
      ],
      "count": 1
    }
  },
  {
    "https://honnaka.jp/works/list/date/2012-07-25": {
      "href": [
        "https://honnaka.jp/works/detail/HNDB011"
      ],
      "count": 1
    }
  },
  {
    "https://honnaka.jp/works/list/date/2012-09-25": {
      "href": [
        "https://honnaka.jp/works/detail/HNDS004",
        "https://honnaka.jp/works/detail/HND025",
        "https://honnaka.jp/works/detail/HND027",
        "https://honnaka.jp/works/detail/HND028",
        "https://honnaka.jp/works/detail/HNDB012"
      ],
      "count": 5
    }
  },
  {
    "https://honnaka.jp/works/list/date/2011-02-25": {
      "href": [
        "https://honnaka.jp/works/detail/HNDS002",
        "https://honnaka.jp/works/detail/HND007",
        "https://honnaka.jp/works/detail/HND008",
        "https://honnaka.jp/works/detail/HND009"
      ],
      "count": 4
    }
  },
  {
    "https://honnaka.jp/works/list/date/2012-10-25": {
      "href": [
        "https://honnaka.jp/works/detail/HND029",
        "https://honnaka.jp/works/detail/HND030",
        "https://honnaka.jp/works/detail/HND031",
        "https://honnaka.jp/works/detail/HND032",
        "https://honnaka.jp/works/detail/HND033"
      ],
      "count": 5
    }
  },
  {
    "https://honnaka.jp/works/list/date/2012-11-25": {
      "href": [
        "https://honnaka.jp/works/detail/HND034",
        "https://honnaka.jp/works/detail/HND035",
        "https://honnaka.jp/works/detail/HND036",
        "https://honnaka.jp/works/detail/HNDB013"
      ],
      "count": 4
    }
  },
  {
    "https://honnaka.jp/works/list/date/2012-12-25": {
      "href": [
        "https://honnaka.jp/works/detail/HND037",
        "https://honnaka.jp/works/detail/HND038",
        "https://honnaka.jp/works/detail/HND039",
        "https://honnaka.jp/works/detail/HND040"
      ],
      "count": 4
    }
  },
  {
    "https://honnaka.jp/works/list/date/2013-01-25": {
      "href": [
        "https://honnaka.jp/works/detail/HNDS006",
        "https://honnaka.jp/works/detail/HND041",
        "https://honnaka.jp/works/detail/HND042",
        "https://honnaka.jp/works/detail/HND043",
        "https://honnaka.jp/works/detail/HNDB014"
      ],
      "count": 5
    }
  },
  {
    "https://honnaka.jp/works/list/date/2013-02-25": {
      "href": [
        "https://honnaka.jp/works/detail/HND045",
        "https://honnaka.jp/works/detail/HND048",
        "https://honnaka.jp/works/detail/HND046",
        "https://honnaka.jp/works/detail/HND047",
        "https://honnaka.jp/works/detail/HNDB015"
      ],
      "count": 5
    }
  },
  {
    "https://honnaka.jp/works/list/date/2013-03-25": {
      "href": [
        "https://honnaka.jp/works/detail/HND049",
        "https://honnaka.jp/works/detail/HND051",
        "https://honnaka.jp/works/detail/HND052",
        "https://honnaka.jp/works/detail/HNDB016"
      ],
      "count": 4
    }
  },
  {
    "https://honnaka.jp/works/list/date/2013-04-25": {
      "href": [
        "https://honnaka.jp/works/detail/HND053",
        "https://honnaka.jp/works/detail/HND054",
        "https://honnaka.jp/works/detail/HND055",
        "https://honnaka.jp/works/detail/HNDB017"
      ],
      "count": 4
    }
  },
  {
    "https://honnaka.jp/works/list/date/2013-05-25": {
      "href": [
        "https://honnaka.jp/works/detail/HND058",
        "https://honnaka.jp/works/detail/HND059",
        "https://honnaka.jp/works/detail/HND061",
        "https://honnaka.jp/works/detail/HNDB018",
        "https://honnaka.jp/works/detail/HNDB019"
      ],
      "count": 5
    }
  },
  {
    "https://honnaka.jp/works/list/date/2013-06-25": {
      "href": [
        "https://honnaka.jp/works/detail/HND062",
        "https://honnaka.jp/works/detail/HND063",
        "https://honnaka.jp/works/detail/HND064",
        "https://honnaka.jp/works/detail/HNDB020",
        "https://honnaka.jp/works/detail/HNDB021"
      ],
      "count": 5
    }
  },
  {
    "https://honnaka.jp/works/list/date/2013-07-25": {
      "href": [
        "https://honnaka.jp/works/detail/HND067",
        "https://honnaka.jp/works/detail/HNDS008",
        "https://honnaka.jp/works/detail/KRND002",
        "https://honnaka.jp/works/detail/HND068",
        "https://honnaka.jp/works/detail/HNDB022",
        "https://honnaka.jp/works/detail/HNDB023"
      ],
      "count": 6
    }
  },
  {
    "https://honnaka.jp/works/list/date/2013-08-25": {
      "href": [
        "https://honnaka.jp/works/detail/HND069",
        "https://honnaka.jp/works/detail/KRND003",
        "https://honnaka.jp/works/detail/HND070",
        "https://honnaka.jp/works/detail/HND071",
        "https://honnaka.jp/works/detail/HNDB024"
      ],
      "count": 5
    }
  },
  {
    "https://honnaka.jp/works/list/date/2013-09-25": {
      "href": [
        "https://honnaka.jp/works/detail/HND072",
        "https://honnaka.jp/works/detail/HNDS010",
        "https://honnaka.jp/works/detail/HND073",
        "https://honnaka.jp/works/detail/HNDS011",
        "https://honnaka.jp/works/detail/HND074",
        "https://honnaka.jp/works/detail/HND075",
        "https://honnaka.jp/works/detail/HND076",
        "https://honnaka.jp/works/detail/HND077",
        "https://honnaka.jp/works/detail/HNDB025"
      ],
      "count": 9
    }
  },
  {
    "https://honnaka.jp/works/list/date/2013-10-25": {
      "href": [
        "https://honnaka.jp/works/detail/HND078",
        "https://honnaka.jp/works/detail/KRND005",
        "https://honnaka.jp/works/detail/HND079",
        "https://honnaka.jp/works/detail/HND080",
        "https://honnaka.jp/works/detail/HND081",
        "https://honnaka.jp/works/detail/KRND006",
        "https://honnaka.jp/works/detail/KRND007",
        "https://honnaka.jp/works/detail/HNDB027"
      ],
      "count": 8
    }
  },
  {
    "https://honnaka.jp/works/list/date/2013-11-25": {
      "href": [
        "https://honnaka.jp/works/detail/HNDS012",
        "https://honnaka.jp/works/detail/KRND008",
        "https://honnaka.jp/works/detail/HND083",
        "https://honnaka.jp/works/detail/HND085",
        "https://honnaka.jp/works/detail/HND084",
        "https://honnaka.jp/works/detail/KRND009",
        "https://honnaka.jp/works/detail/HNDB028"
      ],
      "count": 7
    }
  },
  {
    "https://honnaka.jp/works/list/date/2013-12-25": {
      "href": [
        "https://honnaka.jp/works/detail/HND087",
        "https://honnaka.jp/works/detail/HND088",
        "https://honnaka.jp/works/detail/HNDS014",
        "https://honnaka.jp/works/detail/KRND010",
        "https://honnaka.jp/works/detail/HNDS015",
        "https://honnaka.jp/works/detail/HNDB031",
        "https://honnaka.jp/works/detail/HNDB030"
      ],
      "count": 7
    }
  },
  {
    "https://honnaka.jp/works/list/date/2014-01-25": {
      "href": [
        "https://honnaka.jp/works/detail/HND089",
        "https://honnaka.jp/works/detail/KRND011",
        "https://honnaka.jp/works/detail/HND090",
        "https://honnaka.jp/works/detail/HND092",
        "https://honnaka.jp/works/detail/HND091",
        "https://honnaka.jp/works/detail/HNDB033"
      ],
      "count": 6
    }
  },
  {
    "https://honnaka.jp/works/list/date/2014-02-25": {
      "href": [
        "https://honnaka.jp/works/detail/HND093",
        "https://honnaka.jp/works/detail/HND094",
        "https://honnaka.jp/works/detail/KRND012",
        "https://honnaka.jp/works/detail/HND095",
        "https://honnaka.jp/works/detail/HNDS017",
        "https://honnaka.jp/works/detail/HNDS018",
        "https://honnaka.jp/works/detail/HNDB034",
        "https://honnaka.jp/works/detail/HNDB035",
        "https://honnaka.jp/works/detail/HNDB036"
      ],
      "count": 9
    }
  },
  {
    "https://honnaka.jp/works/list/date/2014-03-25": {
      "href": [
        "https://honnaka.jp/works/detail/HND096",
        "https://honnaka.jp/works/detail/HND097",
        "https://honnaka.jp/works/detail/HNDS019",
        "https://honnaka.jp/works/detail/HND098",
        "https://honnaka.jp/works/detail/KRND014",
        "https://honnaka.jp/works/detail/HND099",
        "https://honnaka.jp/works/detail/KRND015",
        "https://honnaka.jp/works/detail/HNDB037",
        "https://honnaka.jp/works/detail/HNDB038"
      ],
      "count": 9
    }
  },
  {
    "https://honnaka.jp/works/list/date/2014-04-25": {
      "href": [
        "https://honnaka.jp/works/detail/HNDS021",
        "https://honnaka.jp/works/detail/KRND016",
        "https://honnaka.jp/works/detail/HND100",
        "https://honnaka.jp/works/detail/KRND017",
        "https://honnaka.jp/works/detail/HND101",
        "https://honnaka.jp/works/detail/HNDB039",
        "https://honnaka.jp/works/detail/HNDB040"
      ],
      "count": 7
    }
  },
  {
    "https://honnaka.jp/works/list/date/2014-05-25": {
      "href": [
        "https://honnaka.jp/works/detail/HND102",
        "https://honnaka.jp/works/detail/HNIM001",
        "https://honnaka.jp/works/detail/HND103",
        "https://honnaka.jp/works/detail/HND104",
        "https://honnaka.jp/works/detail/HND105",
        "https://honnaka.jp/works/detail/KRND018",
        "https://honnaka.jp/works/detail/HNDB041"
      ],
      "count": 7
    }
  },
  {
    "https://honnaka.jp/works/list/date/2014-06-25": {
      "href": [
        "https://honnaka.jp/works/detail/HND106",
        "https://honnaka.jp/works/detail/KRND019",
        "https://honnaka.jp/works/detail/KRND020",
        "https://honnaka.jp/works/detail/HND107",
        "https://honnaka.jp/works/detail/HND108",
        "https://honnaka.jp/works/detail/HND109",
        "https://honnaka.jp/works/detail/HND110",
        "https://honnaka.jp/works/detail/HND111",
        "https://honnaka.jp/works/detail/HNDS023",
        "https://honnaka.jp/works/detail/HNDB043",
        "https://honnaka.jp/works/detail/HNDB044"
      ],
      "count": 11
    }
  },
  {
    "https://honnaka.jp/works/list/date/2014-07-25": {
      "href": [
        "https://honnaka.jp/works/detail/HND112",
        "https://honnaka.jp/works/detail/HND113",
        "https://honnaka.jp/works/detail/HND114",
        "https://honnaka.jp/works/detail/HND115",
        "https://honnaka.jp/works/detail/HND116",
        "https://honnaka.jp/works/detail/HND117",
        "https://honnaka.jp/works/detail/HND118",
        "https://honnaka.jp/works/detail/HNDB045",
        "https://honnaka.jp/works/detail/HNDB046"
      ],
      "count": 9
    }
  },
  {
    "https://honnaka.jp/works/list/date/2014-08-25": {
      "href": [
        "https://honnaka.jp/works/detail/HND120",
        "https://honnaka.jp/works/detail/HND121",
        "https://honnaka.jp/works/detail/HND122",
        "https://honnaka.jp/works/detail/HND124",
        "https://honnaka.jp/works/detail/HND125",
        "https://honnaka.jp/works/detail/KRND021",
        "https://honnaka.jp/works/detail/HNDB047",
        "https://honnaka.jp/works/detail/HNDB048"
      ],
      "count": 8
    }
  },
  {
    "https://honnaka.jp/works/list/date/2014-09-25": {
      "href": [
        "https://honnaka.jp/works/detail/HND126",
        "https://honnaka.jp/works/detail/HND127",
        "https://honnaka.jp/works/detail/KRND022",
        "https://honnaka.jp/works/detail/HND129",
        "https://honnaka.jp/works/detail/HNDS025",
        "https://honnaka.jp/works/detail/KRND023",
        "https://honnaka.jp/works/detail/HNDB049",
        "https://honnaka.jp/works/detail/HNDB050"
      ],
      "count": 8
    }
  },
  {
    "https://honnaka.jp/works/list/date/2014-10-25": {
      "href": [
        "https://honnaka.jp/works/detail/HND131",
        "https://honnaka.jp/works/detail/HND133",
        "https://honnaka.jp/works/detail/HND134",
        "https://honnaka.jp/works/detail/HND135",
        "https://honnaka.jp/works/detail/KRND026",
        "https://honnaka.jp/works/detail/HNDB051",
        "https://honnaka.jp/works/detail/HNDB052"
      ],
      "count": 7
    }
  },
  {
    "https://honnaka.jp/works/list/date/2014-11-25": {
      "href": [
        "https://honnaka.jp/works/detail/HND136",
        "https://honnaka.jp/works/detail/HNDS026",
        "https://honnaka.jp/works/detail/HND137",
        "https://honnaka.jp/works/detail/HND138",
        "https://honnaka.jp/works/detail/KRND027",
        "https://honnaka.jp/works/detail/HND140",
        "https://honnaka.jp/works/detail/HNDB053",
        "https://honnaka.jp/works/detail/HNDB054"
      ],
      "count": 8
    }
  },
  {
    "https://honnaka.jp/works/list/date/2014-12-25": {
      "href": [
        "https://honnaka.jp/works/detail/HND141",
        "https://honnaka.jp/works/detail/HND142",
        "https://honnaka.jp/works/detail/HND143",
        "https://honnaka.jp/works/detail/HND144",
        "https://honnaka.jp/works/detail/HND146",
        "https://honnaka.jp/works/detail/HNDB055",
        "https://honnaka.jp/works/detail/HNDB056"
      ],
      "count": 7
    }
  },
  {
    "https://honnaka.jp/works/list/date/2015-01-25": {
      "href": [
        "https://honnaka.jp/works/detail/HND147",
        "https://honnaka.jp/works/detail/HND148",
        "https://honnaka.jp/works/detail/HND149",
        "https://honnaka.jp/works/detail/HND150",
        "https://honnaka.jp/works/detail/HND151",
        "https://honnaka.jp/works/detail/HND152",
        "https://honnaka.jp/works/detail/HND153",
        "https://honnaka.jp/works/detail/HNDB057"
      ],
      "count": 8
    }
  },
  {
    "https://honnaka.jp/works/list/date/2015-02-25": {
      "href": [
        "https://honnaka.jp/works/detail/HND155",
        "https://honnaka.jp/works/detail/HND156",
        "https://honnaka.jp/works/detail/HND157",
        "https://honnaka.jp/works/detail/KRND028",
        "https://honnaka.jp/works/detail/HNDS029",
        "https://honnaka.jp/works/detail/HND160",
        "https://honnaka.jp/works/detail/HND158",
        "https://honnaka.jp/works/detail/HND159",
        "https://honnaka.jp/works/detail/HND161",
        "https://honnaka.jp/works/detail/HND162",
        "https://honnaka.jp/works/detail/HNDB061",
        "https://honnaka.jp/works/detail/HNDB062"
      ],
      "count": 12
    }
  },
  {
    "https://honnaka.jp/works/list/date/2015-03-25": {
      "href": [
        "https://honnaka.jp/works/detail/HND163",
        "https://honnaka.jp/works/detail/HND164",
        "https://honnaka.jp/works/detail/HND165",
        "https://honnaka.jp/works/detail/HND166",
        "https://honnaka.jp/works/detail/HNDS030",
        "https://honnaka.jp/works/detail/HND167",
        "https://honnaka.jp/works/detail/HND168",
        "https://honnaka.jp/works/detail/HNDB063",
        "https://honnaka.jp/works/detail/HNDB064"
      ],
      "count": 9
    }
  },
  {
    "https://honnaka.jp/works/list/date/2015-04-25": {
      "href": [
        "https://honnaka.jp/works/detail/HNDS031",
        "https://honnaka.jp/works/detail/HND169",
        "https://honnaka.jp/works/detail/HND170",
        "https://honnaka.jp/works/detail/HND171",
        "https://honnaka.jp/works/detail/HND172",
        "https://honnaka.jp/works/detail/HND173",
        "https://honnaka.jp/works/detail/HND174",
        "https://honnaka.jp/works/detail/HND175",
        "https://honnaka.jp/works/detail/HNDB066",
        "https://honnaka.jp/works/detail/HNDB065",
        "https://honnaka.jp/works/detail/HNDB067"
      ],
      "count": 11
    }
  },
  {
    "https://honnaka.jp/works/list/date/2015-05-25": {
      "href": [
        "https://honnaka.jp/works/detail/HND176",
        "https://honnaka.jp/works/detail/HND177",
        "https://honnaka.jp/works/detail/HNDS033",
        "https://honnaka.jp/works/detail/HND178",
        "https://honnaka.jp/works/detail/HND179",
        "https://honnaka.jp/works/detail/HND180",
        "https://honnaka.jp/works/detail/HND182",
        "https://honnaka.jp/works/detail/HND183",
        "https://honnaka.jp/works/detail/HND184",
        "https://honnaka.jp/works/detail/HNDB068",
        "https://honnaka.jp/works/detail/HNDB069"
      ],
      "count": 11
    }
  },
  {
    "https://honnaka.jp/works/list/date/2015-06-25": {
      "href": [
        "https://honnaka.jp/works/detail/HND185",
        "https://honnaka.jp/works/detail/HNDS034",
        "https://honnaka.jp/works/detail/HND187",
        "https://honnaka.jp/works/detail/HND188",
        "https://honnaka.jp/works/detail/HND189",
        "https://honnaka.jp/works/detail/HND190",
        "https://honnaka.jp/works/detail/HND191",
        "https://honnaka.jp/works/detail/HND192",
        "https://honnaka.jp/works/detail/HND193",
        "https://honnaka.jp/works/detail/HND194",
        "https://honnaka.jp/works/detail/HNDB070",
        "https://honnaka.jp/works/detail/HNDB071"
      ],
      "count": 12
    }
  },
  {
    "https://honnaka.jp/works/list/date/2015-07-25": {
      "href": [
        "https://honnaka.jp/works/detail/HND195",
        "https://honnaka.jp/works/detail/HND197",
        "https://honnaka.jp/works/detail/HND198",
        "https://honnaka.jp/works/detail/HND199",
        "https://honnaka.jp/works/detail/HND200",
        "https://honnaka.jp/works/detail/HND201",
        "https://honnaka.jp/works/detail/HND202",
        "https://honnaka.jp/works/detail/HND203",
        "https://honnaka.jp/works/detail/HND204",
        "https://honnaka.jp/works/detail/KRND032",
        "https://honnaka.jp/works/detail/KRND033",
        "https://honnaka.jp/works/detail/HNDB072",
        "https://honnaka.jp/works/detail/HNDB073"
      ],
      "count": 13
    }
  },
  {
    "https://honnaka.jp/works/list/date/2015-08-25": {
      "href": [
        "https://honnaka.jp/works/detail/HND206",
        "https://honnaka.jp/works/detail/HND207",
        "https://honnaka.jp/works/detail/HND208",
        "https://honnaka.jp/works/detail/HND210",
        "https://honnaka.jp/works/detail/KRND034",
        "https://honnaka.jp/works/detail/HND211",
        "https://honnaka.jp/works/detail/HND212",
        "https://honnaka.jp/works/detail/HND213",
        "https://honnaka.jp/works/detail/HNKY001",
        "https://honnaka.jp/works/detail/HNDB074",
        "https://honnaka.jp/works/detail/HNDB075"
      ],
      "count": 11
    }
  },
  {
    "https://honnaka.jp/works/list/date/2015-09-25": {
      "href": [
        "https://honnaka.jp/works/detail/HND214",
        "https://honnaka.jp/works/detail/HND215",
        "https://honnaka.jp/works/detail/HND216",
        "https://honnaka.jp/works/detail/HND217",
        "https://honnaka.jp/works/detail/HND218",
        "https://honnaka.jp/works/detail/HND219",
        "https://honnaka.jp/works/detail/HND220",
        "https://honnaka.jp/works/detail/HND221",
        "https://honnaka.jp/works/detail/HNTV001",
        "https://honnaka.jp/works/detail/HNKY002",
        "https://honnaka.jp/works/detail/HNDB076",
        "https://honnaka.jp/works/detail/HNDB077"
      ],
      "count": 12
    }
  },
  {
    "https://honnaka.jp/works/list/date/2015-10-25": {
      "href": [
        "https://honnaka.jp/works/detail/HND223",
        "https://honnaka.jp/works/detail/HND224",
        "https://honnaka.jp/works/detail/HND225",
        "https://honnaka.jp/works/detail/HND226",
        "https://honnaka.jp/works/detail/HND228",
        "https://honnaka.jp/works/detail/HND229",
        "https://honnaka.jp/works/detail/HND230",
        "https://honnaka.jp/works/detail/HNKY003",
        "https://honnaka.jp/works/detail/HNDB078",
        "https://honnaka.jp/works/detail/HNDB079"
      ],
      "count": 10
    }
  },
  {
    "https://honnaka.jp/works/list/date/2015-11-25": {
      "href": [
        "https://honnaka.jp/works/detail/HND231",
        "https://honnaka.jp/works/detail/HNDS036",
        "https://honnaka.jp/works/detail/HNDS037",
        "https://honnaka.jp/works/detail/HND232",
        "https://honnaka.jp/works/detail/HND235",
        "https://honnaka.jp/works/detail/HND236",
        "https://honnaka.jp/works/detail/HND237",
        "https://honnaka.jp/works/detail/HND239",
        "https://honnaka.jp/works/detail/HNDB080",
        "https://honnaka.jp/works/detail/HNDB081"
      ],
      "count": 10
    }
  },
  {
    "https://honnaka.jp/works/list/date/2015-12-25": {
      "href": [
        "https://honnaka.jp/works/detail/HND241",
        "https://honnaka.jp/works/detail/HND243",
        "https://honnaka.jp/works/detail/HND244",
        "https://honnaka.jp/works/detail/HND246",
        "https://honnaka.jp/works/detail/HNKY004",
        "https://honnaka.jp/works/detail/KRND035",
        "https://honnaka.jp/works/detail/HNDB083",
        "https://honnaka.jp/works/detail/HNDB084"
      ],
      "count": 8
    }
  },
  {
    "https://honnaka.jp/works/list/date/2016-01-25": {
      "href": [
        "https://honnaka.jp/works/detail/HND247",
        "https://honnaka.jp/works/detail/HND250",
        "https://honnaka.jp/works/detail/HND249",
        "https://honnaka.jp/works/detail/HNDS040",
        "https://honnaka.jp/works/detail/HND257",
        "https://honnaka.jp/works/detail/HND258",
        "https://honnaka.jp/works/detail/HND251",
        "https://honnaka.jp/works/detail/HND256",
        "https://honnaka.jp/works/detail/HND259",
        "https://honnaka.jp/works/detail/HND252",
        "https://honnaka.jp/works/detail/HNDB086",
        "https://honnaka.jp/works/detail/HNDB085"
      ],
      "count": 12
    }
  },
  {
    "https://honnaka.jp/works/list/date/2016-02-25": {
      "href": [
        "https://honnaka.jp/works/detail/HND260",
        "https://honnaka.jp/works/detail/HND261",
        "https://honnaka.jp/works/detail/HND262",
        "https://honnaka.jp/works/detail/HND264",
        "https://honnaka.jp/works/detail/HND266",
        "https://honnaka.jp/works/detail/HND267",
        "https://honnaka.jp/works/detail/HND269",
        "https://honnaka.jp/works/detail/HND270",
        "https://honnaka.jp/works/detail/HND271",
        "https://honnaka.jp/works/detail/HND272",
        "https://honnaka.jp/works/detail/HNKY005",
        "https://honnaka.jp/works/detail/HNDB087",
        "https://honnaka.jp/works/detail/HNDB088"
      ],
      "count": 13
    }
  },
  {
    "https://honnaka.jp/works/list/date/2016-03-25": {
      "href": [
        "https://honnaka.jp/works/detail/HND274",
        "https://honnaka.jp/works/detail/HND275",
        "https://honnaka.jp/works/detail/HND276",
        "https://honnaka.jp/works/detail/HND277",
        "https://honnaka.jp/works/detail/HNTV003",
        "https://honnaka.jp/works/detail/HND278",
        "https://honnaka.jp/works/detail/HND280",
        "https://honnaka.jp/works/detail/HND281",
        "https://honnaka.jp/works/detail/HND282",
        "https://honnaka.jp/works/detail/HND283",
        "https://honnaka.jp/works/detail/HND284",
        "https://honnaka.jp/works/detail/HNKY006",
        "https://honnaka.jp/works/detail/HNDB089",
        "https://honnaka.jp/works/detail/HNDB090"
      ],
      "count": 14
    }
  },
  {
    "https://honnaka.jp/works/list/date/2016-04-25": {
      "href": [
        "https://honnaka.jp/works/detail/HND285",
        "https://honnaka.jp/works/detail/HND286",
        "https://honnaka.jp/works/detail/HND287",
        "https://honnaka.jp/works/detail/HND288",
        "https://honnaka.jp/works/detail/HND289",
        "https://honnaka.jp/works/detail/HND290",
        "https://honnaka.jp/works/detail/HND292",
        "https://honnaka.jp/works/detail/HND293",
        "https://honnaka.jp/works/detail/HND294",
        "https://honnaka.jp/works/detail/HND295",
        "https://honnaka.jp/works/detail/HNDB091",
        "https://honnaka.jp/works/detail/HNDB092"
      ],
      "count": 12
    }
  },
  {
    "https://honnaka.jp/works/list/date/2016-05-25": {
      "href": [
        "https://honnaka.jp/works/detail/HND297",
        "https://honnaka.jp/works/detail/HND298",
        "https://honnaka.jp/works/detail/HND299",
        "https://honnaka.jp/works/detail/HND300",
        "https://honnaka.jp/works/detail/HND301",
        "https://honnaka.jp/works/detail/KRND037",
        "https://honnaka.jp/works/detail/HND302",
        "https://honnaka.jp/works/detail/HND303",
        "https://honnaka.jp/works/detail/HND304",
        "https://honnaka.jp/works/detail/HND305",
        "https://honnaka.jp/works/detail/HND306",
        "https://honnaka.jp/works/detail/HND307",
        "https://honnaka.jp/works/detail/HND308",
        "https://honnaka.jp/works/detail/HNDB093"
      ],
      "count": 14
    }
  },
  {
    "https://honnaka.jp/works/list/date/2016-06-25": {
      "href": [
        "https://honnaka.jp/works/detail/HND309",
        "https://honnaka.jp/works/detail/HND310",
        "https://honnaka.jp/works/detail/HNDS049",
        "https://honnaka.jp/works/detail/HND312",
        "https://honnaka.jp/works/detail/HNSE001",
        "https://honnaka.jp/works/detail/HND313",
        "https://honnaka.jp/works/detail/HND314",
        "https://honnaka.jp/works/detail/HND315",
        "https://honnaka.jp/works/detail/HND317",
        "https://honnaka.jp/works/detail/HND318",
        "https://honnaka.jp/works/detail/HND319",
        "https://honnaka.jp/works/detail/HND320",
        "https://honnaka.jp/works/detail/HND321",
        "https://honnaka.jp/works/detail/HND322",
        "https://honnaka.jp/works/detail/HNDB095",
        "https://honnaka.jp/works/detail/HNDB096"
      ],
      "count": 16
    }
  },
  {
    "https://honnaka.jp/works/list/date/2016-07-25": {
      "href": [
        "https://honnaka.jp/works/detail/HND323",
        "https://honnaka.jp/works/detail/HNJC001",
        "https://honnaka.jp/works/detail/HND324",
        "https://honnaka.jp/works/detail/HND325",
        "https://honnaka.jp/works/detail/HND326",
        "https://honnaka.jp/works/detail/HND327",
        "https://honnaka.jp/works/detail/HND328",
        "https://honnaka.jp/works/detail/HND329",
        "https://honnaka.jp/works/detail/HND330",
        "https://honnaka.jp/works/detail/HND332",
        "https://honnaka.jp/works/detail/HND333",
        "https://honnaka.jp/works/detail/HND334",
        "https://honnaka.jp/works/detail/HNDB097",
        "https://honnaka.jp/works/detail/HNDB098"
      ],
      "count": 14
    }
  },
  {
    "https://honnaka.jp/works/list/date/2016-08-25": {
      "href": [
        "https://honnaka.jp/works/detail/HNSE002",
        "https://honnaka.jp/works/detail/HNJC004",
        "https://honnaka.jp/works/detail/HND340",
        "https://honnaka.jp/works/detail/HND341"
      ],
      "count": 4
    }
  },
  {
    "https://honnaka.jp/works/list/date/2016-09-25": {
      "href": [
        "https://honnaka.jp/works/detail/HND343",
        "https://honnaka.jp/works/detail/HND344",
        "https://honnaka.jp/works/detail/HND336",
        "https://honnaka.jp/works/detail/HNJC005",
        "https://honnaka.jp/works/detail/HND338",
        "https://honnaka.jp/works/detail/HNDB099",
        "https://honnaka.jp/works/detail/HNDB100"
      ],
      "count": 7
    }
  },
  {
    "https://honnaka.jp/works/list/date/2016-11-01": {
      "href": [
        "https://honnaka.jp/works/detail/HND353",
        "https://honnaka.jp/works/detail/HND354",
        "https://honnaka.jp/works/detail/HND355",
        "https://honnaka.jp/works/detail/HND337",
        "https://honnaka.jp/works/detail/HNJC006",
        "https://honnaka.jp/works/detail/HNSE003",
        "https://honnaka.jp/works/detail/HND350"
      ],
      "count": 7
    }
  },
  {
    "https://honnaka.jp/works/list/date/2016-12-01": {
      "href": [
        "https://honnaka.jp/works/detail/HND357",
        "https://honnaka.jp/works/detail/HNSE004",
        "https://honnaka.jp/works/detail/HND359",
        "https://honnaka.jp/works/detail/HND360",
        "https://honnaka.jp/works/detail/HND361",
        "https://honnaka.jp/works/detail/HND363",
        "https://honnaka.jp/works/detail/HNDB103"
      ],
      "count": 7
    }
  },
  {
    "https://honnaka.jp/works/list/date/2017-01-01": {
      "href": [
        "https://honnaka.jp/works/detail/HNDS052",
        "https://honnaka.jp/works/detail/HND347",
        "https://honnaka.jp/works/detail/HND364",
        "https://honnaka.jp/works/detail/HND366",
        "https://honnaka.jp/works/detail/HND348",
        "https://honnaka.jp/works/detail/HNDS051",
        "https://honnaka.jp/works/detail/HND367",
        "https://honnaka.jp/works/detail/HND368",
        "https://honnaka.jp/works/detail/HND370",
        "https://honnaka.jp/works/detail/HND371"
      ],
      "count": 10
    }
  },
  {
    "https://honnaka.jp/works/list/date/2017-02-07": {
      "href": [
        "https://honnaka.jp/works/detail/HND374",
        "https://honnaka.jp/works/detail/HND375",
        "https://honnaka.jp/works/detail/HND377",
        "https://honnaka.jp/works/detail/HND378",
        "https://honnaka.jp/works/detail/HND379",
        "https://honnaka.jp/works/detail/HND380",
        "https://honnaka.jp/works/detail/HND381"
      ],
      "count": 7
    }
  },
  {
    "https://honnaka.jp/works/list/date/2017-02-01": {
      "href": [
        "https://honnaka.jp/works/detail/HND372",
        "https://honnaka.jp/works/detail/HND373"
      ],
      "count": 2
    }
  },
  {
    "https://honnaka.jp/works/list/date/2017-03-07": {
      "href": [
        "https://honnaka.jp/works/detail/HND382",
        "https://honnaka.jp/works/detail/HND383",
        "https://honnaka.jp/works/detail/HND384",
        "https://honnaka.jp/works/detail/HND385",
        "https://honnaka.jp/works/detail/HND349",
        "https://honnaka.jp/works/detail/HND386",
        "https://honnaka.jp/works/detail/HND351",
        "https://honnaka.jp/works/detail/HND387",
        "https://honnaka.jp/works/detail/HND388",
        "https://honnaka.jp/works/detail/HND352",
        "https://honnaka.jp/works/detail/HND342",
        "https://honnaka.jp/works/detail/HNDB105"
      ],
      "count": 12
    }
  },
  {
    "https://honnaka.jp/works/list/date/2017-04-13": {
      "href": [
        "https://honnaka.jp/works/detail/HND389",
        "https://honnaka.jp/works/detail/HND390",
        "https://honnaka.jp/works/detail/HND392",
        "https://honnaka.jp/works/detail/HND393",
        "https://honnaka.jp/works/detail/HND395",
        "https://honnaka.jp/works/detail/HND396",
        "https://honnaka.jp/works/detail/HND397"
      ],
      "count": 7
    }
  },
  {
    "https://honnaka.jp/works/list/date/2017-04-07": {
      "href": [
        "https://honnaka.jp/works/detail/HND391",
        "https://honnaka.jp/works/detail/HND394"
      ],
      "count": 2
    }
  },
  {
    "https://honnaka.jp/works/list/date/2017-05-13": {
      "href": [
        "https://honnaka.jp/works/detail/HND398",
        "https://honnaka.jp/works/detail/HNDS053",
        "https://honnaka.jp/works/detail/HND400",
        "https://honnaka.jp/works/detail/HND402",
        "https://honnaka.jp/works/detail/HND403"
      ],
      "count": 5
    }
  },
  {
    "https://honnaka.jp/works/list/date/2017-05-07": {
      "href": [
        "https://honnaka.jp/works/detail/HND399",
        "https://honnaka.jp/works/detail/HND401"
      ],
      "count": 2
    }
  },
  {
    "https://honnaka.jp/works/list/date/2017-06-07": {
      "href": [
        "https://honnaka.jp/works/detail/HND404",
        "https://honnaka.jp/works/detail/HND405",
        "https://honnaka.jp/works/detail/HND406",
        "https://honnaka.jp/works/detail/HND407",
        "https://honnaka.jp/works/detail/HND408",
        "https://honnaka.jp/works/detail/HND409",
        "https://honnaka.jp/works/detail/HND410",
        "https://honnaka.jp/works/detail/HND411",
        "https://honnaka.jp/works/detail/HND412"
      ],
      "count": 9
    }
  },
  {
    "https://honnaka.jp/works/list/date/2017-07-01": {
      "href": [
        "https://honnaka.jp/works/detail/HND416"
      ],
      "count": 1
    }
  },
  {
    "https://honnaka.jp/works/list/date/2017-07-07": {
      "href": [
        "https://honnaka.jp/works/detail/HND413",
        "https://honnaka.jp/works/detail/HND415",
        "https://honnaka.jp/works/detail/HND417",
        "https://honnaka.jp/works/detail/HND418",
        "https://honnaka.jp/works/detail/HND419"
      ],
      "count": 5
    }
  },
  {
    "https://honnaka.jp/works/list/date/2017-08-01": {
      "href": [
        "https://honnaka.jp/works/detail/AVOPVR042"
      ],
      "count": 1
    }
  },
  {
    "https://honnaka.jp/works/list/date/2017-08-07": {
      "href": [
        "https://honnaka.jp/works/detail/HND423",
        "https://honnaka.jp/works/detail/HND424"
      ],
      "count": 2
    }
  },
  {
    "https://honnaka.jp/works/list/date/2017-08-25": {
      "href": [
        "https://honnaka.jp/works/detail/HNVR001"
      ],
      "count": 1
    }
  },
  {
    "https://honnaka.jp/works/list/date/2017-09-01": {
      "href": [
        "https://honnaka.jp/works/detail/AVOP314"
      ],
      "count": 1
    }
  },
  {
    "https://honnaka.jp/works/list/date/2017-08-13": {
      "href": [
        "https://honnaka.jp/works/detail/HND420",
        "https://honnaka.jp/works/detail/HND421",
        "https://honnaka.jp/works/detail/HND422"
      ],
      "count": 3
    }
  },
  {
    "https://honnaka.jp/works/list/date/2017-09-19": {
      "href": [
        "https://honnaka.jp/works/detail/HND425",
        "https://honnaka.jp/works/detail/HND426",
        "https://honnaka.jp/works/detail/HND427",
        "https://honnaka.jp/works/detail/HND428",
        "https://honnaka.jp/works/detail/HND429",
        "https://honnaka.jp/works/detail/HND430",
        "https://honnaka.jp/works/detail/HND431"
      ],
      "count": 7
    }
  },
  {
    "https://honnaka.jp/works/list/date/2017-10-13": {
      "href": [
        "https://honnaka.jp/works/detail/HND432",
        "https://honnaka.jp/works/detail/HND433",
        "https://honnaka.jp/works/detail/HND434",
        "https://honnaka.jp/works/detail/HND435",
        "https://honnaka.jp/works/detail/HND436",
        "https://honnaka.jp/works/detail/HND437",
        "https://honnaka.jp/works/detail/HND438",
        "https://honnaka.jp/works/detail/HND439",
        "https://honnaka.jp/works/detail/HND440"
      ],
      "count": 9
    }
  },
  {
    "https://honnaka.jp/works/list/date/2017-11-07": {
      "href": [
        "https://honnaka.jp/works/detail/HND441",
        "https://honnaka.jp/works/detail/HND442",
        "https://honnaka.jp/works/detail/HND443",
        "https://honnaka.jp/works/detail/HND444",
        "https://honnaka.jp/works/detail/HND445",
        "https://honnaka.jp/works/detail/HND446",
        "https://honnaka.jp/works/detail/HNDB113",
        "https://honnaka.jp/works/detail/HND447",
        "https://honnaka.jp/works/detail/HND448",
        "https://honnaka.jp/works/detail/HND449",
        "https://honnaka.jp/works/detail/HND450",
        "https://honnaka.jp/works/detail/HND451"
      ],
      "count": 12
    }
  },
  {
    "https://honnaka.jp/works/list/date/2017-11-25": {
      "href": [
        "https://honnaka.jp/works/detail/HNDB112"
      ],
      "count": 1
    }
  },
  {
    "https://honnaka.jp/works/list/date/2017-12-13": {
      "href": [
        "https://honnaka.jp/works/detail/HND454",
        "https://honnaka.jp/works/detail/HND452",
        "https://honnaka.jp/works/detail/HNDS054",
        "https://honnaka.jp/works/detail/HND457",
        "https://honnaka.jp/works/detail/HND456",
        "https://honnaka.jp/works/detail/HND458",
        "https://honnaka.jp/works/detail/HND460",
        "https://honnaka.jp/works/detail/HND459"
      ],
      "count": 8
    }
  },
  {
    "https://honnaka.jp/works/list/date/2017-12-25": {
      "href": [
        "https://honnaka.jp/works/detail/HNDB102"
      ],
      "count": 1
    }
  },
  {
    "https://honnaka.jp/works/list/date/2018-01-01": {
      "href": [
        "https://honnaka.jp/works/detail/HND462",
        "https://honnaka.jp/works/detail/HND463",
        "https://honnaka.jp/works/detail/HND464",
        "https://honnaka.jp/works/detail/HND465"
      ],
      "count": 4
    }
  }
]