[
  {
    "https://kirakira-av.com/works/list/date/2010-01-19": {
      "href": [
        "https://kirakira-av.com/works/detail/KISD033",
        "https://kirakira-av.com/works/detail/BLK004",
        "https://kirakira-av.com/works/detail/SET003",
        "https://kirakira-av.com/works/detail/KIBD051"
      ],
      "count": 4
    }
  },
  {
    "https://kirakira-av.com/works/list/date/2010-02-19": {
      "href": [
        "https://kirakira-av.com/works/detail/KISD034",
        "https://kirakira-av.com/works/detail/BLK005",
        "https://kirakira-av.com/works/detail/SET004",
        "https://kirakira-av.com/works/detail/SET005",
        "https://kirakira-av.com/works/detail/KIBD052",
        "https://kirakira-av.com/works/detail/KIBD053",
        "https://kirakira-av.com/works/detail/KIBD054"
      ],
      "count": 7
    }
  },
  {
    "https://kirakira-av.com/works/list/date/2010-03-19": {
      "href": [
        "https://kirakira-av.com/works/detail/KISD035",
        "https://kirakira-av.com/works/detail/KIRD143",
        "https://kirakira-av.com/works/detail/KIBD055",
        "https://kirakira-av.com/works/detail/SET006",
        "https://kirakira-av.com/works/detail/KIRD144",
        "https://kirakira-av.com/works/detail/KIBD056"
      ],
      "count": 6
    }
  },
  {
    "https://kirakira-av.com/works/list/date/2010-04-19": {
      "href": [
        "https://kirakira-av.com/works/detail/KIRD145",
        "https://kirakira-av.com/works/detail/KIBD057",
        "https://kirakira-av.com/works/detail/BLK007",
        "https://kirakira-av.com/works/detail/KIRD146"
      ],
      "count": 4
    }
  },
  {
    "https://kirakira-av.com/works/list/date/2010-05-19": {
      "href": [
        "https://kirakira-av.com/works/detail/KISD037",
        "https://kirakira-av.com/works/detail/BLK008",
        "https://kirakira-av.com/works/detail/BLK009",
        "https://kirakira-av.com/works/detail/KIFD016",
        "https://kirakira-av.com/works/detail/KIBD059"
      ],
      "count": 5
    }
  },
  {
    "https://kirakira-av.com/works/list/date/2010-06-19": {
      "href": [
        "https://kirakira-av.com/works/detail/KISD038",
        "https://kirakira-av.com/works/detail/BLK010",
        "https://kirakira-av.com/works/detail/KIRD147",
        "https://kirakira-av.com/works/detail/KIFD017",
        "https://kirakira-av.com/works/detail/KIRD148",
        "https://kirakira-av.com/works/detail/KIBD060",
        "https://kirakira-av.com/works/detail/KIBD061"
      ],
      "count": 7
    }
  },
  {
    "https://kirakira-av.com/works/list/date/2010-07-19": {
      "href": [
        "https://kirakira-av.com/works/detail/KISD039",
        "https://kirakira-av.com/works/detail/BLK011",
        "https://kirakira-av.com/works/detail/BLK012",
        "https://kirakira-av.com/works/detail/BLK013",
        "https://kirakira-av.com/works/detail/KIBD062",
        "https://kirakira-av.com/works/detail/KIFD018",
        "https://kirakira-av.com/works/detail/KIBD063"
      ],
      "count": 7
    }
  },
  {
    "https://kirakira-av.com/works/list/date/2010-08-19": {
      "href": [
        "https://kirakira-av.com/works/detail/BLK014",
        "https://kirakira-av.com/works/detail/BLK015",
        "https://kirakira-av.com/works/detail/KIRD149",
        "https://kirakira-av.com/works/detail/KIBD066",
        "https://kirakira-av.com/works/detail/KIBD064",
        "https://kirakira-av.com/works/detail/KIBD065"
      ],
      "count": 6
    }
  },
  {
    "https://kirakira-av.com/works/list/date/2010-09-19": {
      "href": [
        "https://kirakira-av.com/works/detail/KISD040",
        "https://kirakira-av.com/works/detail/BLK017",
        "https://kirakira-av.com/works/detail/BLK019",
        "https://kirakira-av.com/works/detail/KIBD067",
        "https://kirakira-av.com/works/detail/KIBD069",
        "https://kirakira-av.com/works/detail/KIBD068"
      ],
      "count": 6
    }
  },
  {
    "https://kirakira-av.com/works/list/date/2010-10-19": {
      "href": [
        "https://kirakira-av.com/works/detail/KISD041",
        "https://kirakira-av.com/works/detail/KIRD150",
        "https://kirakira-av.com/works/detail/BLK020",
        "https://kirakira-av.com/works/detail/BLK021",
        "https://kirakira-av.com/works/detail/KIFD019",
        "https://kirakira-av.com/works/detail/KIRD151",
        "https://kirakira-av.com/works/detail/KIBD070"
      ],
      "count": 7
    }
  },
  {
    "https://kirakira-av.com/works/list/date/2010-11-19": {
      "href": [
        "https://kirakira-av.com/works/detail/KISD042",
        "https://kirakira-av.com/works/detail/BLK025",
        "https://kirakira-av.com/works/detail/BLK022",
        "https://kirakira-av.com/works/detail/BLK023",
        "https://kirakira-av.com/works/detail/BLK024",
        "https://kirakira-av.com/works/detail/KIBD072",
        "https://kirakira-av.com/works/detail/KIBD071"
      ],
      "count": 7
    }
  },
  {
    "https://kirakira-av.com/works/list/date/2010-12-19": {
      "href": [
        "https://kirakira-av.com/works/detail/KISD043",
        "https://kirakira-av.com/works/detail/BLK026",
        "https://kirakira-av.com/works/detail/KIBD075",
        "https://kirakira-av.com/works/detail/KIRD152",
        "https://kirakira-av.com/works/detail/BLK027",
        "https://kirakira-av.com/works/detail/KIRD153",
        "https://kirakira-av.com/works/detail/KIBD073",
        "https://kirakira-av.com/works/detail/KIBD074"
      ],
      "count": 8
    }
  },
  {
    "https://kirakira-av.com/works/list/date/2011-01-19": {
      "href": [
        "https://kirakira-av.com/works/detail/KISD044",
        "https://kirakira-av.com/works/detail/KIRD155",
        "https://kirakira-av.com/works/detail/KIRD154",
        "https://kirakira-av.com/works/detail/BLK028",
        "https://kirakira-av.com/works/detail/KIBD076",
        "https://kirakira-av.com/works/detail/KIBD077"
      ],
      "count": 6
    }
  },
  {
    "https://kirakira-av.com/works/list/date/2011-02-19": {
      "href": [
        "https://kirakira-av.com/works/detail/KISD045",
        "https://kirakira-av.com/works/detail/BLK029",
        "https://kirakira-av.com/works/detail/BLK030",
        "https://kirakira-av.com/works/detail/BLK031",
        "https://kirakira-av.com/works/detail/KIBD078",
        "https://kirakira-av.com/works/detail/KIBD079",
        "https://kirakira-av.com/works/detail/KIBD080"
      ],
      "count": 7
    }
  },
  {
    "https://kirakira-av.com/works/list/date/2011-03-19": {
      "href": [
        "https://kirakira-av.com/works/detail/KISD046",
        "https://kirakira-av.com/works/detail/BLK033",
        "https://kirakira-av.com/works/detail/BLK032",
        "https://kirakira-av.com/works/detail/BLK034",
        "https://kirakira-av.com/works/detail/KIBD081",
        "https://kirakira-av.com/works/detail/KIBD082"
      ],
      "count": 6
    }
  },
  {
    "https://kirakira-av.com/works/list/date/2011-04-19": {
      "href": [
        "https://kirakira-av.com/works/detail/KISD047",
        "https://kirakira-av.com/works/detail/KIRD156",
        "https://kirakira-av.com/works/detail/BLK035",
        "https://kirakira-av.com/works/detail/KIRD157",
        "https://kirakira-av.com/works/detail/KIBD083",
        "https://kirakira-av.com/works/detail/KIRD158"
      ],
      "count": 6
    }
  },
  {
    "https://kirakira-av.com/works/list/date/2011-05-19": {
      "href": [
        "https://kirakira-av.com/works/detail/KISD048",
        "https://kirakira-av.com/works/detail/BLK036",
        "https://kirakira-av.com/works/detail/BLK037",
        "https://kirakira-av.com/works/detail/BLK038",
        "https://kirakira-av.com/works/detail/KIBD085",
        "https://kirakira-av.com/works/detail/KIBD084"
      ],
      "count": 6
    }
  },
  {
    "https://kirakira-av.com/works/list/date/2011-06-19": {
      "href": [
        "https://kirakira-av.com/works/detail/KISD049",
        "https://kirakira-av.com/works/detail/BLK039",
        "https://kirakira-av.com/works/detail/BLK040",
        "https://kirakira-av.com/works/detail/KIBD086",
        "https://kirakira-av.com/works/detail/KIBD087"
      ],
      "count": 5
    }
  },
  {
    "https://kirakira-av.com/works/list/date/2011-07-19": {
      "href": [
        "https://kirakira-av.com/works/detail/BLK041",
        "https://kirakira-av.com/works/detail/KIRD160",
        "https://kirakira-av.com/works/detail/BLK042",
        "https://kirakira-av.com/works/detail/KIBD088",
        "https://kirakira-av.com/works/detail/KIRD161"
      ],
      "count": 5
    }
  },
  {
    "https://kirakira-av.com/works/list/date/2011-07-22": {
      "href": [
        "https://kirakira-av.com/works/detail/KISD050"
      ],
      "count": 1
    }
  },
  {
    "https://kirakira-av.com/works/list/date/2011-08-19": {
      "href": [
        "https://kirakira-av.com/works/detail/KISD051",
        "https://kirakira-av.com/works/detail/BLK044",
        "https://kirakira-av.com/works/detail/BLK045",
        "https://kirakira-av.com/works/detail/BLK046",
        "https://kirakira-av.com/works/detail/BLK043",
        "https://kirakira-av.com/works/detail/KIBD089",
        "https://kirakira-av.com/works/detail/KIBD090"
      ],
      "count": 7
    }
  },
  {
    "https://kirakira-av.com/works/list/date/2011-09-19": {
      "href": [
        "https://kirakira-av.com/works/detail/KISD052",
        "https://kirakira-av.com/works/detail/KIRD162",
        "https://kirakira-av.com/works/detail/BLK047",
        "https://kirakira-av.com/works/detail/BLK048",
        "https://kirakira-av.com/works/detail/KIBD091",
        "https://kirakira-av.com/works/detail/KIBD092"
      ],
      "count": 6
    }
  },
  {
    "https://kirakira-av.com/works/list/date/2011-10-19": {
      "href": [
        "https://kirakira-av.com/works/detail/BLK050",
        "https://kirakira-av.com/works/detail/BLK051",
        "https://kirakira-av.com/works/detail/KIRD165",
        "https://kirakira-av.com/works/detail/KIBD093"
      ],
      "count": 4
    }
  },
  {
    "https://kirakira-av.com/works/list/date/2011-11-19": {
      "href": [
        "https://kirakira-av.com/works/detail/KISD054",
        "https://kirakira-av.com/works/detail/BLK052",
        "https://kirakira-av.com/works/detail/BLK053",
        "https://kirakira-av.com/works/detail/KIRD166",
        "https://kirakira-av.com/works/detail/BLK054",
        "https://kirakira-av.com/works/detail/KIBD094",
        "https://kirakira-av.com/works/detail/KIBD095"
      ],
      "count": 7
    }
  },
  {
    "https://kirakira-av.com/works/list/date/2011-12-19": {
      "href": [
        "https://kirakira-av.com/works/detail/BLK055",
        "https://kirakira-av.com/works/detail/KISD055",
        "https://kirakira-av.com/works/detail/KIRD168",
        "https://kirakira-av.com/works/detail/KIFD020",
        "https://kirakira-av.com/works/detail/KIBD097",
        "https://kirakira-av.com/works/detail/KIBD096"
      ],
      "count": 6
    }
  },
  {
    "https://kirakira-av.com/works/list/date/2012-01-19": {
      "href": [
        "https://kirakira-av.com/works/detail/KISD056",
        "https://kirakira-av.com/works/detail/BLK056",
        "https://kirakira-av.com/works/detail/BLK057",
        "https://kirakira-av.com/works/detail/KIFD021",
        "https://kirakira-av.com/works/detail/KIBD098",
        "https://kirakira-av.com/works/detail/KIBD099"
      ],
      "count": 6
    }
  },
  {
    "https://kirakira-av.com/works/list/date/2012-02-19": {
      "href": [
        "https://kirakira-av.com/works/detail/BLK058",
        "https://kirakira-av.com/works/detail/BLK059",
        "https://kirakira-av.com/works/detail/KIRD169",
        "https://kirakira-av.com/works/detail/KIBD100",
        "https://kirakira-av.com/works/detail/KIBD101"
      ],
      "count": 5
    }
  },
  {
    "https://kirakira-av.com/works/list/date/2012-03-19": {
      "href": [
        "https://kirakira-av.com/works/detail/BLK063",
        "https://kirakira-av.com/works/detail/BLK061",
        "https://kirakira-av.com/works/detail/BLK062",
        "https://kirakira-av.com/works/detail/KIBD102",
        "https://kirakira-av.com/works/detail/KIBD103"
      ],
      "count": 5
    }
  },
  {
    "https://kirakira-av.com/works/list/date/2012-04-19": {
      "href": [
        "https://kirakira-av.com/works/detail/KISD059",
        "https://kirakira-av.com/works/detail/BLK064",
        "https://kirakira-av.com/works/detail/KIRD170",
        "https://kirakira-av.com/works/detail/BLK065",
        "https://kirakira-av.com/works/detail/KIBD104"
      ],
      "count": 5
    }
  },
  {
    "https://kirakira-av.com/works/list/date/2012-05-19": {
      "href": [
        "https://kirakira-av.com/works/detail/KIRD171",
        "https://kirakira-av.com/works/detail/KIRD172",
        "https://kirakira-av.com/works/detail/BLK066",
        "https://kirakira-av.com/works/detail/KIBD105",
        "https://kirakira-av.com/works/detail/KIBD106"
      ],
      "count": 5
    }
  },
  {
    "https://kirakira-av.com/works/list/date/2012-06-19": {
      "href": [
        "https://kirakira-av.com/works/detail/KISD061",
        "https://kirakira-av.com/works/detail/BLK068",
        "https://kirakira-av.com/works/detail/BLK067",
        "https://kirakira-av.com/works/detail/KIRD173",
        "https://kirakira-av.com/works/detail/KIBD107",
        "https://kirakira-av.com/works/detail/KIBD108"
      ],
      "count": 6
    }
  },
  {
    "https://kirakira-av.com/works/list/date/2012-07-19": {
      "href": [
        "https://kirakira-av.com/works/detail/BLK069",
        "https://kirakira-av.com/works/detail/BLK071",
        "https://kirakira-av.com/works/detail/KIRD174",
        "https://kirakira-av.com/works/detail/KIBD109",
        "https://kirakira-av.com/works/detail/KIBD110"
      ],
      "count": 5
    }
  },
  {
    "https://kirakira-av.com/works/list/date/2012-08-19": {
      "href": [
        "https://kirakira-av.com/works/detail/KISD063",
        "https://kirakira-av.com/works/detail/BLK072",
        "https://kirakira-av.com/works/detail/BLK073",
        "https://kirakira-av.com/works/detail/BLK074",
        "https://kirakira-av.com/works/detail/BLK075",
        "https://kirakira-av.com/works/detail/KIRD175",
        "https://kirakira-av.com/works/detail/KIBD113",
        "https://kirakira-av.com/works/detail/KIBD111",
        "https://kirakira-av.com/works/detail/KIBD112"
      ],
      "count": 9
    }
  },
  {
    "https://kirakira-av.com/works/list/date/2012-09-19": {
      "href": [
        "https://kirakira-av.com/works/detail/BLK076",
        "https://kirakira-av.com/works/detail/KISD064",
        "https://kirakira-av.com/works/detail/BLK077",
        "https://kirakira-av.com/works/detail/BLK078",
        "https://kirakira-av.com/works/detail/KIRD176",
        "https://kirakira-av.com/works/detail/KIBD114",
        "https://kirakira-av.com/works/detail/KIBD116",
        "https://kirakira-av.com/works/detail/KIBD115"
      ],
      "count": 8
    }
  },
  {
    "https://kirakira-av.com/works/list/date/2012-10-19": {
      "href": [
        "https://kirakira-av.com/works/detail/KISD065",
        "https://kirakira-av.com/works/detail/BLK080",
        "https://kirakira-av.com/works/detail/BLK081",
        "https://kirakira-av.com/works/detail/BLK079",
        "https://kirakira-av.com/works/detail/KIRD177",
        "https://kirakira-av.com/works/detail/KIBD117",
        "https://kirakira-av.com/works/detail/KIBD118"
      ],
      "count": 7
    }
  },
  {
    "https://kirakira-av.com/works/list/date/2012-11-19": {
      "href": [
        "https://kirakira-av.com/works/detail/BLK082",
        "https://kirakira-av.com/works/detail/BLK083",
        "https://kirakira-av.com/works/detail/KIRD178",
        "https://kirakira-av.com/works/detail/KIFD022",
        "https://kirakira-av.com/works/detail/KIBD120",
        "https://kirakira-av.com/works/detail/KIBD119"
      ],
      "count": 6
    }
  },
  {
    "https://kirakira-av.com/works/list/date/2012-12-19": {
      "href": [
        "https://kirakira-av.com/works/detail/BLK084",
        "https://kirakira-av.com/works/detail/BLK086",
        "https://kirakira-av.com/works/detail/BLK085",
        "https://kirakira-av.com/works/detail/KIBD122",
        "https://kirakira-av.com/works/detail/KIBD123"
      ],
      "count": 5
    }
  },
  {
    "https://kirakira-av.com/works/list/date/2013-01-19": {
      "href": [
        "https://kirakira-av.com/works/detail/KISD068",
        "https://kirakira-av.com/works/detail/KIRD180",
        "https://kirakira-av.com/works/detail/KIRD179",
        "https://kirakira-av.com/works/detail/KIBD124",
        "https://kirakira-av.com/works/detail/KIBD125"
      ],
      "count": 5
    }
  },
  {
    "https://kirakira-av.com/works/list/date/2013-02-19": {
      "href": [
        "https://kirakira-av.com/works/detail/KISD069",
        "https://kirakira-av.com/works/detail/BLK088",
        "https://kirakira-av.com/works/detail/BLK089",
        "https://kirakira-av.com/works/detail/BLK090",
        "https://kirakira-av.com/works/detail/KIBD126",
        "https://kirakira-av.com/works/detail/KIBD127",
        "https://kirakira-av.com/works/detail/KIBD128"
      ],
      "count": 7
    }
  },
  {
    "https://kirakira-av.com/works/list/date/2013-03-19": {
      "href": [
        "https://kirakira-av.com/works/detail/KIRD181",
        "https://kirakira-av.com/works/detail/BLK092",
        "https://kirakira-av.com/works/detail/KIBD129",
        "https://kirakira-av.com/works/detail/KIBD130"
      ],
      "count": 4
    }
  },
  {
    "https://kirakira-av.com/works/list/date/2013-04-19": {
      "href": [
        "https://kirakira-av.com/works/detail/BLK093",
        "https://kirakira-av.com/works/detail/BLK095",
        "https://kirakira-av.com/works/detail/BLK094",
        "https://kirakira-av.com/works/detail/KIBD132",
        "https://kirakira-av.com/works/detail/KIBD131"
      ],
      "count": 5
    }
  },
  {
    "https://kirakira-av.com/works/list/date/2013-05-19": {
      "href": [
        "https://kirakira-av.com/works/detail/KISD072",
        "https://kirakira-av.com/works/detail/BLK097",
        "https://kirakira-av.com/works/detail/BLK098",
        "https://kirakira-av.com/works/detail/BLK099",
        "https://kirakira-av.com/works/detail/KIBD134",
        "https://kirakira-av.com/works/detail/KIBD135",
        "https://kirakira-av.com/works/detail/KIBD133"
      ],
      "count": 7
    }
  },
  {
    "https://kirakira-av.com/works/list/date/2013-06-19": {
      "href": [
        "https://kirakira-av.com/works/detail/BLK100",
        "https://kirakira-av.com/works/detail/KISD073",
        "https://kirakira-av.com/works/detail/KIRD182",
        "https://kirakira-av.com/works/detail/BLK101",
        "https://kirakira-av.com/works/detail/KIBD136",
        "https://kirakira-av.com/works/detail/KIBD137"
      ],
      "count": 6
    }
  },
  {
    "https://kirakira-av.com/works/list/date/2013-07-19": {
      "href": [
        "https://kirakira-av.com/works/detail/BLK102",
        "https://kirakira-av.com/works/detail/BLK103",
        "https://kirakira-av.com/works/detail/BLK104",
        "https://kirakira-av.com/works/detail/BLK105",
        "https://kirakira-av.com/works/detail/KIBD138",
        "https://kirakira-av.com/works/detail/KIBD139"
      ],
      "count": 6
    }
  },
  {
    "https://kirakira-av.com/works/list/date/2013-08-19": {
      "href": [
        "https://kirakira-av.com/works/detail/KISD075",
        "https://kirakira-av.com/works/detail/BLK106",
        "https://kirakira-av.com/works/detail/BLK107",
        "https://kirakira-av.com/works/detail/BLK108",
        "https://kirakira-av.com/works/detail/BLK109",
        "https://kirakira-av.com/works/detail/KIBD141",
        "https://kirakira-av.com/works/detail/KIBD140"
      ],
      "count": 7
    }
  },
  {
    "https://kirakira-av.com/works/list/date/2013-09-19": {
      "href": [
        "https://kirakira-av.com/works/detail/KIRD183",
        "https://kirakira-av.com/works/detail/BLK110",
        "https://kirakira-av.com/works/detail/BLK111",
        "https://kirakira-av.com/works/detail/SET008",
        "https://kirakira-av.com/works/detail/BLK112",
        "https://kirakira-av.com/works/detail/BLK113",
        "https://kirakira-av.com/works/detail/KIBD142"
      ],
      "count": 7
    }
  },
  {
    "https://kirakira-av.com/works/list/date/2013-10-19": {
      "href": [
        "https://kirakira-av.com/works/detail/KISD077",
        "https://kirakira-av.com/works/detail/KIRD184",
        "https://kirakira-av.com/works/detail/BLK114",
        "https://kirakira-av.com/works/detail/BLK116",
        "https://kirakira-av.com/works/detail/KIBD144",
        "https://kirakira-av.com/works/detail/KIBD145"
      ],
      "count": 6
    }
  },
  {
    "https://kirakira-av.com/works/list/date/2013-11-19": {
      "href": [
        "https://kirakira-av.com/works/detail/BLK118",
        "https://kirakira-av.com/works/detail/KIRD185",
        "https://kirakira-av.com/works/detail/BLK119",
        "https://kirakira-av.com/works/detail/BLK120",
        "https://kirakira-av.com/works/detail/BLK121",
        "https://kirakira-av.com/works/detail/BLK122",
        "https://kirakira-av.com/works/detail/KIFD023",
        "https://kirakira-av.com/works/detail/KIBD146"
      ],
      "count": 8
    }
  },
  {
    "https://kirakira-av.com/works/list/date/2013-12-19": {
      "href": [
        "https://kirakira-av.com/works/detail/KISD078",
        "https://kirakira-av.com/works/detail/BLK123",
        "https://kirakira-av.com/works/detail/BLK124",
        "https://kirakira-av.com/works/detail/KIRD186",
        "https://kirakira-av.com/works/detail/BLK126",
        "https://kirakira-av.com/works/detail/SET011",
        "https://kirakira-av.com/works/detail/BLK125",
        "https://kirakira-av.com/works/detail/KIBD147",
        "https://kirakira-av.com/works/detail/KIBD148"
      ],
      "count": 9
    }
  },
  {
    "https://kirakira-av.com/works/list/date/2014-01-19": {
      "href": [
        "https://kirakira-av.com/works/detail/KISD079",
        "https://kirakira-av.com/works/detail/BLK127",
        "https://kirakira-av.com/works/detail/BLK128",
        "https://kirakira-av.com/works/detail/BLK129",
        "https://kirakira-av.com/works/detail/BLK130",
        "https://kirakira-av.com/works/detail/SET012",
        "https://kirakira-av.com/works/detail/BLK131",
        "https://kirakira-av.com/works/detail/KIBD149",
        "https://kirakira-av.com/works/detail/KIBD150"
      ],
      "count": 9
    }
  },
  {
    "https://kirakira-av.com/works/list/date/2014-02-19": {
      "href": [
        "https://kirakira-av.com/works/detail/BLK132",
        "https://kirakira-av.com/works/detail/BLK133",
        "https://kirakira-av.com/works/detail/BLK134",
        "https://kirakira-av.com/works/detail/BLK135",
        "https://kirakira-av.com/works/detail/SET013",
        "https://kirakira-av.com/works/detail/BLK136",
        "https://kirakira-av.com/works/detail/BLK137",
        "https://kirakira-av.com/works/detail/KIBD151"
      ],
      "count": 8
    }
  },
  {
    "https://kirakira-av.com/works/list/date/2014-03-19": {
      "href": [
        "https://kirakira-av.com/works/detail/BLK138",
        "https://kirakira-av.com/works/detail/KISD080",
        "https://kirakira-av.com/works/detail/BLK139",
        "https://kirakira-av.com/works/detail/BLK140",
        "https://kirakira-av.com/works/detail/BLK141",
        "https://kirakira-av.com/works/detail/BLK142",
        "https://kirakira-av.com/works/detail/BLK143",
        "https://kirakira-av.com/works/detail/SET014",
        "https://kirakira-av.com/works/detail/KIBD152",
        "https://kirakira-av.com/works/detail/KIBD153"
      ],
      "count": 10
    }
  },
  {
    "https://kirakira-av.com/works/list/date/2014-04-19": {
      "href": [
        "https://kirakira-av.com/works/detail/BLK144",
        "https://kirakira-av.com/works/detail/BLK145",
        "https://kirakira-av.com/works/detail/BLK146",
        "https://kirakira-av.com/works/detail/BLK147",
        "https://kirakira-av.com/works/detail/BLK148",
        "https://kirakira-av.com/works/detail/BLK149",
        "https://kirakira-av.com/works/detail/SET015",
        "https://kirakira-av.com/works/detail/BLK150",
        "https://kirakira-av.com/works/detail/KIBD155",
        "https://kirakira-av.com/works/detail/KIBD154"
      ],
      "count": 10
    }
  },
  {
    "https://kirakira-av.com/works/list/date/2014-05-19": {
      "href": [
        "https://kirakira-av.com/works/detail/BLK151",
        "https://kirakira-av.com/works/detail/BLK152",
        "https://kirakira-av.com/works/detail/BLK153",
        "https://kirakira-av.com/works/detail/BLK155",
        "https://kirakira-av.com/works/detail/BLK154",
        "https://kirakira-av.com/works/detail/BLK157",
        "https://kirakira-av.com/works/detail/BLK156",
        "https://kirakira-av.com/works/detail/KIBD158",
        "https://kirakira-av.com/works/detail/KIBD157",
        "https://kirakira-av.com/works/detail/KIBD156"
      ],
      "count": 10
    }
  },
  {
    "https://kirakira-av.com/works/list/date/2014-06-19": {
      "href": [
        "https://kirakira-av.com/works/detail/BLK158",
        "https://kirakira-av.com/works/detail/BLK159",
        "https://kirakira-av.com/works/detail/BLK160",
        "https://kirakira-av.com/works/detail/BLK161",
        "https://kirakira-av.com/works/detail/BLK162",
        "https://kirakira-av.com/works/detail/BLK164",
        "https://kirakira-av.com/works/detail/SET017",
        "https://kirakira-av.com/works/detail/KIBD159",
        "https://kirakira-av.com/works/detail/KIBD160"
      ],
      "count": 9
    }
  },
  {
    "https://kirakira-av.com/works/list/date/2014-07-19": {
      "href": [
        "https://kirakira-av.com/works/detail/BLK165",
        "https://kirakira-av.com/works/detail/BLK166",
        "https://kirakira-av.com/works/detail/BLK167",
        "https://kirakira-av.com/works/detail/BLK168",
        "https://kirakira-av.com/works/detail/BLK169",
        "https://kirakira-av.com/works/detail/BLK170",
        "https://kirakira-av.com/works/detail/BLK171",
        "https://kirakira-av.com/works/detail/BLK172",
        "https://kirakira-av.com/works/detail/SET018",
        "https://kirakira-av.com/works/detail/KIBD161"
      ],
      "count": 10
    }
  },
  {
    "https://kirakira-av.com/works/list/date/2014-08-01": {
      "href": [
        "https://kirakira-av.com/works/detail/AVOP057"
      ],
      "count": 1
    }
  },
  {
    "https://kirakira-av.com/works/list/date/2014-08-19": {
      "href": [
        "https://kirakira-av.com/works/detail/BLK173",
        "https://kirakira-av.com/works/detail/BLK174",
        "https://kirakira-av.com/works/detail/BLK175",
        "https://kirakira-av.com/works/detail/BLK176",
        "https://kirakira-av.com/works/detail/BLK177",
        "https://kirakira-av.com/works/detail/BLK178",
        "https://kirakira-av.com/works/detail/BLK179",
        "https://kirakira-av.com/works/detail/KIBD163",
        "https://kirakira-av.com/works/detail/KIBD164"
      ],
      "count": 9
    }
  },
  {
    "https://kirakira-av.com/works/list/date/2014-09-19": {
      "href": [
        "https://kirakira-av.com/works/detail/BLK184",
        "https://kirakira-av.com/works/detail/BLK181",
        "https://kirakira-av.com/works/detail/BLK182",
        "https://kirakira-av.com/works/detail/BLK185",
        "https://kirakira-av.com/works/detail/BLK186",
        "https://kirakira-av.com/works/detail/BLK183",
        "https://kirakira-av.com/works/detail/KIBD165",
        "https://kirakira-av.com/works/detail/KIBD167",
        "https://kirakira-av.com/works/detail/SET019"
      ],
      "count": 9
    }
  },
  {
    "https://kirakira-av.com/works/list/date/2014-10-19": {
      "href": [
        "https://kirakira-av.com/works/detail/KISD081",
        "https://kirakira-av.com/works/detail/BLK189",
        "https://kirakira-av.com/works/detail/BLK188",
        "https://kirakira-av.com/works/detail/BLK190",
        "https://kirakira-av.com/works/detail/BLK191",
        "https://kirakira-av.com/works/detail/BLK192",
        "https://kirakira-av.com/works/detail/KIBD168",
        "https://kirakira-av.com/works/detail/KIBD169"
      ],
      "count": 8
    }
  },
  {
    "https://kirakira-av.com/works/list/date/2014-11-19": {
      "href": [
        "https://kirakira-av.com/works/detail/BLK193",
        "https://kirakira-av.com/works/detail/KISD082",
        "https://kirakira-av.com/works/detail/BLK195",
        "https://kirakira-av.com/works/detail/BLK196",
        "https://kirakira-av.com/works/detail/BLK197",
        "https://kirakira-av.com/works/detail/BLK198",
        "https://kirakira-av.com/works/detail/SET020",
        "https://kirakira-av.com/works/detail/KIBD170",
        "https://kirakira-av.com/works/detail/KIBD171",
        "https://kirakira-av.com/works/detail/KIBD172"
      ],
      "count": 10
    }
  },
  {
    "https://kirakira-av.com/works/list/date/2014-12-19": {
      "href": [
        "https://kirakira-av.com/works/detail/KISD083",
        "https://kirakira-av.com/works/detail/BLK200",
        "https://kirakira-av.com/works/detail/BLK203",
        "https://kirakira-av.com/works/detail/BLK202",
        "https://kirakira-av.com/works/detail/KIBD173",
        "https://kirakira-av.com/works/detail/KIBD175",
        "https://kirakira-av.com/works/detail/KIBD174"
      ],
      "count": 7
    }
  },
  {
    "https://kirakira-av.com/works/list/date/2015-01-19": {
      "href": [
        "https://kirakira-av.com/works/detail/BLK205",
        "https://kirakira-av.com/works/detail/BLK210",
        "https://kirakira-av.com/works/detail/BLK208",
        "https://kirakira-av.com/works/detail/KIBD176",
        "https://kirakira-av.com/works/detail/KIBD177"
      ],
      "count": 5
    }
  },
  {
    "https://kirakira-av.com/works/list/date/2015-02-19": {
      "href": [
        "https://kirakira-av.com/works/detail/KISD084",
        "https://kirakira-av.com/works/detail/BLK211",
        "https://kirakira-av.com/works/detail/BLK212",
        "https://kirakira-av.com/works/detail/BLK213",
        "https://kirakira-av.com/works/detail/KIBD178",
        "https://kirakira-av.com/works/detail/KIBD179",
        "https://kirakira-av.com/works/detail/KIBD180"
      ],
      "count": 7
    }
  },
  {
    "https://kirakira-av.com/works/list/date/2015-03-19": {
      "href": [
        "https://kirakira-av.com/works/detail/BLK215",
        "https://kirakira-av.com/works/detail/BLK214",
        "https://kirakira-av.com/works/detail/BLK216",
        "https://kirakira-av.com/works/detail/KIBD181",
        "https://kirakira-av.com/works/detail/KIBD182"
      ],
      "count": 5
    }
  },
  {
    "https://kirakira-av.com/works/list/date/2015-04-19": {
      "href": [
        "https://kirakira-av.com/works/detail/BLK217",
        "https://kirakira-av.com/works/detail/SET021",
        "https://kirakira-av.com/works/detail/BLK219",
        "https://kirakira-av.com/works/detail/KIBD183",
        "https://kirakira-av.com/works/detail/KIBD184"
      ],
      "count": 5
    }
  },
  {
    "https://kirakira-av.com/works/list/date/2015-05-19": {
      "href": [
        "https://kirakira-av.com/works/detail/BLK220",
        "https://kirakira-av.com/works/detail/BLK221",
        "https://kirakira-av.com/works/detail/SET022",
        "https://kirakira-av.com/works/detail/BLK222",
        "https://kirakira-av.com/works/detail/BLK223",
        "https://kirakira-av.com/works/detail/KIBD186",
        "https://kirakira-av.com/works/detail/KIBD185"
      ],
      "count": 7
    }
  },
  {
    "https://kirakira-av.com/works/list/date/2015-06-19": {
      "href": [
        "https://kirakira-av.com/works/detail/BLK224",
        "https://kirakira-av.com/works/detail/KISD085",
        "https://kirakira-av.com/works/detail/BLK226",
        "https://kirakira-av.com/works/detail/BLK228",
        "https://kirakira-av.com/works/detail/BLK227",
        "https://kirakira-av.com/works/detail/KIBD187"
      ],
      "count": 6
    }
  },
  {
    "https://kirakira-av.com/works/list/date/2015-07-19": {
      "href": [
        "https://kirakira-av.com/works/detail/KIRD190",
        "https://kirakira-av.com/works/detail/BLK229",
        "https://kirakira-av.com/works/detail/BLK231",
        "https://kirakira-av.com/works/detail/SET023",
        "https://kirakira-av.com/works/detail/KIFD024",
        "https://kirakira-av.com/works/detail/KIBD190",
        "https://kirakira-av.com/works/detail/KIBD189"
      ],
      "count": 7
    }
  },
  {
    "https://kirakira-av.com/works/list/date/2015-08-19": {
      "href": [
        "https://kirakira-av.com/works/detail/BLK233",
        "https://kirakira-av.com/works/detail/BLK235",
        "https://kirakira-av.com/works/detail/BLK238",
        "https://kirakira-av.com/works/detail/BLK234",
        "https://kirakira-av.com/works/detail/BLK237",
        "https://kirakira-av.com/works/detail/BLK236",
        "https://kirakira-av.com/works/detail/KIBD191",
        "https://kirakira-av.com/works/detail/KIBD192"
      ],
      "count": 8
    }
  },
  {
    "https://kirakira-av.com/works/list/date/2015-09-01": {
      "href": [
        "https://kirakira-av.com/works/detail/AVOP105"
      ],
      "count": 1
    }
  },
  {
    "https://kirakira-av.com/works/list/date/2015-09-19": {
      "href": [
        "https://kirakira-av.com/works/detail/BLK243",
        "https://kirakira-av.com/works/detail/BLK239",
        "https://kirakira-av.com/works/detail/BLK241",
        "https://kirakira-av.com/works/detail/BLK240",
        "https://kirakira-av.com/works/detail/BLK242",
        "https://kirakira-av.com/works/detail/BLK244",
        "https://kirakira-av.com/works/detail/KIBD193",
        "https://kirakira-av.com/works/detail/KIBD194"
      ],
      "count": 8
    }
  },
  {
    "https://kirakira-av.com/works/list/date/2015-10-19": {
      "href": [
        "https://kirakira-av.com/works/detail/BLK247",
        "https://kirakira-av.com/works/detail/BLK246",
        "https://kirakira-av.com/works/detail/BLK248",
        "https://kirakira-av.com/works/detail/BLK245",
        "https://kirakira-av.com/works/detail/BLK249",
        "https://kirakira-av.com/works/detail/KIBD195",
        "https://kirakira-av.com/works/detail/KIBD196"
      ],
      "count": 7
    }
  },
  {
    "https://kirakira-av.com/works/list/date/2015-11-19": {
      "href": [
        "https://kirakira-av.com/works/detail/BLK254",
        "https://kirakira-av.com/works/detail/BLK253",
        "https://kirakira-av.com/works/detail/BLK255",
        "https://kirakira-av.com/works/detail/BLK251",
        "https://kirakira-av.com/works/detail/BLK252",
        "https://kirakira-av.com/works/detail/KIBD197",
        "https://kirakira-av.com/works/detail/KIBD198"
      ],
      "count": 7
    }
  },
  {
    "https://kirakira-av.com/works/list/date/2015-12-19": {
      "href": [
        "https://kirakira-av.com/works/detail/BLK258",
        "https://kirakira-av.com/works/detail/BLK256",
        "https://kirakira-av.com/works/detail/BLK260",
        "https://kirakira-av.com/works/detail/BLK257",
        "https://kirakira-av.com/works/detail/KIBD199",
        "https://kirakira-av.com/works/detail/KIBD200"
      ],
      "count": 6
    }
  },
  {
    "https://kirakira-av.com/works/list/date/2016-01-19": {
      "href": [
        "https://kirakira-av.com/works/detail/BLK263",
        "https://kirakira-av.com/works/detail/BLK262",
        "https://kirakira-av.com/works/detail/BLK261",
        "https://kirakira-av.com/works/detail/BLK264",
        "https://kirakira-av.com/works/detail/KIBD201",
        "https://kirakira-av.com/works/detail/KIBD202"
      ],
      "count": 6
    }
  },
  {
    "https://kirakira-av.com/works/list/date/2016-02-19": {
      "href": [
        "https://kirakira-av.com/works/detail/BLK265",
        "https://kirakira-av.com/works/detail/BLK267",
        "https://kirakira-av.com/works/detail/BLK266",
        "https://kirakira-av.com/works/detail/KIBD203",
        "https://kirakira-av.com/works/detail/KIBD204"
      ],
      "count": 5
    }
  },
  {
    "https://kirakira-av.com/works/list/date/2016-03-19": {
      "href": [
        "https://kirakira-av.com/works/detail/BLK269",
        "https://kirakira-av.com/works/detail/BLK271",
        "https://kirakira-av.com/works/detail/BLK272",
        "https://kirakira-av.com/works/detail/BLK270",
        "https://kirakira-av.com/works/detail/KIBD205",
        "https://kirakira-av.com/works/detail/KIBD206"
      ],
      "count": 6
    }
  },
  {
    "https://kirakira-av.com/works/list/date/2016-04-19": {
      "href": [
        "https://kirakira-av.com/works/detail/BLK273",
        "https://kirakira-av.com/works/detail/BLK274",
        "https://kirakira-av.com/works/detail/KIBD207",
        "https://kirakira-av.com/works/detail/KIBD208"
      ],
      "count": 4
    }
  },
  {
    "https://kirakira-av.com/works/list/date/2016-05-19": {
      "href": [
        "https://kirakira-av.com/works/detail/BLK277",
        "https://kirakira-av.com/works/detail/BLK276",
        "https://kirakira-av.com/works/detail/BLK278",
        "https://kirakira-av.com/works/detail/KIBD209",
        "https://kirakira-av.com/works/detail/KIBD210"
      ],
      "count": 5
    }
  },
  {
    "https://kirakira-av.com/works/list/date/2016-07-19": {
      "href": [
        "https://kirakira-av.com/works/detail/BLK284",
        "https://kirakira-av.com/works/detail/BLK283",
        "https://kirakira-av.com/works/detail/KIBD213",
        "https://kirakira-av.com/works/detail/KIBD214"
      ],
      "count": 4
    }
  },
  {
    "https://kirakira-av.com/works/list/date/2016-08-19": {
      "href": [
        "https://kirakira-av.com/works/detail/BLK286",
        "https://kirakira-av.com/works/detail/BLK287",
        "https://kirakira-av.com/works/detail/KIBD215",
        "https://kirakira-av.com/works/detail/KIBD216"
      ],
      "count": 4
    }
  },
  {
    "https://kirakira-av.com/works/list/date/2016-09-19": {
      "href": [
        "https://kirakira-av.com/works/detail/BLK290",
        "https://kirakira-av.com/works/detail/BLK289",
        "https://kirakira-av.com/works/detail/KIBD217",
        "https://kirakira-av.com/works/detail/KIBD218"
      ],
      "count": 4
    }
  },
  {
    "https://kirakira-av.com/works/list/date/2016-10-25": {
      "href": [
        "https://kirakira-av.com/works/detail/BLK292",
        "https://kirakira-av.com/works/detail/BLK291",
        "https://kirakira-av.com/works/detail/BLK293"
      ],
      "count": 3
    }
  },
  {
    "https://kirakira-av.com/works/list/date/2016-11-01": {
      "href": [
        "https://kirakira-av.com/works/detail/KIBD220",
        "https://kirakira-av.com/works/detail/KIBD219"
      ],
      "count": 2
    }
  },
  {
    "https://kirakira-av.com/works/list/date/2016-11-25": {
      "href": [
        "https://kirakira-av.com/works/detail/BLK296",
        "https://kirakira-av.com/works/detail/BLK295"
      ],
      "count": 2
    }
  },
  {
    "https://kirakira-av.com/works/list/date/2016-12-08": {
      "href": [
        "https://kirakira-av.com/works/detail/BLK297"
      ],
      "count": 1
    }
  },
  {
    "https://kirakira-av.com/works/list/date/2016-12-25": {
      "href": [
        "https://kirakira-av.com/works/detail/BLK299",
        "https://kirakira-av.com/works/detail/BLK298",
        "https://kirakira-av.com/works/detail/BLK300"
      ],
      "count": 3
    }
  },
  {
    "https://kirakira-av.com/works/list/date/2017-02-01": {
      "href": [
        "https://kirakira-av.com/works/detail/BLK301",
        "https://kirakira-av.com/works/detail/BLK302",
        "https://kirakira-av.com/works/detail/BLK303"
      ],
      "count": 3
    }
  },
  {
    "https://kirakira-av.com/works/list/date/2017-03-01": {
      "href": [
        "https://kirakira-av.com/works/detail/BLK306",
        "https://kirakira-av.com/works/detail/BLK305",
        "https://kirakira-av.com/works/detail/BLK304"
      ],
      "count": 3
    }
  },
  {
    "https://kirakira-av.com/works/list/date/2017-04-01": {
      "href": [
        "https://kirakira-av.com/works/detail/BLK308",
        "https://kirakira-av.com/works/detail/BLK309"
      ],
      "count": 2
    }
  },
  {
    "https://kirakira-av.com/works/list/date/2017-05-01": {
      "href": [
        "https://kirakira-av.com/works/detail/BLK310",
        "https://kirakira-av.com/works/detail/BLK311",
        "https://kirakira-av.com/works/detail/BLK312",
        "https://kirakira-av.com/works/detail/BLK313"
      ],
      "count": 4
    }
  },
  {
    "https://kirakira-av.com/works/list/date/2017-06-01": {
      "href": [
        "https://kirakira-av.com/works/detail/BLK314",
        "https://kirakira-av.com/works/detail/BLK315",
        "https://kirakira-av.com/works/detail/BLK316",
        "https://kirakira-av.com/works/detail/BLK317",
        "https://kirakira-av.com/works/detail/BLK318"
      ],
      "count": 5
    }
  },
  {
    "https://kirakira-av.com/works/list/date/2017-07-01": {
      "href": [
        "https://kirakira-av.com/works/detail/BLK319",
        "https://kirakira-av.com/works/detail/BLK320",
        "https://kirakira-av.com/works/detail/BLK321",
        "https://kirakira-av.com/works/detail/BLK322"
      ],
      "count": 4
    }
  },
  {
    "https://kirakira-av.com/works/list/date/2017-08-01": {
      "href": [
        "https://kirakira-av.com/works/detail/AVOPVR016",
        "https://kirakira-av.com/works/detail/BLK323",
        "https://kirakira-av.com/works/detail/BLK324",
        "https://kirakira-av.com/works/detail/BLK325",
        "https://kirakira-av.com/works/detail/BLK326"
      ],
      "count": 5
    }
  },
  {
    "https://kirakira-av.com/works/list/date/2017-08-19": {
      "href": [
        "https://kirakira-av.com/works/detail/KIVR001",
        "https://kirakira-av.com/works/detail/KIBD225"
      ],
      "count": 2
    }
  },
  {
    "https://kirakira-av.com/works/list/date/2017-09-01": {
      "href": [
        "https://kirakira-av.com/works/detail/AVOP349"
      ],
      "count": 1
    }
  },
  {
    "https://kirakira-av.com/works/list/date/2017-09-13": {
      "href": [
        "https://kirakira-av.com/works/detail/BLK327",
        "https://kirakira-av.com/works/detail/BLK328",
        "https://kirakira-av.com/works/detail/BLK329",
        "https://kirakira-av.com/works/detail/BLK330"
      ],
      "count": 4
    }
  },
  {
    "https://kirakira-av.com/works/list/date/2017-10-07": {
      "href": [
        "https://kirakira-av.com/works/detail/BLK331",
        "https://kirakira-av.com/works/detail/BLK332",
        "https://kirakira-av.com/works/detail/BLK333",
        "https://kirakira-av.com/works/detail/BLK334"
      ],
      "count": 4
    }
  },
  {
    "https://kirakira-av.com/works/list/date/2016-06-19": {
      "href": [
        "https://kirakira-av.com/works/detail/BLK281",
        "https://kirakira-av.com/works/detail/BLK280",
        "https://kirakira-av.com/works/detail/BLK279",
        "https://kirakira-av.com/works/detail/KIBD211",
        "https://kirakira-av.com/works/detail/KIBD212"
      ],
      "count": 5
    }
  },
  {
    "https://kirakira-av.com/works/list/date/2017-11-01": {
      "href": [
        "https://kirakira-av.com/works/detail/BLK335",
        "https://kirakira-av.com/works/detail/BLK336",
        "https://kirakira-av.com/works/detail/BLK337",
        "https://kirakira-av.com/works/detail/BLK338"
      ],
      "count": 4
    }
  },
  {
    "https://kirakira-av.com/works/list/date/2017-12-19": {
      "href": [
        "https://kirakira-av.com/works/detail/KIBD227",
        "https://kirakira-av.com/works/detail/KIBD226"
      ],
      "count": 2
    }
  },
  {
    "https://kirakira-av.com/works/list/date/2017-12-01": {
      "href": [
        "https://kirakira-av.com/works/detail/BLK339",
        "https://kirakira-av.com/works/detail/BLK340",
        "https://kirakira-av.com/works/detail/BLK341",
        "https://kirakira-av.com/works/detail/BLK342",
        "https://kirakira-av.com/works/detail/BLK343"
      ],
      "count": 5
    }
  },
  {
    "https://kirakira-av.com/works/list/date/2018-01-01": {
      "href": [
        "https://kirakira-av.com/works/detail/BLK344",
        "https://kirakira-av.com/works/detail/BLK345",
        "https://kirakira-av.com/works/detail/BLK346",
        "https://kirakira-av.com/works/detail/BLK347",
        "https://kirakira-av.com/works/detail/BLK348"
      ],
      "count": 5
    }
  }
]