[
  {
    "https://miman.jp/works/list/date/2010-03-01": {
      "href": [
        "https://miman.jp/works/detail/MMND052"
      ],
      "count": 1
    }
  },
  {
    "https://miman.jp/works/list/date/2010-05-01": {
      "href": [
        "https://miman.jp/works/detail/MMXD004"
      ],
      "count": 1
    }
  },
  {
    "https://miman.jp/works/list/date/2010-04-01": {
      "href": [
        "https://miman.jp/works/detail/MMND053"
      ],
      "count": 1
    }
  },
  {
    "https://miman.jp/works/list/date/2010-06-01": {
      "href": [
        "https://miman.jp/works/detail/MMND054"
      ],
      "count": 1
    }
  },
  {
    "https://miman.jp/works/list/date/2010-07-01": {
      "href": [
        "https://miman.jp/works/detail/MMND055"
      ],
      "count": 1
    }
  },
  {
    "https://miman.jp/works/list/date/2010-12-01": {
      "href": [
        "https://miman.jp/works/detail/AOM002"
      ],
      "count": 1
    }
  },
  {
    "https://miman.jp/works/list/date/2011-02-01": {
      "href": [
        "https://miman.jp/works/detail/AOM003"
      ],
      "count": 1
    }
  },
  {
    "https://miman.jp/works/list/date/2011-04-01": {
      "href": [
        "https://miman.jp/works/detail/MMND062"
      ],
      "count": 1
    }
  },
  {
    "https://miman.jp/works/list/date/2011-05-01": {
      "href": [
        "https://miman.jp/works/detail/MMND063"
      ],
      "count": 1
    }
  },
  {
    "https://miman.jp/works/list/date/2011-07-01": {
      "href": [
        "https://miman.jp/works/detail/MMND064"
      ],
      "count": 1
    }
  },
  {
    "https://miman.jp/works/list/date/2011-07-22": {
      "href": [
        "https://miman.jp/works/detail/MMND065"
      ],
      "count": 1
    }
  },
  {
    "https://miman.jp/works/list/date/2011-10-01": {
      "href": [
        "https://miman.jp/works/detail/MMND067"
      ],
      "count": 1
    }
  },
  {
    "https://miman.jp/works/list/date/2011-11-01": {
      "href": [
        "https://miman.jp/works/detail/MMND068"
      ],
      "count": 1
    }
  },
  {
    "https://miman.jp/works/list/date/2011-12-01": {
      "href": [
        "https://miman.jp/works/detail/MMND069"
      ],
      "count": 1
    }
  },
  {
    "https://miman.jp/works/list/date/2012-01-01": {
      "href": [
        "https://miman.jp/works/detail/MMND070"
      ],
      "count": 1
    }
  },
  {
    "https://miman.jp/works/list/date/2012-02-01": {
      "href": [
        "https://miman.jp/works/detail/MMND071"
      ],
      "count": 1
    }
  },
  {
    "https://miman.jp/works/list/date/2012-04-01": {
      "href": [
        "https://miman.jp/works/detail/MMND072"
      ],
      "count": 1
    }
  },
  {
    "https://miman.jp/works/list/date/2012-05-01": {
      "href": [
        "https://miman.jp/works/detail/MMND073"
      ],
      "count": 1
    }
  },
  {
    "https://miman.jp/works/list/date/2012-06-01": {
      "href": [
        "https://miman.jp/works/detail/MMND074"
      ],
      "count": 1
    }
  },
  {
    "https://miman.jp/works/list/date/2012-07-01": {
      "href": [
        "https://miman.jp/works/detail/MMXD007"
      ],
      "count": 1
    }
  },
  {
    "https://miman.jp/works/list/date/2012-08-01": {
      "href": [
        "https://miman.jp/works/detail/MMND075"
      ],
      "count": 1
    }
  },
  {
    "https://miman.jp/works/list/date/2012-09-01": {
      "href": [
        "https://miman.jp/works/detail/MMND076"
      ],
      "count": 1
    }
  },
  {
    "https://miman.jp/works/list/date/2012-10-01": {
      "href": [
        "https://miman.jp/works/detail/MMND077",
        "https://miman.jp/works/detail/MMND078"
      ],
      "count": 2
    }
  },
  {
    "https://miman.jp/works/list/date/2012-12-01": {
      "href": [
        "https://miman.jp/works/detail/MMND080"
      ],
      "count": 1
    }
  },
  {
    "https://miman.jp/works/list/date/2012-11-01": {
      "href": [
        "https://miman.jp/works/detail/MMND079"
      ],
      "count": 1
    }
  },
  {
    "https://miman.jp/works/list/date/2013-01-01": {
      "href": [
        "https://miman.jp/works/detail/MMND081"
      ],
      "count": 1
    }
  },
  {
    "https://miman.jp/works/list/date/2013-02-01": {
      "href": [
        "https://miman.jp/works/detail/MMND082"
      ],
      "count": 1
    }
  },
  {
    "https://miman.jp/works/list/date/2013-04-01": {
      "href": [
        "https://miman.jp/works/detail/MMND084"
      ],
      "count": 1
    }
  },
  {
    "https://miman.jp/works/list/date/2013-03-01": {
      "href": [
        "https://miman.jp/works/detail/MMND083"
      ],
      "count": 1
    }
  },
  {
    "https://miman.jp/works/list/date/2013-05-01": {
      "href": [
        "https://miman.jp/works/detail/MMND085",
        "https://miman.jp/works/detail/AOM004"
      ],
      "count": 2
    }
  },
  {
    "https://miman.jp/works/list/date/2013-07-01": {
      "href": [
        "https://miman.jp/works/detail/MMND087"
      ],
      "count": 1
    }
  },
  {
    "https://miman.jp/works/list/date/2013-06-01": {
      "href": [
        "https://miman.jp/works/detail/MMND086"
      ],
      "count": 1
    }
  },
  {
    "https://miman.jp/works/list/date/2013-08-01": {
      "href": [
        "https://miman.jp/works/detail/MMXD009"
      ],
      "count": 1
    }
  },
  {
    "https://miman.jp/works/list/date/2013-09-01": {
      "href": [
        "https://miman.jp/works/detail/MMND088"
      ],
      "count": 1
    }
  },
  {
    "https://miman.jp/works/list/date/2013-10-01": {
      "href": [
        "https://miman.jp/works/detail/MMND089"
      ],
      "count": 1
    }
  },
  {
    "https://miman.jp/works/list/date/2013-12-01": {
      "href": [
        "https://miman.jp/works/detail/MMND091"
      ],
      "count": 1
    }
  },
  {
    "https://miman.jp/works/list/date/2014-01-01": {
      "href": [
        "https://miman.jp/works/detail/MMND092"
      ],
      "count": 1
    }
  },
  {
    "https://miman.jp/works/list/date/2014-02-01": {
      "href": [
        "https://miman.jp/works/detail/MMND093",
        "https://miman.jp/works/detail/MMND094"
      ],
      "count": 2
    }
  },
  {
    "https://miman.jp/works/list/date/2014-03-01": {
      "href": [
        "https://miman.jp/works/detail/MMND095"
      ],
      "count": 1
    }
  },
  {
    "https://miman.jp/works/list/date/2014-04-01": {
      "href": [
        "https://miman.jp/works/detail/MMND096",
        "https://miman.jp/works/detail/MMND097"
      ],
      "count": 2
    }
  },
  {
    "https://miman.jp/works/list/date/2014-05-01": {
      "href": [
        "https://miman.jp/works/detail/MMND098"
      ],
      "count": 1
    }
  },
  {
    "https://miman.jp/works/list/date/2014-06-01": {
      "href": [
        "https://miman.jp/works/detail/MMND099",
        "https://miman.jp/works/detail/MMXD011"
      ],
      "count": 2
    }
  },
  {
    "https://miman.jp/works/list/date/2014-08-01": {
      "href": [
        "https://miman.jp/works/detail/MMND101",
        "https://miman.jp/works/detail/MMND102"
      ],
      "count": 2
    }
  },
  {
    "https://miman.jp/works/list/date/2014-10-01": {
      "href": [
        "https://miman.jp/works/detail/MMXD012"
      ],
      "count": 1
    }
  },
  {
    "https://miman.jp/works/list/date/2014-11-01": {
      "href": [
        "https://miman.jp/works/detail/MMND105"
      ],
      "count": 1
    }
  },
  {
    "https://miman.jp/works/list/date/2014-12-01": {
      "href": [
        "https://miman.jp/works/detail/MMND107"
      ],
      "count": 1
    }
  },
  {
    "https://miman.jp/works/list/date/2015-01-01": {
      "href": [
        "https://miman.jp/works/detail/MMND108"
      ],
      "count": 1
    }
  },
  {
    "https://miman.jp/works/list/date/2015-03-01": {
      "href": [
        "https://miman.jp/works/detail/MMND109"
      ],
      "count": 1
    }
  },
  {
    "https://miman.jp/works/list/date/2015-04-01": {
      "href": [
        "https://miman.jp/works/detail/MMND110"
      ],
      "count": 1
    }
  },
  {
    "https://miman.jp/works/list/date/2015-05-01": {
      "href": [
        "https://miman.jp/works/detail/MMXD014"
      ],
      "count": 1
    }
  },
  {
    "https://miman.jp/works/list/date/2015-06-01": {
      "href": [
        "https://miman.jp/works/detail/MMND112",
        "https://miman.jp/works/detail/MMND113"
      ],
      "count": 2
    }
  },
  {
    "https://miman.jp/works/list/date/2014-07-01": {
      "href": [
        "https://miman.jp/works/detail/MMND100"
      ],
      "count": 1
    }
  },
  {
    "https://miman.jp/works/list/date/2014-09-01": {
      "href": [
        "https://miman.jp/works/detail/MMND103"
      ],
      "count": 1
    }
  },
  {
    "https://miman.jp/works/list/date/2015-07-01": {
      "href": [
        "https://miman.jp/works/detail/MMND114"
      ],
      "count": 1
    }
  },
  {
    "https://miman.jp/works/list/date/2015-08-01": {
      "href": [
        "https://miman.jp/works/detail/MMND115",
        "https://miman.jp/works/detail/MMND116"
      ],
      "count": 2
    }
  },
  {
    "https://miman.jp/works/list/date/2015-09-01": {
      "href": [
        "https://miman.jp/works/detail/AVOP143",
        "https://miman.jp/works/detail/MMXD015"
      ],
      "count": 2
    }
  },
  {
    "https://miman.jp/works/list/date/2015-10-01": {
      "href": [
        "https://miman.jp/works/detail/MMND117",
        "https://miman.jp/works/detail/MMND118"
      ],
      "count": 2
    }
  },
  {
    "https://miman.jp/works/list/date/2015-11-01": {
      "href": [
        "https://miman.jp/works/detail/MMND119"
      ],
      "count": 1
    }
  },
  {
    "https://miman.jp/works/list/date/2015-12-08": {
      "href": [
        "https://miman.jp/works/detail/MMND121"
      ],
      "count": 1
    }
  },
  {
    "https://miman.jp/works/list/date/2016-01-01": {
      "href": [
        "https://miman.jp/works/detail/MMND122",
        "https://miman.jp/works/detail/MMXD016"
      ],
      "count": 2
    }
  },
  {
    "https://miman.jp/works/list/date/2015-12-01": {
      "href": [
        "https://miman.jp/works/detail/MMND120"
      ],
      "count": 1
    }
  },
  {
    "https://miman.jp/works/list/date/2016-02-01": {
      "href": [
        "https://miman.jp/works/detail/MMND123"
      ],
      "count": 1
    }
  },
  {
    "https://miman.jp/works/list/date/2016-03-01": {
      "href": [
        "https://miman.jp/works/detail/MMND125"
      ],
      "count": 1
    }
  },
  {
    "https://miman.jp/works/list/date/2016-04-01": {
      "href": [
        "https://miman.jp/works/detail/MMND126"
      ],
      "count": 1
    }
  },
  {
    "https://miman.jp/works/list/date/2016-05-01": {
      "href": [
        "https://miman.jp/works/detail/MMND127"
      ],
      "count": 1
    }
  },
  {
    "https://miman.jp/works/list/date/2016-06-01": {
      "href": [
        "https://miman.jp/works/detail/MMND128",
        "https://miman.jp/works/detail/MMXD017"
      ],
      "count": 2
    }
  },
  {
    "https://miman.jp/works/list/date/2016-07-01": {
      "href": [
        "https://miman.jp/works/detail/MMND129"
      ],
      "count": 1
    }
  },
  {
    "https://miman.jp/works/list/date/2016-09-01": {
      "href": [
        "https://miman.jp/works/detail/MMND130"
      ],
      "count": 1
    }
  },
  {
    "https://miman.jp/works/list/date/2016-10-01": {
      "href": [
        "https://miman.jp/works/detail/MMND131"
      ],
      "count": 1
    }
  },
  {
    "https://miman.jp/works/list/date/2016-11-01": {
      "href": [
        "https://miman.jp/works/detail/MMND132",
        "https://miman.jp/works/detail/MMND134",
        "https://miman.jp/works/detail/MMND133"
      ],
      "count": 3
    }
  },
  {
    "https://miman.jp/works/list/date/2016-12-08": {
      "href": [
        "https://miman.jp/works/detail/MMND135"
      ],
      "count": 1
    }
  },
  {
    "https://miman.jp/works/list/date/2017-01-07": {
      "href": [
        "https://miman.jp/works/detail/MMND136"
      ],
      "count": 1
    }
  },
  {
    "https://miman.jp/works/list/date/2017-02-07": {
      "href": [
        "https://miman.jp/works/detail/MMND137"
      ],
      "count": 1
    }
  },
  {
    "https://miman.jp/works/list/date/2017-03-07": {
      "href": [
        "https://miman.jp/works/detail/MMND138"
      ],
      "count": 1
    }
  },
  {
    "https://miman.jp/works/list/date/2017-04-01": {
      "href": [
        "https://miman.jp/works/detail/MMXD019"
      ],
      "count": 1
    }
  },
  {
    "https://miman.jp/works/list/date/2017-04-07": {
      "href": [
        "https://miman.jp/works/detail/MMND141",
        "https://miman.jp/works/detail/MMND139",
        "https://miman.jp/works/detail/MMND140"
      ],
      "count": 3
    }
  },
  {
    "https://miman.jp/works/list/date/2017-05-01": {
      "href": [
        "https://miman.jp/works/detail/MMND142",
        "https://miman.jp/works/detail/MMND143"
      ],
      "count": 2
    }
  },
  {
    "https://miman.jp/works/list/date/2017-06-01": {
      "href": [
        "https://miman.jp/works/detail/MMND145",
        "https://miman.jp/works/detail/MMND144"
      ],
      "count": 2
    }
  },
  {
    "https://miman.jp/works/list/date/2017-08-07": {
      "href": [
        "https://miman.jp/works/detail/MMND146",
        "https://miman.jp/works/detail/MMND147"
      ],
      "count": 2
    }
  },
  {
    "https://miman.jp/works/list/date/2017-10-07": {
      "href": [
        "https://miman.jp/works/detail/MMND148"
      ],
      "count": 1
    }
  },
  {
    "https://miman.jp/works/list/date/2017-11-01": {
      "href": [
        "https://miman.jp/works/detail/MMND149"
      ],
      "count": 1
    }
  },
  {
    "https://miman.jp/works/list/date/2017-12-01": {
      "href": [
        "https://miman.jp/works/detail/MMND150"
      ],
      "count": 1
    }
  },
  {
    "https://miman.jp/works/list/date/2018-01-01": {
      "href": [
        "https://miman.jp/works/detail/MMND151"
      ],
      "count": 1
    }
  }
]