[
  {
    "https://mko-labo.net/works/list/date/2016-01-25": {
      "href": [
        "https://mko-labo.net/works/detail/MISM001",
        "https://mko-labo.net/works/detail/MISM002",
        "https://mko-labo.net/works/detail/MISM003",
        "https://mko-labo.net/works/detail/MISM004",
        "https://mko-labo.net/works/detail/MISM005",
        "https://mko-labo.net/works/detail/MISM006"
      ],
      "count": 6
    }
  },
  {
    "https://mko-labo.net/works/list/date/2016-02-25": {
      "href": [
        "https://mko-labo.net/works/detail/MISM007",
        "https://mko-labo.net/works/detail/MISM008"
      ],
      "count": 2
    }
  },
  {
    "https://mko-labo.net/works/list/date/2016-03-25": {
      "href": [
        "https://mko-labo.net/works/detail/MISM011",
        "https://mko-labo.net/works/detail/MISM013",
        "https://mko-labo.net/works/detail/MISM014"
      ],
      "count": 3
    }
  },
  {
    "https://mko-labo.net/works/list/date/2016-04-25": {
      "href": [
        "https://mko-labo.net/works/detail/MISM017",
        "https://mko-labo.net/works/detail/MISM016",
        "https://mko-labo.net/works/detail/MISM015",
        "https://mko-labo.net/works/detail/MISM018"
      ],
      "count": 4
    }
  },
  {
    "https://mko-labo.net/works/list/date/2016-05-25": {
      "href": [
        "https://mko-labo.net/works/detail/MISM021",
        "https://mko-labo.net/works/detail/MISM019",
        "https://mko-labo.net/works/detail/MISM022",
        "https://mko-labo.net/works/detail/MISM020"
      ],
      "count": 4
    }
  },
  {
    "https://mko-labo.net/works/list/date/2016-06-25": {
      "href": [
        "https://mko-labo.net/works/detail/MISM026",
        "https://mko-labo.net/works/detail/MISM024",
        "https://mko-labo.net/works/detail/MISM023"
      ],
      "count": 3
    }
  },
  {
    "https://mko-labo.net/works/list/date/2016-07-25": {
      "href": [
        "https://mko-labo.net/works/detail/MISM029",
        "https://mko-labo.net/works/detail/MISM028",
        "https://mko-labo.net/works/detail/MISM027",
        "https://mko-labo.net/works/detail/MISM030"
      ],
      "count": 4
    }
  },
  {
    "https://mko-labo.net/works/list/date/2016-08-25": {
      "href": [
        "https://mko-labo.net/works/detail/MISM032",
        "https://mko-labo.net/works/detail/MISM031"
      ],
      "count": 2
    }
  },
  {
    "https://mko-labo.net/works/list/date/2016-09-25": {
      "href": [
        "https://mko-labo.net/works/detail/MISM036",
        "https://mko-labo.net/works/detail/MISM035",
        "https://mko-labo.net/works/detail/MISM037",
        "https://mko-labo.net/works/detail/MISM034"
      ],
      "count": 4
    }
  },
  {
    "https://mko-labo.net/works/list/date/2016-11-01": {
      "href": [
        "https://mko-labo.net/works/detail/MISM039",
        "https://mko-labo.net/works/detail/MISM041",
        "https://mko-labo.net/works/detail/MISM038",
        "https://mko-labo.net/works/detail/MISM040"
      ],
      "count": 4
    }
  },
  {
    "https://mko-labo.net/works/list/date/2016-12-01": {
      "href": [
        "https://mko-labo.net/works/detail/MISM042",
        "https://mko-labo.net/works/detail/MISM043",
        "https://mko-labo.net/works/detail/MISM045",
        "https://mko-labo.net/works/detail/MISM044"
      ],
      "count": 4
    }
  },
  {
    "https://mko-labo.net/works/list/date/2016-12-08": {
      "href": [
        "https://mko-labo.net/works/detail/MISM046"
      ],
      "count": 1
    }
  },
  {
    "https://mko-labo.net/works/list/date/2017-01-01": {
      "href": [
        "https://mko-labo.net/works/detail/MISM047",
        "https://mko-labo.net/works/detail/MISM048"
      ],
      "count": 2
    }
  },
  {
    "https://mko-labo.net/works/list/date/2017-02-07": {
      "href": [
        "https://mko-labo.net/works/detail/MISM049"
      ],
      "count": 1
    }
  },
  {
    "https://mko-labo.net/works/list/date/2017-03-07": {
      "href": [
        "https://mko-labo.net/works/detail/MISM050"
      ],
      "count": 1
    }
  },
  {
    "https://mko-labo.net/works/list/date/2017-04-13": {
      "href": [
        "https://mko-labo.net/works/detail/MISM052",
        "https://mko-labo.net/works/detail/MISM053",
        "https://mko-labo.net/works/detail/MISM051"
      ],
      "count": 3
    }
  },
  {
    "https://mko-labo.net/works/list/date/2017-06-13": {
      "href": [
        "https://mko-labo.net/works/detail/MISM059",
        "https://mko-labo.net/works/detail/MISM057"
      ],
      "count": 2
    }
  },
  {
    "https://mko-labo.net/works/list/date/2017-05-13": {
      "href": [
        "https://mko-labo.net/works/detail/MISM054",
        "https://mko-labo.net/works/detail/MISM055",
        "https://mko-labo.net/works/detail/MISM056"
      ],
      "count": 3
    }
  },
  {
    "https://mko-labo.net/works/list/date/2017-07-07": {
      "href": [
        "https://mko-labo.net/works/detail/MISM061",
        "https://mko-labo.net/works/detail/MISM062",
        "https://mko-labo.net/works/detail/MISM060",
        "https://mko-labo.net/works/detail/MISM063"
      ],
      "count": 4
    }
  },
  {
    "https://mko-labo.net/works/list/date/2017-08-13": {
      "href": [
        "https://mko-labo.net/works/detail/MISM064",
        "https://mko-labo.net/works/detail/MISM065",
        "https://mko-labo.net/works/detail/MISM066"
      ],
      "count": 3
    }
  },
  {
    "https://mko-labo.net/works/list/date/2017-09-19": {
      "href": [
        "https://mko-labo.net/works/detail/MISM068",
        "https://mko-labo.net/works/detail/MISM067"
      ],
      "count": 2
    }
  },
  {
    "https://mko-labo.net/works/list/date/2017-10-13": {
      "href": [
        "https://mko-labo.net/works/detail/MISM071",
        "https://mko-labo.net/works/detail/MISM072",
        "https://mko-labo.net/works/detail/MISM070",
        "https://mko-labo.net/works/detail/MISM069",
        "https://mko-labo.net/works/detail/MISM073"
      ],
      "count": 5
    }
  },
  {
    "https://mko-labo.net/works/list/date/2017-11-07": {
      "href": [
        "https://mko-labo.net/works/detail/MISM075",
        "https://mko-labo.net/works/detail/MISM076",
        "https://mko-labo.net/works/detail/MISM074"
      ],
      "count": 3
    }
  },
  {
    "https://mko-labo.net/works/list/date/2017-12-13": {
      "href": [
        "https://mko-labo.net/works/detail/MISM078",
        "https://mko-labo.net/works/detail/MISM077",
        "https://mko-labo.net/works/detail/MISM079"
      ],
      "count": 3
    }
  }
]