[
  {
    "https://muku.tv/works/list/date/2010-01-13": {
      "href": [
        "https://muku.tv/works/detail/MUKD107",
        "https://muku.tv/works/detail/MUKD108",
        "https://muku.tv/works/detail/MUKD109",
        "https://muku.tv/works/detail/MUCD017"
      ],
      "count": 4
    }
  },
  {
    "https://muku.tv/works/list/date/2010-02-13": {
      "href": [
        "https://muku.tv/works/detail/MUKD110",
        "https://muku.tv/works/detail/MUKD111",
        "https://muku.tv/works/detail/MUKD112",
        "https://muku.tv/works/detail/MUKD113",
        "https://muku.tv/works/detail/MUCD018"
      ],
      "count": 5
    }
  },
  {
    "https://muku.tv/works/list/date/2010-03-13": {
      "href": [
        "https://muku.tv/works/detail/MUKD114",
        "https://muku.tv/works/detail/MUKD115",
        "https://muku.tv/works/detail/MUKD116",
        "https://muku.tv/works/detail/MUKD117",
        "https://muku.tv/works/detail/MUCD019"
      ],
      "count": 5
    }
  },
  {
    "https://muku.tv/works/list/date/2010-04-13": {
      "href": [
        "https://muku.tv/works/detail/MUKD118",
        "https://muku.tv/works/detail/MUKD119",
        "https://muku.tv/works/detail/MUKD120",
        "https://muku.tv/works/detail/MUCD020"
      ],
      "count": 4
    }
  },
  {
    "https://muku.tv/works/list/date/2010-05-13": {
      "href": [
        "https://muku.tv/works/detail/MUKD121",
        "https://muku.tv/works/detail/MUKD122",
        "https://muku.tv/works/detail/MUKD123",
        "https://muku.tv/works/detail/MUKD124",
        "https://muku.tv/works/detail/MUCD021"
      ],
      "count": 5
    }
  },
  {
    "https://muku.tv/works/list/date/2010-06-13": {
      "href": [
        "https://muku.tv/works/detail/MUKD125",
        "https://muku.tv/works/detail/MUKD126",
        "https://muku.tv/works/detail/MUKD127",
        "https://muku.tv/works/detail/MUCD022"
      ],
      "count": 4
    }
  },
  {
    "https://muku.tv/works/list/date/2010-07-13": {
      "href": [
        "https://muku.tv/works/detail/MUKD128",
        "https://muku.tv/works/detail/MUKD129",
        "https://muku.tv/works/detail/MUKD130",
        "https://muku.tv/works/detail/MUKD131",
        "https://muku.tv/works/detail/MUCD023"
      ],
      "count": 5
    }
  },
  {
    "https://muku.tv/works/list/date/2010-09-13": {
      "href": [
        "https://muku.tv/works/detail/MUKD135",
        "https://muku.tv/works/detail/MUKD136",
        "https://muku.tv/works/detail/MUKD137",
        "https://muku.tv/works/detail/MUKD138",
        "https://muku.tv/works/detail/MUCD025"
      ],
      "count": 5
    }
  },
  {
    "https://muku.tv/works/list/date/2010-08-13": {
      "href": [
        "https://muku.tv/works/detail/MUKD132",
        "https://muku.tv/works/detail/MUKD133",
        "https://muku.tv/works/detail/MUKD134",
        "https://muku.tv/works/detail/MUCD024"
      ],
      "count": 4
    }
  },
  {
    "https://muku.tv/works/list/date/2010-10-13": {
      "href": [
        "https://muku.tv/works/detail/MUKD139",
        "https://muku.tv/works/detail/MUKD140",
        "https://muku.tv/works/detail/MUKD141",
        "https://muku.tv/works/detail/MUCD026"
      ],
      "count": 4
    }
  },
  {
    "https://muku.tv/works/list/date/2010-11-13": {
      "href": [
        "https://muku.tv/works/detail/MUKD143",
        "https://muku.tv/works/detail/MUKD144",
        "https://muku.tv/works/detail/MUKD145",
        "https://muku.tv/works/detail/MUKD146",
        "https://muku.tv/works/detail/MUKD147",
        "https://muku.tv/works/detail/MUCD027",
        "https://muku.tv/works/detail/MUCD028"
      ],
      "count": 7
    }
  },
  {
    "https://muku.tv/works/list/date/2011-01-13": {
      "href": [
        "https://muku.tv/works/detail/MUKD152",
        "https://muku.tv/works/detail/MUKD153",
        "https://muku.tv/works/detail/MUKD154",
        "https://muku.tv/works/detail/MUKD155",
        "https://muku.tv/works/detail/MUCD031",
        "https://muku.tv/works/detail/MUCD032"
      ],
      "count": 6
    }
  },
  {
    "https://muku.tv/works/list/date/2011-02-13": {
      "href": [
        "https://muku.tv/works/detail/MUKD156",
        "https://muku.tv/works/detail/MUKD157",
        "https://muku.tv/works/detail/MUKD158",
        "https://muku.tv/works/detail/MUCD033",
        "https://muku.tv/works/detail/MUCD034"
      ],
      "count": 5
    }
  },
  {
    "https://muku.tv/works/list/date/2011-03-13": {
      "href": [
        "https://muku.tv/works/detail/MUKD159",
        "https://muku.tv/works/detail/MUKD160",
        "https://muku.tv/works/detail/MUKD161",
        "https://muku.tv/works/detail/MUKD162",
        "https://muku.tv/works/detail/MUCD035",
        "https://muku.tv/works/detail/MUCD036"
      ],
      "count": 6
    }
  },
  {
    "https://muku.tv/works/list/date/2011-04-13": {
      "href": [
        "https://muku.tv/works/detail/MUKD163",
        "https://muku.tv/works/detail/MUKD164",
        "https://muku.tv/works/detail/MUKD165",
        "https://muku.tv/works/detail/MUKD166",
        "https://muku.tv/works/detail/MUCD037",
        "https://muku.tv/works/detail/MUCD038"
      ],
      "count": 6
    }
  },
  {
    "https://muku.tv/works/list/date/2011-05-13": {
      "href": [
        "https://muku.tv/works/detail/MUKD167",
        "https://muku.tv/works/detail/MUKD168",
        "https://muku.tv/works/detail/MUKD170",
        "https://muku.tv/works/detail/MUCD039",
        "https://muku.tv/works/detail/MUCD040"
      ],
      "count": 5
    }
  },
  {
    "https://muku.tv/works/list/date/2011-06-13": {
      "href": [
        "https://muku.tv/works/detail/MUKD171",
        "https://muku.tv/works/detail/MUKD172",
        "https://muku.tv/works/detail/MUKD173",
        "https://muku.tv/works/detail/MUKD174",
        "https://muku.tv/works/detail/MUCD041",
        "https://muku.tv/works/detail/MUCD042"
      ],
      "count": 6
    }
  },
  {
    "https://muku.tv/works/list/date/2011-07-13": {
      "href": [
        "https://muku.tv/works/detail/MUKD175",
        "https://muku.tv/works/detail/MUKD176",
        "https://muku.tv/works/detail/MUKD177",
        "https://muku.tv/works/detail/MUCD043",
        "https://muku.tv/works/detail/MUCD044"
      ],
      "count": 5
    }
  },
  {
    "https://muku.tv/works/list/date/2011-08-13": {
      "href": [
        "https://muku.tv/works/detail/MUKD179",
        "https://muku.tv/works/detail/MUKD180",
        "https://muku.tv/works/detail/MUKD182",
        "https://muku.tv/works/detail/MUCD045",
        "https://muku.tv/works/detail/MUCD046"
      ],
      "count": 5
    }
  },
  {
    "https://muku.tv/works/list/date/2011-09-13": {
      "href": [
        "https://muku.tv/works/detail/MUKD183",
        "https://muku.tv/works/detail/MUKD184",
        "https://muku.tv/works/detail/MUKD185",
        "https://muku.tv/works/detail/MUCD047",
        "https://muku.tv/works/detail/MUCD048"
      ],
      "count": 5
    }
  },
  {
    "https://muku.tv/works/list/date/2011-10-13": {
      "href": [
        "https://muku.tv/works/detail/MUKD189",
        "https://muku.tv/works/detail/MUKD188",
        "https://muku.tv/works/detail/MUKD187",
        "https://muku.tv/works/detail/MUCD049",
        "https://muku.tv/works/detail/MUCD050"
      ],
      "count": 5
    }
  },
  {
    "https://muku.tv/works/list/date/2011-11-13": {
      "href": [
        "https://muku.tv/works/detail/MUKD191",
        "https://muku.tv/works/detail/MUKD192",
        "https://muku.tv/works/detail/MUKD193",
        "https://muku.tv/works/detail/MUKD194",
        "https://muku.tv/works/detail/MUCD051",
        "https://muku.tv/works/detail/MUCD052"
      ],
      "count": 6
    }
  },
  {
    "https://muku.tv/works/list/date/2011-12-13": {
      "href": [
        "https://muku.tv/works/detail/MUKD195",
        "https://muku.tv/works/detail/MUKD196",
        "https://muku.tv/works/detail/MUKD197",
        "https://muku.tv/works/detail/MUKD198",
        "https://muku.tv/works/detail/MUCD053",
        "https://muku.tv/works/detail/MUCD054"
      ],
      "count": 6
    }
  },
  {
    "https://muku.tv/works/list/date/2012-01-13": {
      "href": [
        "https://muku.tv/works/detail/MUKD199",
        "https://muku.tv/works/detail/MUKD200",
        "https://muku.tv/works/detail/MUKD201",
        "https://muku.tv/works/detail/MUKD202",
        "https://muku.tv/works/detail/MUCD055",
        "https://muku.tv/works/detail/MUCD056"
      ],
      "count": 6
    }
  },
  {
    "https://muku.tv/works/list/date/2012-02-13": {
      "href": [
        "https://muku.tv/works/detail/MUKD203",
        "https://muku.tv/works/detail/MUKD204",
        "https://muku.tv/works/detail/MUKD205",
        "https://muku.tv/works/detail/MUKD206",
        "https://muku.tv/works/detail/MUCD057",
        "https://muku.tv/works/detail/MUCD058"
      ],
      "count": 6
    }
  },
  {
    "https://muku.tv/works/list/date/2012-03-13": {
      "href": [
        "https://muku.tv/works/detail/MUKD208",
        "https://muku.tv/works/detail/MUKD209",
        "https://muku.tv/works/detail/MUKD210",
        "https://muku.tv/works/detail/MUCD059",
        "https://muku.tv/works/detail/MUCD060"
      ],
      "count": 5
    }
  },
  {
    "https://muku.tv/works/list/date/2012-04-13": {
      "href": [
        "https://muku.tv/works/detail/MUKD211",
        "https://muku.tv/works/detail/MUKD212",
        "https://muku.tv/works/detail/MUKD213",
        "https://muku.tv/works/detail/MUKD214",
        "https://muku.tv/works/detail/MUCD061",
        "https://muku.tv/works/detail/MUCD062"
      ],
      "count": 6
    }
  },
  {
    "https://muku.tv/works/list/date/2012-05-13": {
      "href": [
        "https://muku.tv/works/detail/MUKD215",
        "https://muku.tv/works/detail/MUKD216",
        "https://muku.tv/works/detail/MUKD217",
        "https://muku.tv/works/detail/MUKD218",
        "https://muku.tv/works/detail/MUCD063",
        "https://muku.tv/works/detail/MUCD064"
      ],
      "count": 6
    }
  },
  {
    "https://muku.tv/works/list/date/2012-06-13": {
      "href": [
        "https://muku.tv/works/detail/MUKD219",
        "https://muku.tv/works/detail/MUKD220",
        "https://muku.tv/works/detail/MUKD221",
        "https://muku.tv/works/detail/MUKD222",
        "https://muku.tv/works/detail/MUCD065",
        "https://muku.tv/works/detail/MUCD066"
      ],
      "count": 6
    }
  },
  {
    "https://muku.tv/works/list/date/2012-07-13": {
      "href": [
        "https://muku.tv/works/detail/MUKD223",
        "https://muku.tv/works/detail/MUKD224",
        "https://muku.tv/works/detail/MUKD226",
        "https://muku.tv/works/detail/MUCD067"
      ],
      "count": 4
    }
  },
  {
    "https://muku.tv/works/list/date/2012-08-13": {
      "href": [
        "https://muku.tv/works/detail/MUKD227",
        "https://muku.tv/works/detail/MUKD228",
        "https://muku.tv/works/detail/MUKD230",
        "https://muku.tv/works/detail/MUCD069",
        "https://muku.tv/works/detail/MUCD068"
      ],
      "count": 5
    }
  },
  {
    "https://muku.tv/works/list/date/2012-09-13": {
      "href": [
        "https://muku.tv/works/detail/MUKD231",
        "https://muku.tv/works/detail/MUKD232",
        "https://muku.tv/works/detail/MUKD233",
        "https://muku.tv/works/detail/MUKD234",
        "https://muku.tv/works/detail/MUCD070",
        "https://muku.tv/works/detail/MUCD071"
      ],
      "count": 6
    }
  },
  {
    "https://muku.tv/works/list/date/2010-12-13": {
      "href": [
        "https://muku.tv/works/detail/MUKD148",
        "https://muku.tv/works/detail/MUKD149",
        "https://muku.tv/works/detail/MUKD150",
        "https://muku.tv/works/detail/MUKD151",
        "https://muku.tv/works/detail/MUCD029",
        "https://muku.tv/works/detail/MUCD030"
      ],
      "count": 6
    }
  },
  {
    "https://muku.tv/works/list/date/2012-10-13": {
      "href": [
        "https://muku.tv/works/detail/MUKD235",
        "https://muku.tv/works/detail/MUKD236",
        "https://muku.tv/works/detail/MUKD237",
        "https://muku.tv/works/detail/MUKD238",
        "https://muku.tv/works/detail/MUCD072",
        "https://muku.tv/works/detail/MUCD073"
      ],
      "count": 6
    }
  },
  {
    "https://muku.tv/works/list/date/2012-11-13": {
      "href": [
        "https://muku.tv/works/detail/MUKD239",
        "https://muku.tv/works/detail/MUKD240",
        "https://muku.tv/works/detail/MUCD074",
        "https://muku.tv/works/detail/MUCD075"
      ],
      "count": 4
    }
  },
  {
    "https://muku.tv/works/list/date/2012-12-13": {
      "href": [
        "https://muku.tv/works/detail/MUKD241",
        "https://muku.tv/works/detail/MUKD242",
        "https://muku.tv/works/detail/MUCD076",
        "https://muku.tv/works/detail/MUCD077"
      ],
      "count": 4
    }
  },
  {
    "https://muku.tv/works/list/date/2013-01-13": {
      "href": [
        "https://muku.tv/works/detail/MUKD244",
        "https://muku.tv/works/detail/MUCD078",
        "https://muku.tv/works/detail/MUCD079"
      ],
      "count": 3
    }
  },
  {
    "https://muku.tv/works/list/date/2013-02-13": {
      "href": [
        "https://muku.tv/works/detail/MUKD245",
        "https://muku.tv/works/detail/MUKD247",
        "https://muku.tv/works/detail/MUCD080"
      ],
      "count": 3
    }
  },
  {
    "https://muku.tv/works/list/date/2013-03-13": {
      "href": [
        "https://muku.tv/works/detail/MUKD248",
        "https://muku.tv/works/detail/MUKD249",
        "https://muku.tv/works/detail/MUKD250",
        "https://muku.tv/works/detail/MUCD081",
        "https://muku.tv/works/detail/MUCD082"
      ],
      "count": 5
    }
  },
  {
    "https://muku.tv/works/list/date/2013-04-13": {
      "href": [
        "https://muku.tv/works/detail/MUKD251",
        "https://muku.tv/works/detail/MUKD252",
        "https://muku.tv/works/detail/MUKD253",
        "https://muku.tv/works/detail/MUCD083"
      ],
      "count": 4
    }
  },
  {
    "https://muku.tv/works/list/date/2013-05-13": {
      "href": [
        "https://muku.tv/works/detail/MUKD255",
        "https://muku.tv/works/detail/MUCD085",
        "https://muku.tv/works/detail/MUCD084"
      ],
      "count": 3
    }
  },
  {
    "https://muku.tv/works/list/date/2013-06-13": {
      "href": [
        "https://muku.tv/works/detail/MUKD257",
        "https://muku.tv/works/detail/MUKD258",
        "https://muku.tv/works/detail/MUCD087",
        "https://muku.tv/works/detail/MUCD086"
      ],
      "count": 4
    }
  },
  {
    "https://muku.tv/works/list/date/2013-07-13": {
      "href": [
        "https://muku.tv/works/detail/MUKD259",
        "https://muku.tv/works/detail/MUKD260",
        "https://muku.tv/works/detail/MUCD088",
        "https://muku.tv/works/detail/MUCD089"
      ],
      "count": 4
    }
  },
  {
    "https://muku.tv/works/list/date/2013-08-13": {
      "href": [
        "https://muku.tv/works/detail/MUKD262",
        "https://muku.tv/works/detail/MUKD263",
        "https://muku.tv/works/detail/MUKD264",
        "https://muku.tv/works/detail/MUCD090"
      ],
      "count": 4
    }
  },
  {
    "https://muku.tv/works/list/date/2013-09-13": {
      "href": [
        "https://muku.tv/works/detail/MUKD265",
        "https://muku.tv/works/detail/MUKD266",
        "https://muku.tv/works/detail/MUCD091",
        "https://muku.tv/works/detail/MUCD092"
      ],
      "count": 4
    }
  },
  {
    "https://muku.tv/works/list/date/2013-10-13": {
      "href": [
        "https://muku.tv/works/detail/MUKD268",
        "https://muku.tv/works/detail/MUKD269",
        "https://muku.tv/works/detail/MUKD270",
        "https://muku.tv/works/detail/MUKD271",
        "https://muku.tv/works/detail/MUCD093",
        "https://muku.tv/works/detail/MUCD094"
      ],
      "count": 6
    }
  },
  {
    "https://muku.tv/works/list/date/2013-11-13": {
      "href": [
        "https://muku.tv/works/detail/MUKD272",
        "https://muku.tv/works/detail/MUKD273",
        "https://muku.tv/works/detail/MUKD274",
        "https://muku.tv/works/detail/MUKD275",
        "https://muku.tv/works/detail/MUCD095",
        "https://muku.tv/works/detail/MUCD096"
      ],
      "count": 6
    }
  },
  {
    "https://muku.tv/works/list/date/2013-12-13": {
      "href": [
        "https://muku.tv/works/detail/MUKD277",
        "https://muku.tv/works/detail/MUKD278",
        "https://muku.tv/works/detail/MUKD279",
        "https://muku.tv/works/detail/MUCD097",
        "https://muku.tv/works/detail/MUCD098"
      ],
      "count": 5
    }
  },
  {
    "https://muku.tv/works/list/date/2014-01-13": {
      "href": [
        "https://muku.tv/works/detail/MUDR001",
        "https://muku.tv/works/detail/MUKD280",
        "https://muku.tv/works/detail/MUKD281",
        "https://muku.tv/works/detail/MUCD100",
        "https://muku.tv/works/detail/MUCD101",
        "https://muku.tv/works/detail/MUCD099"
      ],
      "count": 6
    }
  },
  {
    "https://muku.tv/works/list/date/2014-02-13": {
      "href": [
        "https://muku.tv/works/detail/MUKD282",
        "https://muku.tv/works/detail/MUKD283",
        "https://muku.tv/works/detail/MUKD284",
        "https://muku.tv/works/detail/MUKD285",
        "https://muku.tv/works/detail/MUCD102",
        "https://muku.tv/works/detail/MUCD103"
      ],
      "count": 6
    }
  },
  {
    "https://muku.tv/works/list/date/2014-03-13": {
      "href": [
        "https://muku.tv/works/detail/MUKD288",
        "https://muku.tv/works/detail/MUKD286",
        "https://muku.tv/works/detail/MUCD104",
        "https://muku.tv/works/detail/MUCD105"
      ],
      "count": 4
    }
  },
  {
    "https://muku.tv/works/list/date/2014-04-13": {
      "href": [
        "https://muku.tv/works/detail/MUKD290",
        "https://muku.tv/works/detail/MUKD291",
        "https://muku.tv/works/detail/MUKD292",
        "https://muku.tv/works/detail/MUKD293",
        "https://muku.tv/works/detail/MUCD106",
        "https://muku.tv/works/detail/MUCD107",
        "https://muku.tv/works/detail/MUCD108"
      ],
      "count": 7
    }
  },
  {
    "https://muku.tv/works/list/date/2014-05-13": {
      "href": [
        "https://muku.tv/works/detail/MUKD296",
        "https://muku.tv/works/detail/MUKD295",
        "https://muku.tv/works/detail/MUDR002",
        "https://muku.tv/works/detail/MUKD294",
        "https://muku.tv/works/detail/MUCD109",
        "https://muku.tv/works/detail/MUCD110"
      ],
      "count": 6
    }
  },
  {
    "https://muku.tv/works/list/date/2014-06-13": {
      "href": [
        "https://muku.tv/works/detail/MUKD300",
        "https://muku.tv/works/detail/MUKD299",
        "https://muku.tv/works/detail/MUKD298",
        "https://muku.tv/works/detail/MUKD297",
        "https://muku.tv/works/detail/MUCD111"
      ],
      "count": 5
    }
  },
  {
    "https://muku.tv/works/list/date/2014-07-01": {
      "href": [
        "https://muku.tv/works/detail/AVOP047"
      ],
      "count": 1
    }
  },
  {
    "https://muku.tv/works/list/date/2014-07-13": {
      "href": [
        "https://muku.tv/works/detail/MUKD304",
        "https://muku.tv/works/detail/MUKD302",
        "https://muku.tv/works/detail/MUKD301",
        "https://muku.tv/works/detail/MUCD114",
        "https://muku.tv/works/detail/MUCD113",
        "https://muku.tv/works/detail/MUCD115"
      ],
      "count": 6
    }
  },
  {
    "https://muku.tv/works/list/date/2014-08-13": {
      "href": [
        "https://muku.tv/works/detail/MUKD307",
        "https://muku.tv/works/detail/MUKD306",
        "https://muku.tv/works/detail/MUKD305",
        "https://muku.tv/works/detail/MUDR003",
        "https://muku.tv/works/detail/MUCD118",
        "https://muku.tv/works/detail/MUCD116",
        "https://muku.tv/works/detail/MUCD117"
      ],
      "count": 7
    }
  },
  {
    "https://muku.tv/works/list/date/2014-09-13": {
      "href": [
        "https://muku.tv/works/detail/MUKD308",
        "https://muku.tv/works/detail/MUKD309",
        "https://muku.tv/works/detail/MUKD310",
        "https://muku.tv/works/detail/MUCD119",
        "https://muku.tv/works/detail/MUCD120",
        "https://muku.tv/works/detail/MUCD121"
      ],
      "count": 6
    }
  },
  {
    "https://muku.tv/works/list/date/2014-10-13": {
      "href": [
        "https://muku.tv/works/detail/MUKD311",
        "https://muku.tv/works/detail/MUKD313",
        "https://muku.tv/works/detail/MUKD314",
        "https://muku.tv/works/detail/MUCD122",
        "https://muku.tv/works/detail/MUCD123",
        "https://muku.tv/works/detail/MUCD124"
      ],
      "count": 6
    }
  },
  {
    "https://muku.tv/works/list/date/2014-11-13": {
      "href": [
        "https://muku.tv/works/detail/MUKD316",
        "https://muku.tv/works/detail/MUKD317",
        "https://muku.tv/works/detail/MUCD125",
        "https://muku.tv/works/detail/MUCD126"
      ],
      "count": 4
    }
  },
  {
    "https://muku.tv/works/list/date/2014-12-13": {
      "href": [
        "https://muku.tv/works/detail/MUKD319",
        "https://muku.tv/works/detail/MUKD320",
        "https://muku.tv/works/detail/MUKD322",
        "https://muku.tv/works/detail/MUCD127",
        "https://muku.tv/works/detail/MUCD128",
        "https://muku.tv/works/detail/MUCD129"
      ],
      "count": 6
    }
  },
  {
    "https://muku.tv/works/list/date/2015-01-13": {
      "href": [
        "https://muku.tv/works/detail/MUDR004",
        "https://muku.tv/works/detail/MUKD323",
        "https://muku.tv/works/detail/MUKD324",
        "https://muku.tv/works/detail/MUKD325",
        "https://muku.tv/works/detail/MUKD326",
        "https://muku.tv/works/detail/MUCD130",
        "https://muku.tv/works/detail/MUCD131",
        "https://muku.tv/works/detail/MUCD132"
      ],
      "count": 8
    }
  },
  {
    "https://muku.tv/works/list/date/2015-02-13": {
      "href": [
        "https://muku.tv/works/detail/MUKD328",
        "https://muku.tv/works/detail/MUKD329",
        "https://muku.tv/works/detail/MUCD133",
        "https://muku.tv/works/detail/MUCD135"
      ],
      "count": 4
    }
  },
  {
    "https://muku.tv/works/list/date/2015-03-13": {
      "href": [
        "https://muku.tv/works/detail/MUKD330",
        "https://muku.tv/works/detail/MUKD332",
        "https://muku.tv/works/detail/MUKD333",
        "https://muku.tv/works/detail/MUKD331",
        "https://muku.tv/works/detail/MUCD136",
        "https://muku.tv/works/detail/MUCD137"
      ],
      "count": 6
    }
  },
  {
    "https://muku.tv/works/list/date/2015-04-13": {
      "href": [
        "https://muku.tv/works/detail/MUKD334",
        "https://muku.tv/works/detail/MUKC001",
        "https://muku.tv/works/detail/MUKD335",
        "https://muku.tv/works/detail/MUKD336",
        "https://muku.tv/works/detail/MUCD138",
        "https://muku.tv/works/detail/MUCD139"
      ],
      "count": 6
    }
  },
  {
    "https://muku.tv/works/list/date/2015-05-13": {
      "href": [
        "https://muku.tv/works/detail/MUKD337",
        "https://muku.tv/works/detail/MUKC002",
        "https://muku.tv/works/detail/MUKD338",
        "https://muku.tv/works/detail/MUKD339",
        "https://muku.tv/works/detail/MUCD140",
        "https://muku.tv/works/detail/MUCD141",
        "https://muku.tv/works/detail/MUCD142"
      ],
      "count": 7
    }
  },
  {
    "https://muku.tv/works/list/date/2015-06-13": {
      "href": [
        "https://muku.tv/works/detail/MUKD340",
        "https://muku.tv/works/detail/MUKC003",
        "https://muku.tv/works/detail/MUKD341",
        "https://muku.tv/works/detail/MUKD342",
        "https://muku.tv/works/detail/MUCD143",
        "https://muku.tv/works/detail/MUCD144",
        "https://muku.tv/works/detail/MUCD145"
      ],
      "count": 7
    }
  },
  {
    "https://muku.tv/works/list/date/2015-08-13": {
      "href": [
        "https://muku.tv/works/detail/MUDR005",
        "https://muku.tv/works/detail/MUKD346",
        "https://muku.tv/works/detail/MUKD347",
        "https://muku.tv/works/detail/MUKC005",
        "https://muku.tv/works/detail/MUCD148",
        "https://muku.tv/works/detail/MUCD149",
        "https://muku.tv/works/detail/MUCD150"
      ],
      "count": 7
    }
  },
  {
    "https://muku.tv/works/list/date/2015-09-01": {
      "href": [
        "https://muku.tv/works/detail/AVOP163"
      ],
      "count": 1
    }
  },
  {
    "https://muku.tv/works/list/date/2015-09-13": {
      "href": [
        "https://muku.tv/works/detail/MUKD348",
        "https://muku.tv/works/detail/MUKD349",
        "https://muku.tv/works/detail/MUKD350",
        "https://muku.tv/works/detail/MUKD351",
        "https://muku.tv/works/detail/MUCD151",
        "https://muku.tv/works/detail/MUCD152"
      ],
      "count": 6
    }
  },
  {
    "https://muku.tv/works/list/date/2015-10-13": {
      "href": [
        "https://muku.tv/works/detail/MUKD353",
        "https://muku.tv/works/detail/MUKD354",
        "https://muku.tv/works/detail/MUKD355",
        "https://muku.tv/works/detail/MUCD153",
        "https://muku.tv/works/detail/MUCD154",
        "https://muku.tv/works/detail/MUCD155"
      ],
      "count": 6
    }
  },
  {
    "https://muku.tv/works/list/date/2015-11-13": {
      "href": [
        "https://muku.tv/works/detail/MUDR006",
        "https://muku.tv/works/detail/MUKC006",
        "https://muku.tv/works/detail/MUKD356",
        "https://muku.tv/works/detail/MUKD357",
        "https://muku.tv/works/detail/MUCD156",
        "https://muku.tv/works/detail/MUCD158",
        "https://muku.tv/works/detail/MUCD157"
      ],
      "count": 7
    }
  },
  {
    "https://muku.tv/works/list/date/2015-12-13": {
      "href": [
        "https://muku.tv/works/detail/MUDR007",
        "https://muku.tv/works/detail/MUKD359",
        "https://muku.tv/works/detail/MUKC007",
        "https://muku.tv/works/detail/MUKD360",
        "https://muku.tv/works/detail/MUCD159",
        "https://muku.tv/works/detail/MUCD160"
      ],
      "count": 6
    }
  },
  {
    "https://muku.tv/works/list/date/2016-01-13": {
      "href": [
        "https://muku.tv/works/detail/MUKD361",
        "https://muku.tv/works/detail/MUKD362",
        "https://muku.tv/works/detail/MUKD363",
        "https://muku.tv/works/detail/MUCD163",
        "https://muku.tv/works/detail/MUCD162",
        "https://muku.tv/works/detail/MUCD161"
      ],
      "count": 6
    }
  },
  {
    "https://muku.tv/works/list/date/2016-02-13": {
      "href": [
        "https://muku.tv/works/detail/MUKD365",
        "https://muku.tv/works/detail/MUKD367",
        "https://muku.tv/works/detail/MUCD165"
      ],
      "count": 3
    }
  },
  {
    "https://muku.tv/works/list/date/2016-03-13": {
      "href": [
        "https://muku.tv/works/detail/MUKD370",
        "https://muku.tv/works/detail/MUKD369",
        "https://muku.tv/works/detail/MUKD368",
        "https://muku.tv/works/detail/MUKD372",
        "https://muku.tv/works/detail/MUCD166",
        "https://muku.tv/works/detail/MUCD167"
      ],
      "count": 6
    }
  },
  {
    "https://muku.tv/works/list/date/2016-04-13": {
      "href": [
        "https://muku.tv/works/detail/MUKD373",
        "https://muku.tv/works/detail/MUKD374",
        "https://muku.tv/works/detail/MUKD375",
        "https://muku.tv/works/detail/MUKD376",
        "https://muku.tv/works/detail/MUCD168",
        "https://muku.tv/works/detail/MUCD169",
        "https://muku.tv/works/detail/MUCD170"
      ],
      "count": 7
    }
  },
  {
    "https://muku.tv/works/list/date/2016-05-13": {
      "href": [
        "https://muku.tv/works/detail/MUDR009",
        "https://muku.tv/works/detail/MUKD378",
        "https://muku.tv/works/detail/MUKD377",
        "https://muku.tv/works/detail/MUKC008",
        "https://muku.tv/works/detail/MUCD171",
        "https://muku.tv/works/detail/MUCD172"
      ],
      "count": 6
    }
  },
  {
    "https://muku.tv/works/list/date/2016-06-13": {
      "href": [
        "https://muku.tv/works/detail/MUDR010",
        "https://muku.tv/works/detail/MUKD381",
        "https://muku.tv/works/detail/MUKD380",
        "https://muku.tv/works/detail/MUKD383",
        "https://muku.tv/works/detail/MUCD174",
        "https://muku.tv/works/detail/MUCD173",
        "https://muku.tv/works/detail/MUCD175"
      ],
      "count": 7
    }
  },
  {
    "https://muku.tv/works/list/date/2016-07-13": {
      "href": [
        "https://muku.tv/works/detail/MUKD384",
        "https://muku.tv/works/detail/MUKD385",
        "https://muku.tv/works/detail/MUKD386",
        "https://muku.tv/works/detail/MUKD387",
        "https://muku.tv/works/detail/MUCD176",
        "https://muku.tv/works/detail/MUCD177"
      ],
      "count": 6
    }
  },
  {
    "https://muku.tv/works/list/date/2016-08-13": {
      "href": [
        "https://muku.tv/works/detail/MUDR011",
        "https://muku.tv/works/detail/MUKD389",
        "https://muku.tv/works/detail/MUKC009",
        "https://muku.tv/works/detail/MUCD178",
        "https://muku.tv/works/detail/MUCD179"
      ],
      "count": 5
    }
  },
  {
    "https://muku.tv/works/list/date/2016-09-13": {
      "href": [
        "https://muku.tv/works/detail/MUKD391",
        "https://muku.tv/works/detail/MUKD392",
        "https://muku.tv/works/detail/MUKD393",
        "https://muku.tv/works/detail/MUKD394",
        "https://muku.tv/works/detail/MUCD180",
        "https://muku.tv/works/detail/MUCD181"
      ],
      "count": 6
    }
  },
  {
    "https://muku.tv/works/list/date/2016-09-01": {
      "href": [
        "https://muku.tv/works/detail/AVOP228"
      ],
      "count": 1
    }
  },
  {
    "https://muku.tv/works/list/date/2016-10-19": {
      "href": [
        "https://muku.tv/works/detail/MUDR012",
        "https://muku.tv/works/detail/MUKC010",
        "https://muku.tv/works/detail/MUKD395",
        "https://muku.tv/works/detail/MUKD396",
        "https://muku.tv/works/detail/MUCD182",
        "https://muku.tv/works/detail/MUCD183"
      ],
      "count": 6
    }
  },
  {
    "https://muku.tv/works/list/date/2016-11-19": {
      "href": [
        "https://muku.tv/works/detail/MUKD397",
        "https://muku.tv/works/detail/MUKC011",
        "https://muku.tv/works/detail/MUKD398",
        "https://muku.tv/works/detail/MUKD399"
      ],
      "count": 4
    }
  },
  {
    "https://muku.tv/works/list/date/2016-12-08": {
      "href": [
        "https://muku.tv/works/detail/MUKD400"
      ],
      "count": 1
    }
  },
  {
    "https://muku.tv/works/list/date/2016-12-19": {
      "href": [
        "https://muku.tv/works/detail/MUDR013",
        "https://muku.tv/works/detail/MUKD401",
        "https://muku.tv/works/detail/MUKD403",
        "https://muku.tv/works/detail/MUKC012",
        "https://muku.tv/works/detail/MUKD402"
      ],
      "count": 5
    }
  },
  {
    "https://muku.tv/works/list/date/2017-01-25": {
      "href": [
        "https://muku.tv/works/detail/MUDR014",
        "https://muku.tv/works/detail/MUKD405",
        "https://muku.tv/works/detail/MUKD406",
        "https://muku.tv/works/detail/MUKD407"
      ],
      "count": 4
    }
  },
  {
    "https://muku.tv/works/list/date/2017-04-01": {
      "href": [
        "https://muku.tv/works/detail/MUKD412",
        "https://muku.tv/works/detail/MUKD413",
        "https://muku.tv/works/detail/MUKD414"
      ],
      "count": 3
    }
  },
  {
    "https://muku.tv/works/list/date/2017-02-25": {
      "href": [
        "https://muku.tv/works/detail/MUDR015",
        "https://muku.tv/works/detail/MUKD408",
        "https://muku.tv/works/detail/MUKD409",
        "https://muku.tv/works/detail/MUKD410",
        "https://muku.tv/works/detail/MUKD411"
      ],
      "count": 5
    }
  },
  {
    "https://muku.tv/works/list/date/2017-05-01": {
      "href": [
        "https://muku.tv/works/detail/MUKD415",
        "https://muku.tv/works/detail/MUKC013",
        "https://muku.tv/works/detail/MUKD416",
        "https://muku.tv/works/detail/MUKD417"
      ],
      "count": 4
    }
  },
  {
    "https://muku.tv/works/list/date/2017-06-01": {
      "href": [
        "https://muku.tv/works/detail/MUDR017",
        "https://muku.tv/works/detail/MUKD418",
        "https://muku.tv/works/detail/MUKD419",
        "https://muku.tv/works/detail/MUKD420"
      ],
      "count": 4
    }
  },
  {
    "https://muku.tv/works/list/date/2017-06-19": {
      "href": [
        "https://muku.tv/works/detail/MUKD421",
        "https://muku.tv/works/detail/MUKD423"
      ],
      "count": 2
    }
  },
  {
    "https://muku.tv/works/list/date/2017-07-13": {
      "href": [
        "https://muku.tv/works/detail/MUCD184"
      ],
      "count": 1
    }
  },
  {
    "https://muku.tv/works/list/date/2017-08-01": {
      "href": [
        "https://muku.tv/works/detail/MUKD425",
        "https://muku.tv/works/detail/MUKD426"
      ],
      "count": 2
    }
  },
  {
    "https://muku.tv/works/list/date/2017-07-25": {
      "href": [
        "https://muku.tv/works/detail/MUDR019",
        "https://muku.tv/works/detail/MUKD424",
        "https://muku.tv/works/detail/MUKD427"
      ],
      "count": 3
    }
  },
  {
    "https://muku.tv/works/list/date/2017-09-01": {
      "href": [
        "https://muku.tv/works/detail/AVOP381"
      ],
      "count": 1
    }
  },
  {
    "https://muku.tv/works/list/date/2017-09-13": {
      "href": [
        "https://muku.tv/works/detail/MUDR020",
        "https://muku.tv/works/detail/MUKD428",
        "https://muku.tv/works/detail/MUKD429",
        "https://muku.tv/works/detail/MUKD430",
        "https://muku.tv/works/detail/MUKD431"
      ],
      "count": 5
    }
  },
  {
    "https://muku.tv/works/list/date/2017-10-07": {
      "href": [
        "https://muku.tv/works/detail/MUDR021",
        "https://muku.tv/works/detail/MUKD432",
        "https://muku.tv/works/detail/MUDR022",
        "https://muku.tv/works/detail/MUKD433"
      ],
      "count": 4
    }
  },
  {
    "https://muku.tv/works/list/date/2017-10-25": {
      "href": [
        "https://muku.tv/works/detail/MUKD434",
        "https://muku.tv/works/detail/MUKD435",
        "https://muku.tv/works/detail/MUDR023",
        "https://muku.tv/works/detail/MUKC014"
      ],
      "count": 4
    }
  },
  {
    "https://muku.tv/works/list/date/2017-12-01": {
      "href": [
        "https://muku.tv/works/detail/MUDR025",
        "https://muku.tv/works/detail/MUKD436",
        "https://muku.tv/works/detail/MUKD437"
      ],
      "count": 3
    }
  },
  {
    "https://muku.tv/works/list/date/2017-12-13": {
      "href": [
        "https://muku.tv/works/detail/MUCD191",
        "https://muku.tv/works/detail/MUCD185"
      ],
      "count": 2
    }
  },
  {
    "https://muku.tv/works/list/date/2017-12-25": {
      "href": [
        "https://muku.tv/works/detail/MUKD440",
        "https://muku.tv/works/detail/MUKD439",
        "https://muku.tv/works/detail/MUKD438",
        "https://muku.tv/works/detail/MUDR027"
      ],
      "count": 4
    }
  },
  {
    "https://muku.tv/works/list/date/2015-07-13": {
      "href": [
        "https://muku.tv/works/detail/MUKD343",
        "https://muku.tv/works/detail/MUKD344",
        "https://muku.tv/works/detail/MUKD345",
        "https://muku.tv/works/detail/MUKC004",
        "https://muku.tv/works/detail/MUCD146",
        "https://muku.tv/works/detail/MUCD147"
      ],
      "count": 6
    }
  }
]