[
  {
    "https://mvg.jp/works/list/date/2010-01-19": {
      "href": [
        "https://mvg.jp/works/detail/MVMD040",
        "https://mvg.jp/works/detail/MVSD110",
        "https://mvg.jp/works/detail/MVSD111",
        "https://mvg.jp/works/detail/MVSD112"
      ],
      "count": 4
    }
  },
  {
    "https://mvg.jp/works/list/date/2010-02-19": {
      "href": [
        "https://mvg.jp/works/detail/MVSD113",
        "https://mvg.jp/works/detail/MVSD114",
        "https://mvg.jp/works/detail/MVBD041"
      ],
      "count": 3
    }
  },
  {
    "https://mvg.jp/works/list/date/2010-03-19": {
      "href": [
        "https://mvg.jp/works/detail/MVSD116",
        "https://mvg.jp/works/detail/MVSD118"
      ],
      "count": 2
    }
  },
  {
    "https://mvg.jp/works/list/date/2010-04-19": {
      "href": [
        "https://mvg.jp/works/detail/MVSD119",
        "https://mvg.jp/works/detail/MVSD120",
        "https://mvg.jp/works/detail/MVSD121",
        "https://mvg.jp/works/detail/MVBD042"
      ],
      "count": 4
    }
  },
  {
    "https://mvg.jp/works/list/date/2010-05-19": {
      "href": [
        "https://mvg.jp/works/detail/MVSD123",
        "https://mvg.jp/works/detail/MVSD124"
      ],
      "count": 2
    }
  },
  {
    "https://mvg.jp/works/list/date/2010-06-19": {
      "href": [
        "https://mvg.jp/works/detail/MVSD125",
        "https://mvg.jp/works/detail/MVBD043"
      ],
      "count": 2
    }
  },
  {
    "https://mvg.jp/works/list/date/2010-07-19": {
      "href": [
        "https://mvg.jp/works/detail/MVSD127",
        "https://mvg.jp/works/detail/MVSD128"
      ],
      "count": 2
    }
  },
  {
    "https://mvg.jp/works/list/date/2010-08-19": {
      "href": [
        "https://mvg.jp/works/detail/MVSD129",
        "https://mvg.jp/works/detail/MVSD130",
        "https://mvg.jp/works/detail/MVSD131",
        "https://mvg.jp/works/detail/MVBD044"
      ],
      "count": 4
    }
  },
  {
    "https://mvg.jp/works/list/date/2010-09-19": {
      "href": [
        "https://mvg.jp/works/detail/MVSD132",
        "https://mvg.jp/works/detail/MVSD133",
        "https://mvg.jp/works/detail/MVSD134"
      ],
      "count": 3
    }
  },
  {
    "https://mvg.jp/works/list/date/2010-10-19": {
      "href": [
        "https://mvg.jp/works/detail/MVSD135",
        "https://mvg.jp/works/detail/MVSD136",
        "https://mvg.jp/works/detail/MVBD045"
      ],
      "count": 3
    }
  },
  {
    "https://mvg.jp/works/list/date/2010-11-19": {
      "href": [
        "https://mvg.jp/works/detail/MVSD137",
        "https://mvg.jp/works/detail/MVSD138"
      ],
      "count": 2
    }
  },
  {
    "https://mvg.jp/works/list/date/2010-12-19": {
      "href": [
        "https://mvg.jp/works/detail/MVSD139",
        "https://mvg.jp/works/detail/MVSD140",
        "https://mvg.jp/works/detail/MVBD046"
      ],
      "count": 3
    }
  },
  {
    "https://mvg.jp/works/list/date/2011-01-19": {
      "href": [
        "https://mvg.jp/works/detail/MVSD142",
        "https://mvg.jp/works/detail/MVSD143",
        "https://mvg.jp/works/detail/MVBD047"
      ],
      "count": 3
    }
  },
  {
    "https://mvg.jp/works/list/date/2011-02-19": {
      "href": [
        "https://mvg.jp/works/detail/MVFD036",
        "https://mvg.jp/works/detail/MVSD145",
        "https://mvg.jp/works/detail/MVSD144",
        "https://mvg.jp/works/detail/MVBD048"
      ],
      "count": 4
    }
  },
  {
    "https://mvg.jp/works/list/date/2011-03-19": {
      "href": [
        "https://mvg.jp/works/detail/MVSD147",
        "https://mvg.jp/works/detail/MVSD146"
      ],
      "count": 2
    }
  },
  {
    "https://mvg.jp/works/list/date/2011-04-19": {
      "href": [
        "https://mvg.jp/works/detail/MVSD148",
        "https://mvg.jp/works/detail/MVBD049"
      ],
      "count": 2
    }
  },
  {
    "https://mvg.jp/works/list/date/2011-05-19": {
      "href": [
        "https://mvg.jp/works/detail/MVSD149",
        "https://mvg.jp/works/detail/MVSD150"
      ],
      "count": 2
    }
  },
  {
    "https://mvg.jp/works/list/date/2011-06-19": {
      "href": [
        "https://mvg.jp/works/detail/MVSD151",
        "https://mvg.jp/works/detail/MVSD152",
        "https://mvg.jp/works/detail/MVBD050"
      ],
      "count": 3
    }
  },
  {
    "https://mvg.jp/works/list/date/2011-08-19": {
      "href": [
        "https://mvg.jp/works/detail/MVSD154",
        "https://mvg.jp/works/detail/MVSD155",
        "https://mvg.jp/works/detail/MVBD051"
      ],
      "count": 3
    }
  },
  {
    "https://mvg.jp/works/list/date/2011-09-19": {
      "href": [
        "https://mvg.jp/works/detail/MVSD156",
        "https://mvg.jp/works/detail/MVSD157",
        "https://mvg.jp/works/detail/MVBD052"
      ],
      "count": 3
    }
  },
  {
    "https://mvg.jp/works/list/date/2011-10-19": {
      "href": [
        "https://mvg.jp/works/detail/MVSD158",
        "https://mvg.jp/works/detail/MVSD159",
        "https://mvg.jp/works/detail/MVBD053"
      ],
      "count": 3
    }
  },
  {
    "https://mvg.jp/works/list/date/2011-11-19": {
      "href": [
        "https://mvg.jp/works/detail/MVSD160",
        "https://mvg.jp/works/detail/MVSD161",
        "https://mvg.jp/works/detail/MVBD054"
      ],
      "count": 3
    }
  },
  {
    "https://mvg.jp/works/list/date/2011-12-19": {
      "href": [
        "https://mvg.jp/works/detail/MVSD162",
        "https://mvg.jp/works/detail/MVSD163",
        "https://mvg.jp/works/detail/MVBD055"
      ],
      "count": 3
    }
  },
  {
    "https://mvg.jp/works/list/date/2012-01-19": {
      "href": [
        "https://mvg.jp/works/detail/MVBD056"
      ],
      "count": 1
    }
  },
  {
    "https://mvg.jp/works/list/date/2012-02-19": {
      "href": [
        "https://mvg.jp/works/detail/MVSD165",
        "https://mvg.jp/works/detail/MVBD057"
      ],
      "count": 2
    }
  },
  {
    "https://mvg.jp/works/list/date/2012-03-19": {
      "href": [
        "https://mvg.jp/works/detail/MVSD166",
        "https://mvg.jp/works/detail/MVSD167",
        "https://mvg.jp/works/detail/MVBD058"
      ],
      "count": 3
    }
  },
  {
    "https://mvg.jp/works/list/date/2012-04-19": {
      "href": [
        "https://mvg.jp/works/detail/MVSD168",
        "https://mvg.jp/works/detail/MVSD169"
      ],
      "count": 2
    }
  },
  {
    "https://mvg.jp/works/list/date/2012-05-19": {
      "href": [
        "https://mvg.jp/works/detail/MVSD170",
        "https://mvg.jp/works/detail/MVSD171",
        "https://mvg.jp/works/detail/MVBD060"
      ],
      "count": 3
    }
  },
  {
    "https://mvg.jp/works/list/date/2012-06-19": {
      "href": [
        "https://mvg.jp/works/detail/MVSD172",
        "https://mvg.jp/works/detail/MVSD173",
        "https://mvg.jp/works/detail/MVBD061"
      ],
      "count": 3
    }
  },
  {
    "https://mvg.jp/works/list/date/2012-07-19": {
      "href": [
        "https://mvg.jp/works/detail/MVSD175",
        "https://mvg.jp/works/detail/MVSD176",
        "https://mvg.jp/works/detail/MVBD062"
      ],
      "count": 3
    }
  },
  {
    "https://mvg.jp/works/list/date/2012-09-19": {
      "href": [
        "https://mvg.jp/works/detail/MVSD180",
        "https://mvg.jp/works/detail/MVBD064",
        "https://mvg.jp/works/detail/MVBD065"
      ],
      "count": 3
    }
  },
  {
    "https://mvg.jp/works/list/date/2012-08-19": {
      "href": [
        "https://mvg.jp/works/detail/MVSD177",
        "https://mvg.jp/works/detail/MVSD178",
        "https://mvg.jp/works/detail/MVSD179",
        "https://mvg.jp/works/detail/MVBD063"
      ],
      "count": 4
    }
  },
  {
    "https://mvg.jp/works/list/date/2012-10-19": {
      "href": [
        "https://mvg.jp/works/detail/MVSD182",
        "https://mvg.jp/works/detail/MVSD183",
        "https://mvg.jp/works/detail/MVBD066",
        "https://mvg.jp/works/detail/MVBD067"
      ],
      "count": 4
    }
  },
  {
    "https://mvg.jp/works/list/date/2012-11-19": {
      "href": [
        "https://mvg.jp/works/detail/MVSD184",
        "https://mvg.jp/works/detail/MVSD185",
        "https://mvg.jp/works/detail/MVBD068",
        "https://mvg.jp/works/detail/MVBD069"
      ],
      "count": 4
    }
  },
  {
    "https://mvg.jp/works/list/date/2012-12-19": {
      "href": [
        "https://mvg.jp/works/detail/MVSD186",
        "https://mvg.jp/works/detail/MVSD187",
        "https://mvg.jp/works/detail/MVSD188",
        "https://mvg.jp/works/detail/MVBD070",
        "https://mvg.jp/works/detail/MVBD071"
      ],
      "count": 5
    }
  },
  {
    "https://mvg.jp/works/list/date/2013-01-19": {
      "href": [
        "https://mvg.jp/works/detail/MVSD189",
        "https://mvg.jp/works/detail/MVSD190",
        "https://mvg.jp/works/detail/MVSD191",
        "https://mvg.jp/works/detail/MVBD072",
        "https://mvg.jp/works/detail/MVBD073"
      ],
      "count": 5
    }
  },
  {
    "https://mvg.jp/works/list/date/2013-02-19": {
      "href": [
        "https://mvg.jp/works/detail/MVSD192",
        "https://mvg.jp/works/detail/MVSD193",
        "https://mvg.jp/works/detail/MVBD075",
        "https://mvg.jp/works/detail/MVBD074"
      ],
      "count": 4
    }
  },
  {
    "https://mvg.jp/works/list/date/2013-03-19": {
      "href": [
        "https://mvg.jp/works/detail/MVSD194",
        "https://mvg.jp/works/detail/MVSD195",
        "https://mvg.jp/works/detail/MVSD196",
        "https://mvg.jp/works/detail/MVBD076",
        "https://mvg.jp/works/detail/MVBD077"
      ],
      "count": 5
    }
  },
  {
    "https://mvg.jp/works/list/date/2013-04-19": {
      "href": [
        "https://mvg.jp/works/detail/MVSD197",
        "https://mvg.jp/works/detail/MVBD078",
        "https://mvg.jp/works/detail/MVBD079"
      ],
      "count": 3
    }
  },
  {
    "https://mvg.jp/works/list/date/2013-05-19": {
      "href": [
        "https://mvg.jp/works/detail/MVSD198",
        "https://mvg.jp/works/detail/MVSD199",
        "https://mvg.jp/works/detail/MVBD080",
        "https://mvg.jp/works/detail/MVBD081"
      ],
      "count": 4
    }
  },
  {
    "https://mvg.jp/works/list/date/2013-06-19": {
      "href": [
        "https://mvg.jp/works/detail/MVSD200",
        "https://mvg.jp/works/detail/MVSD201",
        "https://mvg.jp/works/detail/MVBD083"
      ],
      "count": 3
    }
  },
  {
    "https://mvg.jp/works/list/date/2013-07-19": {
      "href": [
        "https://mvg.jp/works/detail/MVSD202",
        "https://mvg.jp/works/detail/MVSD203",
        "https://mvg.jp/works/detail/MVBD084",
        "https://mvg.jp/works/detail/MVBD085"
      ],
      "count": 4
    }
  },
  {
    "https://mvg.jp/works/list/date/2013-08-19": {
      "href": [
        "https://mvg.jp/works/detail/MVSD204",
        "https://mvg.jp/works/detail/MVSD205",
        "https://mvg.jp/works/detail/MVBD086",
        "https://mvg.jp/works/detail/MVBD087"
      ],
      "count": 4
    }
  },
  {
    "https://mvg.jp/works/list/date/2013-09-19": {
      "href": [
        "https://mvg.jp/works/detail/MVSD206",
        "https://mvg.jp/works/detail/MVBD088",
        "https://mvg.jp/works/detail/MVBD089"
      ],
      "count": 3
    }
  },
  {
    "https://mvg.jp/works/list/date/2013-10-19": {
      "href": [
        "https://mvg.jp/works/detail/MVSD207",
        "https://mvg.jp/works/detail/MVSD208",
        "https://mvg.jp/works/detail/MVBD090",
        "https://mvg.jp/works/detail/MVBD091"
      ],
      "count": 4
    }
  },
  {
    "https://mvg.jp/works/list/date/2013-11-19": {
      "href": [
        "https://mvg.jp/works/detail/MVSD209",
        "https://mvg.jp/works/detail/MVSD210",
        "https://mvg.jp/works/detail/MVSD211",
        "https://mvg.jp/works/detail/MVBD093"
      ],
      "count": 4
    }
  },
  {
    "https://mvg.jp/works/list/date/2013-12-19": {
      "href": [
        "https://mvg.jp/works/detail/MVSD212",
        "https://mvg.jp/works/detail/MVSD213",
        "https://mvg.jp/works/detail/MVBD094",
        "https://mvg.jp/works/detail/MVBD095"
      ],
      "count": 4
    }
  },
  {
    "https://mvg.jp/works/list/date/2014-01-19": {
      "href": [
        "https://mvg.jp/works/detail/MVSD214",
        "https://mvg.jp/works/detail/MVSD215",
        "https://mvg.jp/works/detail/MVBD096",
        "https://mvg.jp/works/detail/MVBD097"
      ],
      "count": 4
    }
  },
  {
    "https://mvg.jp/works/list/date/2014-02-19": {
      "href": [
        "https://mvg.jp/works/detail/MVSD216",
        "https://mvg.jp/works/detail/MVSD217",
        "https://mvg.jp/works/detail/MVBD098",
        "https://mvg.jp/works/detail/MVBD099"
      ],
      "count": 4
    }
  },
  {
    "https://mvg.jp/works/list/date/2014-03-19": {
      "href": [
        "https://mvg.jp/works/detail/MVSD218",
        "https://mvg.jp/works/detail/MVBD101"
      ],
      "count": 2
    }
  },
  {
    "https://mvg.jp/works/list/date/2014-04-19": {
      "href": [
        "https://mvg.jp/works/detail/MVSD220",
        "https://mvg.jp/works/detail/MVSD221",
        "https://mvg.jp/works/detail/MVBD103"
      ],
      "count": 3
    }
  },
  {
    "https://mvg.jp/works/list/date/2014-05-19": {
      "href": [
        "https://mvg.jp/works/detail/MVSD222",
        "https://mvg.jp/works/detail/MVSD223",
        "https://mvg.jp/works/detail/MVBD104",
        "https://mvg.jp/works/detail/MVBD105"
      ],
      "count": 4
    }
  },
  {
    "https://mvg.jp/works/list/date/2014-06-19": {
      "href": [
        "https://mvg.jp/works/detail/MVSD226",
        "https://mvg.jp/works/detail/MVBD106",
        "https://mvg.jp/works/detail/MVBD107"
      ],
      "count": 3
    }
  },
  {
    "https://mvg.jp/works/list/date/2014-07-19": {
      "href": [
        "https://mvg.jp/works/detail/MVSD227",
        "https://mvg.jp/works/detail/MVSD228",
        "https://mvg.jp/works/detail/MVSD229",
        "https://mvg.jp/works/detail/MVBD108",
        "https://mvg.jp/works/detail/MVBD109"
      ],
      "count": 5
    }
  },
  {
    "https://mvg.jp/works/list/date/2014-08-19": {
      "href": [
        "https://mvg.jp/works/detail/MVSD230",
        "https://mvg.jp/works/detail/MVSD231",
        "https://mvg.jp/works/detail/MVSD232",
        "https://mvg.jp/works/detail/MVBD110",
        "https://mvg.jp/works/detail/MVBD111"
      ],
      "count": 5
    }
  },
  {
    "https://mvg.jp/works/list/date/2014-09-19": {
      "href": [
        "https://mvg.jp/works/detail/MVSD233",
        "https://mvg.jp/works/detail/MVSD234",
        "https://mvg.jp/works/detail/MVSD235",
        "https://mvg.jp/works/detail/MVBD112",
        "https://mvg.jp/works/detail/MVBD113"
      ],
      "count": 5
    }
  },
  {
    "https://mvg.jp/works/list/date/2014-10-19": {
      "href": [
        "https://mvg.jp/works/detail/MVSD236",
        "https://mvg.jp/works/detail/MVSD237",
        "https://mvg.jp/works/detail/MVSD238",
        "https://mvg.jp/works/detail/MVBD115"
      ],
      "count": 4
    }
  },
  {
    "https://mvg.jp/works/list/date/2014-12-19": {
      "href": [
        "https://mvg.jp/works/detail/MVSD242",
        "https://mvg.jp/works/detail/MVSD243",
        "https://mvg.jp/works/detail/MVSD244",
        "https://mvg.jp/works/detail/MVBD118",
        "https://mvg.jp/works/detail/MVBD119"
      ],
      "count": 5
    }
  },
  {
    "https://mvg.jp/works/list/date/2014-11-19": {
      "href": [
        "https://mvg.jp/works/detail/MVSD239",
        "https://mvg.jp/works/detail/MVBD116",
        "https://mvg.jp/works/detail/MVBD117"
      ],
      "count": 3
    }
  },
  {
    "https://mvg.jp/works/list/date/2015-01-19": {
      "href": [
        "https://mvg.jp/works/detail/MVSD246",
        "https://mvg.jp/works/detail/MVSD247",
        "https://mvg.jp/works/detail/MVBD120",
        "https://mvg.jp/works/detail/MVBD121"
      ],
      "count": 4
    }
  },
  {
    "https://mvg.jp/works/list/date/2015-02-19": {
      "href": [
        "https://mvg.jp/works/detail/MVSD248",
        "https://mvg.jp/works/detail/MVSD249",
        "https://mvg.jp/works/detail/MVBD122",
        "https://mvg.jp/works/detail/MVBD123"
      ],
      "count": 4
    }
  },
  {
    "https://mvg.jp/works/list/date/2015-03-19": {
      "href": [
        "https://mvg.jp/works/detail/MVSD250",
        "https://mvg.jp/works/detail/MVSD251",
        "https://mvg.jp/works/detail/MVSD252",
        "https://mvg.jp/works/detail/MVBD124",
        "https://mvg.jp/works/detail/MVBD125"
      ],
      "count": 5
    }
  },
  {
    "https://mvg.jp/works/list/date/2015-04-19": {
      "href": [
        "https://mvg.jp/works/detail/MVSD254",
        "https://mvg.jp/works/detail/MVSD255",
        "https://mvg.jp/works/detail/MVBD126",
        "https://mvg.jp/works/detail/MVBD127"
      ],
      "count": 4
    }
  },
  {
    "https://mvg.jp/works/list/date/2015-05-19": {
      "href": [
        "https://mvg.jp/works/detail/MVSD256",
        "https://mvg.jp/works/detail/MVSD257",
        "https://mvg.jp/works/detail/MVBD128",
        "https://mvg.jp/works/detail/MVBD129"
      ],
      "count": 4
    }
  },
  {
    "https://mvg.jp/works/list/date/2015-06-19": {
      "href": [
        "https://mvg.jp/works/detail/MVSD260",
        "https://mvg.jp/works/detail/MVSD261",
        "https://mvg.jp/works/detail/MVSD262",
        "https://mvg.jp/works/detail/MVBD130",
        "https://mvg.jp/works/detail/MVBD131"
      ],
      "count": 5
    }
  },
  {
    "https://mvg.jp/works/list/date/2015-07-19": {
      "href": [
        "https://mvg.jp/works/detail/MVSD265",
        "https://mvg.jp/works/detail/MVSD266",
        "https://mvg.jp/works/detail/MVSD263",
        "https://mvg.jp/works/detail/MVSD264",
        "https://mvg.jp/works/detail/MVBD132",
        "https://mvg.jp/works/detail/MVBD133"
      ],
      "count": 6
    }
  },
  {
    "https://mvg.jp/works/list/date/2015-08-19": {
      "href": [
        "https://mvg.jp/works/detail/MVSD268",
        "https://mvg.jp/works/detail/MVSD269",
        "https://mvg.jp/works/detail/MVBD134",
        "https://mvg.jp/works/detail/MVBD135"
      ],
      "count": 4
    }
  },
  {
    "https://mvg.jp/works/list/date/2015-09-01": {
      "href": [
        "https://mvg.jp/works/detail/AVOP166"
      ],
      "count": 1
    }
  },
  {
    "https://mvg.jp/works/list/date/2015-09-19": {
      "href": [
        "https://mvg.jp/works/detail/MVSD270",
        "https://mvg.jp/works/detail/MVSD272",
        "https://mvg.jp/works/detail/MVSD271",
        "https://mvg.jp/works/detail/MVSD273",
        "https://mvg.jp/works/detail/MVBD138",
        "https://mvg.jp/works/detail/MVBD137"
      ],
      "count": 6
    }
  },
  {
    "https://mvg.jp/works/list/date/2015-10-19": {
      "href": [
        "https://mvg.jp/works/detail/MVSD275",
        "https://mvg.jp/works/detail/MVSD274",
        "https://mvg.jp/works/detail/MVBD139",
        "https://mvg.jp/works/detail/MVBD140"
      ],
      "count": 4
    }
  },
  {
    "https://mvg.jp/works/list/date/2015-11-19": {
      "href": [
        "https://mvg.jp/works/detail/MVSD277",
        "https://mvg.jp/works/detail/MVSD278",
        "https://mvg.jp/works/detail/MVSD276",
        "https://mvg.jp/works/detail/MVBD141",
        "https://mvg.jp/works/detail/MVBD142"
      ],
      "count": 5
    }
  },
  {
    "https://mvg.jp/works/list/date/2015-12-19": {
      "href": [
        "https://mvg.jp/works/detail/MVSD279",
        "https://mvg.jp/works/detail/MVSD281",
        "https://mvg.jp/works/detail/MVSD280",
        "https://mvg.jp/works/detail/MVSD282",
        "https://mvg.jp/works/detail/MVBD143",
        "https://mvg.jp/works/detail/MVBD144"
      ],
      "count": 6
    }
  },
  {
    "https://mvg.jp/works/list/date/2016-01-19": {
      "href": [
        "https://mvg.jp/works/detail/MVSD283",
        "https://mvg.jp/works/detail/MVBD145",
        "https://mvg.jp/works/detail/MVBD146"
      ],
      "count": 3
    }
  },
  {
    "https://mvg.jp/works/list/date/2016-02-19": {
      "href": [
        "https://mvg.jp/works/detail/MVMD041",
        "https://mvg.jp/works/detail/MVSD287",
        "https://mvg.jp/works/detail/MVSD286",
        "https://mvg.jp/works/detail/MVBD147",
        "https://mvg.jp/works/detail/MVBD148"
      ],
      "count": 5
    }
  },
  {
    "https://mvg.jp/works/list/date/2016-03-19": {
      "href": [
        "https://mvg.jp/works/detail/MVSD288",
        "https://mvg.jp/works/detail/MVSD290",
        "https://mvg.jp/works/detail/MVBD149",
        "https://mvg.jp/works/detail/MVBD150"
      ],
      "count": 4
    }
  },
  {
    "https://mvg.jp/works/list/date/2016-04-19": {
      "href": [
        "https://mvg.jp/works/detail/MVSD293",
        "https://mvg.jp/works/detail/MVSD291",
        "https://mvg.jp/works/detail/MVSD292",
        "https://mvg.jp/works/detail/MVSD289",
        "https://mvg.jp/works/detail/MVBD151",
        "https://mvg.jp/works/detail/MVBD152"
      ],
      "count": 6
    }
  },
  {
    "https://mvg.jp/works/list/date/2016-05-19": {
      "href": [
        "https://mvg.jp/works/detail/MVSD294",
        "https://mvg.jp/works/detail/MVSD295",
        "https://mvg.jp/works/detail/MVBD154"
      ],
      "count": 3
    }
  },
  {
    "https://mvg.jp/works/list/date/2016-06-19": {
      "href": [
        "https://mvg.jp/works/detail/MVSD296",
        "https://mvg.jp/works/detail/MVSD298",
        "https://mvg.jp/works/detail/MVSD297",
        "https://mvg.jp/works/detail/MVBD155"
      ],
      "count": 4
    }
  },
  {
    "https://mvg.jp/works/list/date/2016-08-19": {
      "href": [
        "https://mvg.jp/works/detail/MVSD301",
        "https://mvg.jp/works/detail/MVSD302",
        "https://mvg.jp/works/detail/MVSD303",
        "https://mvg.jp/works/detail/MVBD157"
      ],
      "count": 4
    }
  },
  {
    "https://mvg.jp/works/list/date/2016-07-19": {
      "href": [
        "https://mvg.jp/works/detail/MVSD299",
        "https://mvg.jp/works/detail/MVSD300",
        "https://mvg.jp/works/detail/MVBD156"
      ],
      "count": 3
    }
  },
  {
    "https://mvg.jp/works/list/date/2016-09-01": {
      "href": [
        "https://mvg.jp/works/detail/AVOP245"
      ],
      "count": 1
    }
  },
  {
    "https://mvg.jp/works/list/date/2016-09-19": {
      "href": [
        "https://mvg.jp/works/detail/MVSD304",
        "https://mvg.jp/works/detail/MVSD305",
        "https://mvg.jp/works/detail/MVBD158"
      ],
      "count": 3
    }
  },
  {
    "https://mvg.jp/works/list/date/2016-10-25": {
      "href": [
        "https://mvg.jp/works/detail/MVSD306",
        "https://mvg.jp/works/detail/MVSD307",
        "https://mvg.jp/works/detail/MVBD160",
        "https://mvg.jp/works/detail/MVBD159"
      ],
      "count": 4
    }
  },
  {
    "https://mvg.jp/works/list/date/2016-11-19": {
      "href": [
        "https://mvg.jp/works/detail/MVSD308",
        "https://mvg.jp/works/detail/MVSD309",
        "https://mvg.jp/works/detail/MVSD310",
        "https://mvg.jp/works/detail/MVSD311"
      ],
      "count": 4
    }
  },
  {
    "https://mvg.jp/works/list/date/2016-12-25": {
      "href": [
        "https://mvg.jp/works/detail/MVSD313",
        "https://mvg.jp/works/detail/MVSD314",
        "https://mvg.jp/works/detail/MVSD315"
      ],
      "count": 3
    }
  },
  {
    "https://mvg.jp/works/list/date/2016-12-08": {
      "href": [
        "https://mvg.jp/works/detail/MVSD312"
      ],
      "count": 1
    }
  },
  {
    "https://mvg.jp/works/list/date/2017-02-01": {
      "href": [
        "https://mvg.jp/works/detail/MVSD316",
        "https://mvg.jp/works/detail/MVSD317",
        "https://mvg.jp/works/detail/MVSD319",
        "https://mvg.jp/works/detail/MVSD318"
      ],
      "count": 4
    }
  },
  {
    "https://mvg.jp/works/list/date/2017-03-01": {
      "href": [
        "https://mvg.jp/works/detail/MVSD320",
        "https://mvg.jp/works/detail/MVSD321"
      ],
      "count": 2
    }
  },
  {
    "https://mvg.jp/works/list/date/2017-04-01": {
      "href": [
        "https://mvg.jp/works/detail/MVSD322",
        "https://mvg.jp/works/detail/MVSD323"
      ],
      "count": 2
    }
  },
  {
    "https://mvg.jp/works/list/date/2017-05-01": {
      "href": [
        "https://mvg.jp/works/detail/MVSD324",
        "https://mvg.jp/works/detail/MVSD325"
      ],
      "count": 2
    }
  },
  {
    "https://mvg.jp/works/list/date/2017-06-01": {
      "href": [
        "https://mvg.jp/works/detail/MVSD326",
        "https://mvg.jp/works/detail/MVSD327",
        "https://mvg.jp/works/detail/MVBD161"
      ],
      "count": 3
    }
  },
  {
    "https://mvg.jp/works/list/date/2017-07-01": {
      "href": [
        "https://mvg.jp/works/detail/MVSD328",
        "https://mvg.jp/works/detail/MVSD329"
      ],
      "count": 2
    }
  },
  {
    "https://mvg.jp/works/list/date/2017-08-01": {
      "href": [
        "https://mvg.jp/works/detail/MVSD331"
      ],
      "count": 1
    }
  },
  {
    "https://mvg.jp/works/list/date/2017-09-13": {
      "href": [
        "https://mvg.jp/works/detail/MVSD332",
        "https://mvg.jp/works/detail/MVSD333"
      ],
      "count": 2
    }
  },
  {
    "https://mvg.jp/works/list/date/2017-10-07": {
      "href": [
        "https://mvg.jp/works/detail/MVSD335",
        "https://mvg.jp/works/detail/MVSD334"
      ],
      "count": 2
    }
  },
  {
    "https://mvg.jp/works/list/date/2017-09-01": {
      "href": [
        "https://mvg.jp/works/detail/AVOP316"
      ],
      "count": 1
    }
  },
  {
    "https://mvg.jp/works/list/date/2017-11-01": {
      "href": [
        "https://mvg.jp/works/detail/MVSD336",
        "https://mvg.jp/works/detail/MVSD337"
      ],
      "count": 2
    }
  },
  {
    "https://mvg.jp/works/list/date/2017-12-01": {
      "href": [
        "https://mvg.jp/works/detail/MVSD338"
      ],
      "count": 1
    }
  },
  {
    "https://mvg.jp/works/list/date/2018-01-01": {
      "href": [
        "https://mvg.jp/works/detail/MVSD339",
        "https://mvg.jp/works/detail/MVSD341",
        "https://mvg.jp/works/detail/MVSD340"
      ],
      "count": 3
    }
  }
]