[
  {
    "https://oppai-av.com/works/list/date/2010-01-19": {
      "href": [
        "https://oppai-av.com/works/detail/PPPD082",
        "https://oppai-av.com/works/detail/PPPD083",
        "https://oppai-av.com/works/detail/PPPD084",
        "https://oppai-av.com/works/detail/PPSD022",
        "https://oppai-av.com/works/detail/PPFD004",
        "https://oppai-av.com/works/detail/PPPD085",
        "https://oppai-av.com/works/detail/PPBD017",
        "https://oppai-av.com/works/detail/PPBD018"
      ],
      "count": 8
    }
  },
  {
    "https://oppai-av.com/works/list/date/2010-02-19": {
      "href": [
        "https://oppai-av.com/works/detail/PPPD088",
        "https://oppai-av.com/works/detail/PPSD023",
        "https://oppai-av.com/works/detail/PPPD086",
        "https://oppai-av.com/works/detail/PPUD005",
        "https://oppai-av.com/works/detail/PPFD005",
        "https://oppai-av.com/works/detail/PPBD020",
        "https://oppai-av.com/works/detail/PPBD019",
        "https://oppai-av.com/works/detail/PPPD087"
      ],
      "count": 8
    }
  },
  {
    "https://oppai-av.com/works/list/date/2010-03-19": {
      "href": [
        "https://oppai-av.com/works/detail/PPSD024",
        "https://oppai-av.com/works/detail/PPPD089",
        "https://oppai-av.com/works/detail/PPPD090",
        "https://oppai-av.com/works/detail/PPPD091",
        "https://oppai-av.com/works/detail/PPUD006",
        "https://oppai-av.com/works/detail/PPBD021"
      ],
      "count": 6
    }
  },
  {
    "https://oppai-av.com/works/list/date/2010-04-19": {
      "href": [
        "https://oppai-av.com/works/detail/PPPD092",
        "https://oppai-av.com/works/detail/PPPD093",
        "https://oppai-av.com/works/detail/PPSD025",
        "https://oppai-av.com/works/detail/PPFD006",
        "https://oppai-av.com/works/detail/PPBD023",
        "https://oppai-av.com/works/detail/PPBD022"
      ],
      "count": 6
    }
  },
  {
    "https://oppai-av.com/works/list/date/2010-05-19": {
      "href": [
        "https://oppai-av.com/works/detail/PPPD095",
        "https://oppai-av.com/works/detail/PPPD094",
        "https://oppai-av.com/works/detail/PPPD096",
        "https://oppai-av.com/works/detail/PPUD007",
        "https://oppai-av.com/works/detail/PPBD024"
      ],
      "count": 5
    }
  },
  {
    "https://oppai-av.com/works/list/date/2010-06-19": {
      "href": [
        "https://oppai-av.com/works/detail/PPPD097",
        "https://oppai-av.com/works/detail/PPPD098",
        "https://oppai-av.com/works/detail/PPPD099",
        "https://oppai-av.com/works/detail/PPSD026",
        "https://oppai-av.com/works/detail/PPBD025"
      ],
      "count": 5
    }
  },
  {
    "https://oppai-av.com/works/list/date/2010-07-19": {
      "href": [
        "https://oppai-av.com/works/detail/PPPD102",
        "https://oppai-av.com/works/detail/PPPD100",
        "https://oppai-av.com/works/detail/PPPD101",
        "https://oppai-av.com/works/detail/PPUD008",
        "https://oppai-av.com/works/detail/PPBD026"
      ],
      "count": 5
    }
  },
  {
    "https://oppai-av.com/works/list/date/2010-08-19": {
      "href": [
        "https://oppai-av.com/works/detail/PPPD104",
        "https://oppai-av.com/works/detail/PPMD014",
        "https://oppai-av.com/works/detail/PPPD105",
        "https://oppai-av.com/works/detail/PPPD106",
        "https://oppai-av.com/works/detail/PPFD007",
        "https://oppai-av.com/works/detail/PPBD027"
      ],
      "count": 6
    }
  },
  {
    "https://oppai-av.com/works/list/date/2010-09-19": {
      "href": [
        "https://oppai-av.com/works/detail/PPPD108",
        "https://oppai-av.com/works/detail/PPPD107",
        "https://oppai-av.com/works/detail/PPSD027",
        "https://oppai-av.com/works/detail/PPPD109",
        "https://oppai-av.com/works/detail/PPPD110",
        "https://oppai-av.com/works/detail/PPBD028",
        "https://oppai-av.com/works/detail/PPBD029"
      ],
      "count": 7
    }
  },
  {
    "https://oppai-av.com/works/list/date/2010-10-19": {
      "href": [
        "https://oppai-av.com/works/detail/PPPD111",
        "https://oppai-av.com/works/detail/PPPD112",
        "https://oppai-av.com/works/detail/PPPD114",
        "https://oppai-av.com/works/detail/PPMD016",
        "https://oppai-av.com/works/detail/PPPD113",
        "https://oppai-av.com/works/detail/PPFD008",
        "https://oppai-av.com/works/detail/PPBD030"
      ],
      "count": 7
    }
  },
  {
    "https://oppai-av.com/works/list/date/2010-11-19": {
      "href": [
        "https://oppai-av.com/works/detail/PPPD115",
        "https://oppai-av.com/works/detail/PPPD116",
        "https://oppai-av.com/works/detail/PPPD117",
        "https://oppai-av.com/works/detail/PPPD118",
        "https://oppai-av.com/works/detail/PPBD031"
      ],
      "count": 5
    }
  },
  {
    "https://oppai-av.com/works/list/date/2010-12-19": {
      "href": [
        "https://oppai-av.com/works/detail/PPPD120",
        "https://oppai-av.com/works/detail/PPPD121",
        "https://oppai-av.com/works/detail/PPPD119",
        "https://oppai-av.com/works/detail/PPPD122",
        "https://oppai-av.com/works/detail/PPBD032"
      ],
      "count": 5
    }
  },
  {
    "https://oppai-av.com/works/list/date/2011-01-19": {
      "href": [
        "https://oppai-av.com/works/detail/PPPD123",
        "https://oppai-av.com/works/detail/PPMD017",
        "https://oppai-av.com/works/detail/PPPD125",
        "https://oppai-av.com/works/detail/PPBD033",
        "https://oppai-av.com/works/detail/PPBD034"
      ],
      "count": 5
    }
  },
  {
    "https://oppai-av.com/works/list/date/2011-02-19": {
      "href": [
        "https://oppai-av.com/works/detail/PPPD126",
        "https://oppai-av.com/works/detail/PPPD127",
        "https://oppai-av.com/works/detail/PPPD128",
        "https://oppai-av.com/works/detail/PPFD009",
        "https://oppai-av.com/works/detail/PPBD035"
      ],
      "count": 5
    }
  },
  {
    "https://oppai-av.com/works/list/date/2011-03-19": {
      "href": [
        "https://oppai-av.com/works/detail/PPPD130",
        "https://oppai-av.com/works/detail/PPPD129",
        "https://oppai-av.com/works/detail/PPFD011",
        "https://oppai-av.com/works/detail/PPFD010",
        "https://oppai-av.com/works/detail/PPBD036"
      ],
      "count": 5
    }
  },
  {
    "https://oppai-av.com/works/list/date/2011-04-19": {
      "href": [
        "https://oppai-av.com/works/detail/PPPD131",
        "https://oppai-av.com/works/detail/PPPD132",
        "https://oppai-av.com/works/detail/PPPD133",
        "https://oppai-av.com/works/detail/PPPD134",
        "https://oppai-av.com/works/detail/PPPD135",
        "https://oppai-av.com/works/detail/PPBD037",
        "https://oppai-av.com/works/detail/PPBD038"
      ],
      "count": 7
    }
  },
  {
    "https://oppai-av.com/works/list/date/2011-05-19": {
      "href": [
        "https://oppai-av.com/works/detail/PPSD028",
        "https://oppai-av.com/works/detail/PPPD136",
        "https://oppai-av.com/works/detail/PPPD138",
        "https://oppai-av.com/works/detail/PPMD018",
        "https://oppai-av.com/works/detail/PPPD137",
        "https://oppai-av.com/works/detail/PPBD039"
      ],
      "count": 6
    }
  },
  {
    "https://oppai-av.com/works/list/date/2011-06-19": {
      "href": [
        "https://oppai-av.com/works/detail/PPPD140",
        "https://oppai-av.com/works/detail/PPPD139",
        "https://oppai-av.com/works/detail/PPPD141",
        "https://oppai-av.com/works/detail/PPPD142",
        "https://oppai-av.com/works/detail/PPPD143",
        "https://oppai-av.com/works/detail/PPPD144",
        "https://oppai-av.com/works/detail/PPBD040"
      ],
      "count": 7
    }
  },
  {
    "https://oppai-av.com/works/list/date/2011-07-22": {
      "href": [
        "https://oppai-av.com/works/detail/PPUD009"
      ],
      "count": 1
    }
  },
  {
    "https://oppai-av.com/works/list/date/2011-07-19": {
      "href": [
        "https://oppai-av.com/works/detail/PPPD145",
        "https://oppai-av.com/works/detail/PPPD146",
        "https://oppai-av.com/works/detail/PPPD148",
        "https://oppai-av.com/works/detail/PPPD149",
        "https://oppai-av.com/works/detail/PPPD147",
        "https://oppai-av.com/works/detail/PPBD041"
      ],
      "count": 6
    }
  },
  {
    "https://oppai-av.com/works/list/date/2011-08-19": {
      "href": [
        "https://oppai-av.com/works/detail/PPPD150",
        "https://oppai-av.com/works/detail/PPPD152",
        "https://oppai-av.com/works/detail/PPBD042"
      ],
      "count": 3
    }
  },
  {
    "https://oppai-av.com/works/list/date/2011-09-19": {
      "href": [
        "https://oppai-av.com/works/detail/PPPD153",
        "https://oppai-av.com/works/detail/PPPD154",
        "https://oppai-av.com/works/detail/PPBD043"
      ],
      "count": 3
    }
  },
  {
    "https://oppai-av.com/works/list/date/2011-10-19": {
      "href": [
        "https://oppai-av.com/works/detail/PPPD156",
        "https://oppai-av.com/works/detail/PPPD157",
        "https://oppai-av.com/works/detail/PPPD158",
        "https://oppai-av.com/works/detail/PPBD044"
      ],
      "count": 4
    }
  },
  {
    "https://oppai-av.com/works/list/date/2011-11-19": {
      "href": [
        "https://oppai-av.com/works/detail/PPPD160",
        "https://oppai-av.com/works/detail/PPPD161",
        "https://oppai-av.com/works/detail/PPPD162",
        "https://oppai-av.com/works/detail/PPPD163",
        "https://oppai-av.com/works/detail/PPBD045",
        "https://oppai-av.com/works/detail/PPPD164"
      ],
      "count": 6
    }
  },
  {
    "https://oppai-av.com/works/list/date/2011-12-19": {
      "href": [
        "https://oppai-av.com/works/detail/PPSD030",
        "https://oppai-av.com/works/detail/PPPD165",
        "https://oppai-av.com/works/detail/PPPD166",
        "https://oppai-av.com/works/detail/PPPD167",
        "https://oppai-av.com/works/detail/PPBD046"
      ],
      "count": 5
    }
  },
  {
    "https://oppai-av.com/works/list/date/2012-01-19": {
      "href": [
        "https://oppai-av.com/works/detail/PPPD170",
        "https://oppai-av.com/works/detail/PPPD168",
        "https://oppai-av.com/works/detail/PPPD169",
        "https://oppai-av.com/works/detail/PPPD171",
        "https://oppai-av.com/works/detail/PPPD172",
        "https://oppai-av.com/works/detail/PPPD173",
        "https://oppai-av.com/works/detail/PPBD047"
      ],
      "count": 7
    }
  },
  {
    "https://oppai-av.com/works/list/date/2012-02-19": {
      "href": [
        "https://oppai-av.com/works/detail/PPPD174",
        "https://oppai-av.com/works/detail/PPPD175",
        "https://oppai-av.com/works/detail/PPPD176",
        "https://oppai-av.com/works/detail/PPPD177",
        "https://oppai-av.com/works/detail/PPPD178",
        "https://oppai-av.com/works/detail/PPBD048"
      ],
      "count": 6
    }
  },
  {
    "https://oppai-av.com/works/list/date/2012-03-19": {
      "href": [
        "https://oppai-av.com/works/detail/PPPD179",
        "https://oppai-av.com/works/detail/PPPD180",
        "https://oppai-av.com/works/detail/PPPD182",
        "https://oppai-av.com/works/detail/PPPD183",
        "https://oppai-av.com/works/detail/PPPD181",
        "https://oppai-av.com/works/detail/PPBD049"
      ],
      "count": 6
    }
  },
  {
    "https://oppai-av.com/works/list/date/2012-04-19": {
      "href": [
        "https://oppai-av.com/works/detail/PPPD184",
        "https://oppai-av.com/works/detail/PPPD185",
        "https://oppai-av.com/works/detail/PPPD186",
        "https://oppai-av.com/works/detail/PPPD187",
        "https://oppai-av.com/works/detail/PPPD188",
        "https://oppai-av.com/works/detail/PPBD050"
      ],
      "count": 6
    }
  },
  {
    "https://oppai-av.com/works/list/date/2012-05-19": {
      "href": [
        "https://oppai-av.com/works/detail/PPPD189",
        "https://oppai-av.com/works/detail/PPPD190",
        "https://oppai-av.com/works/detail/PPMD019",
        "https://oppai-av.com/works/detail/PPPD191",
        "https://oppai-av.com/works/detail/PPBD051"
      ],
      "count": 5
    }
  },
  {
    "https://oppai-av.com/works/list/date/2012-06-19": {
      "href": [
        "https://oppai-av.com/works/detail/PPSD032",
        "https://oppai-av.com/works/detail/PPPD193",
        "https://oppai-av.com/works/detail/PPPD194",
        "https://oppai-av.com/works/detail/PPPD195",
        "https://oppai-av.com/works/detail/PPPD192",
        "https://oppai-av.com/works/detail/PPPD196",
        "https://oppai-av.com/works/detail/PPMD020",
        "https://oppai-av.com/works/detail/PPBD052"
      ],
      "count": 8
    }
  },
  {
    "https://oppai-av.com/works/list/date/2012-08-19": {
      "href": [
        "https://oppai-av.com/works/detail/PPSD034",
        "https://oppai-av.com/works/detail/PPPD205",
        "https://oppai-av.com/works/detail/PPPD201",
        "https://oppai-av.com/works/detail/PPPD202",
        "https://oppai-av.com/works/detail/PPPD203",
        "https://oppai-av.com/works/detail/PPBD054"
      ],
      "count": 6
    }
  },
  {
    "https://oppai-av.com/works/list/date/2012-09-19": {
      "href": [
        "https://oppai-av.com/works/detail/PPPD210",
        "https://oppai-av.com/works/detail/PPPD206",
        "https://oppai-av.com/works/detail/PPPD207",
        "https://oppai-av.com/works/detail/PPPD208",
        "https://oppai-av.com/works/detail/PPBD055"
      ],
      "count": 5
    }
  },
  {
    "https://oppai-av.com/works/list/date/2012-07-19": {
      "href": [
        "https://oppai-av.com/works/detail/PPSD033",
        "https://oppai-av.com/works/detail/PPPD198",
        "https://oppai-av.com/works/detail/PPPD199",
        "https://oppai-av.com/works/detail/PPMD021",
        "https://oppai-av.com/works/detail/PPPD197",
        "https://oppai-av.com/works/detail/PPBD053"
      ],
      "count": 6
    }
  },
  {
    "https://oppai-av.com/works/list/date/2012-10-19": {
      "href": [
        "https://oppai-av.com/works/detail/PPPD211",
        "https://oppai-av.com/works/detail/PPSD035",
        "https://oppai-av.com/works/detail/PPPD212",
        "https://oppai-av.com/works/detail/PPPD214",
        "https://oppai-av.com/works/detail/PPPD213"
      ],
      "count": 5
    }
  },
  {
    "https://oppai-av.com/works/list/date/2012-11-19": {
      "href": [
        "https://oppai-av.com/works/detail/PPPD216",
        "https://oppai-av.com/works/detail/PPSD036",
        "https://oppai-av.com/works/detail/PPSD037",
        "https://oppai-av.com/works/detail/PPPD217",
        "https://oppai-av.com/works/detail/PPBD057",
        "https://oppai-av.com/works/detail/PPBD058"
      ],
      "count": 6
    }
  },
  {
    "https://oppai-av.com/works/list/date/2012-12-19": {
      "href": [
        "https://oppai-av.com/works/detail/PPPD220",
        "https://oppai-av.com/works/detail/PPPD219",
        "https://oppai-av.com/works/detail/PPPD221",
        "https://oppai-av.com/works/detail/PPBD059",
        "https://oppai-av.com/works/detail/PPBD060"
      ],
      "count": 5
    }
  },
  {
    "https://oppai-av.com/works/list/date/2013-01-19": {
      "href": [
        "https://oppai-av.com/works/detail/PPSD040",
        "https://oppai-av.com/works/detail/PPPD223",
        "https://oppai-av.com/works/detail/PPPD222",
        "https://oppai-av.com/works/detail/PPPD224"
      ],
      "count": 4
    }
  },
  {
    "https://oppai-av.com/works/list/date/2013-02-19": {
      "href": [
        "https://oppai-av.com/works/detail/PPPD225",
        "https://oppai-av.com/works/detail/PPSD041",
        "https://oppai-av.com/works/detail/PPPD227",
        "https://oppai-av.com/works/detail/PPBD063"
      ],
      "count": 4
    }
  },
  {
    "https://oppai-av.com/works/list/date/2013-03-19": {
      "href": [
        "https://oppai-av.com/works/detail/PPPD228",
        "https://oppai-av.com/works/detail/PPPD229",
        "https://oppai-av.com/works/detail/PPPD230",
        "https://oppai-av.com/works/detail/PPBD062"
      ],
      "count": 4
    }
  },
  {
    "https://oppai-av.com/works/list/date/2013-04-19": {
      "href": [
        "https://oppai-av.com/works/detail/PPPD232",
        "https://oppai-av.com/works/detail/PPSD043",
        "https://oppai-av.com/works/detail/PPBD064",
        "https://oppai-av.com/works/detail/PPBD065"
      ],
      "count": 4
    }
  },
  {
    "https://oppai-av.com/works/list/date/2013-05-19": {
      "href": [
        "https://oppai-av.com/works/detail/PPPD235",
        "https://oppai-av.com/works/detail/PPPD234",
        "https://oppai-av.com/works/detail/PPBD066"
      ],
      "count": 3
    }
  },
  {
    "https://oppai-av.com/works/list/date/2013-06-19": {
      "href": [
        "https://oppai-av.com/works/detail/PPPD236",
        "https://oppai-av.com/works/detail/PPPD237",
        "https://oppai-av.com/works/detail/PPPD238",
        "https://oppai-av.com/works/detail/PPPD239",
        "https://oppai-av.com/works/detail/PPBD067"
      ],
      "count": 5
    }
  },
  {
    "https://oppai-av.com/works/list/date/2013-07-19": {
      "href": [
        "https://oppai-av.com/works/detail/PPPD241",
        "https://oppai-av.com/works/detail/PPPD242",
        "https://oppai-av.com/works/detail/PPPD240",
        "https://oppai-av.com/works/detail/PPPD243",
        "https://oppai-av.com/works/detail/PPBD068"
      ],
      "count": 5
    }
  },
  {
    "https://oppai-av.com/works/list/date/2013-08-19": {
      "href": [
        "https://oppai-av.com/works/detail/PPPD247",
        "https://oppai-av.com/works/detail/PPPD246",
        "https://oppai-av.com/works/detail/PPPD245",
        "https://oppai-av.com/works/detail/PPPD244",
        "https://oppai-av.com/works/detail/PPBD069"
      ],
      "count": 5
    }
  },
  {
    "https://oppai-av.com/works/list/date/2013-09-19": {
      "href": [
        "https://oppai-av.com/works/detail/PPPD248",
        "https://oppai-av.com/works/detail/PPPD249",
        "https://oppai-av.com/works/detail/PPPD250",
        "https://oppai-av.com/works/detail/PPPD251"
      ],
      "count": 4
    }
  },
  {
    "https://oppai-av.com/works/list/date/2013-10-19": {
      "href": [
        "https://oppai-av.com/works/detail/PPPD254",
        "https://oppai-av.com/works/detail/PPPD252",
        "https://oppai-av.com/works/detail/PPPD255",
        "https://oppai-av.com/works/detail/PPBD071"
      ],
      "count": 4
    }
  },
  {
    "https://oppai-av.com/works/list/date/2013-11-19": {
      "href": [
        "https://oppai-av.com/works/detail/PPPD258",
        "https://oppai-av.com/works/detail/PPPD257",
        "https://oppai-av.com/works/detail/PPPD256",
        "https://oppai-av.com/works/detail/PPPD259",
        "https://oppai-av.com/works/detail/PPPD260",
        "https://oppai-av.com/works/detail/PPPD261",
        "https://oppai-av.com/works/detail/PPBD072"
      ],
      "count": 7
    }
  },
  {
    "https://oppai-av.com/works/list/date/2013-12-19": {
      "href": [
        "https://oppai-av.com/works/detail/PPPD262",
        "https://oppai-av.com/works/detail/PPPD263",
        "https://oppai-av.com/works/detail/PPPD265",
        "https://oppai-av.com/works/detail/PPPD266",
        "https://oppai-av.com/works/detail/PPBD073"
      ],
      "count": 5
    }
  },
  {
    "https://oppai-av.com/works/list/date/2014-01-19": {
      "href": [
        "https://oppai-av.com/works/detail/PPPD267",
        "https://oppai-av.com/works/detail/PPPD268",
        "https://oppai-av.com/works/detail/PPPD269",
        "https://oppai-av.com/works/detail/PPBD074",
        "https://oppai-av.com/works/detail/PPPD271"
      ],
      "count": 5
    }
  },
  {
    "https://oppai-av.com/works/list/date/2014-02-19": {
      "href": [
        "https://oppai-av.com/works/detail/PPPD272",
        "https://oppai-av.com/works/detail/PPPD273",
        "https://oppai-av.com/works/detail/PPPD274",
        "https://oppai-av.com/works/detail/PPPD275",
        "https://oppai-av.com/works/detail/PPBD075"
      ],
      "count": 5
    }
  },
  {
    "https://oppai-av.com/works/list/date/2014-03-19": {
      "href": [
        "https://oppai-av.com/works/detail/PPPD276",
        "https://oppai-av.com/works/detail/PPPD277",
        "https://oppai-av.com/works/detail/PPPD278",
        "https://oppai-av.com/works/detail/PPPD279",
        "https://oppai-av.com/works/detail/PPPD280",
        "https://oppai-av.com/works/detail/PPPD270",
        "https://oppai-av.com/works/detail/PPBD076"
      ],
      "count": 7
    }
  },
  {
    "https://oppai-av.com/works/list/date/2014-04-19": {
      "href": [
        "https://oppai-av.com/works/detail/PPPD281",
        "https://oppai-av.com/works/detail/PPPD282",
        "https://oppai-av.com/works/detail/PPPD283",
        "https://oppai-av.com/works/detail/PPPD284",
        "https://oppai-av.com/works/detail/PPPD285",
        "https://oppai-av.com/works/detail/PPBD077"
      ],
      "count": 6
    }
  },
  {
    "https://oppai-av.com/works/list/date/2014-05-19": {
      "href": [
        "https://oppai-av.com/works/detail/PPPD290",
        "https://oppai-av.com/works/detail/PPPD286",
        "https://oppai-av.com/works/detail/PPPD287",
        "https://oppai-av.com/works/detail/PPPD289",
        "https://oppai-av.com/works/detail/PPBD078"
      ],
      "count": 5
    }
  },
  {
    "https://oppai-av.com/works/list/date/2014-06-19": {
      "href": [
        "https://oppai-av.com/works/detail/PPPD291",
        "https://oppai-av.com/works/detail/PPPD292",
        "https://oppai-av.com/works/detail/PPPD293",
        "https://oppai-av.com/works/detail/PPPD294",
        "https://oppai-av.com/works/detail/PPPD296",
        "https://oppai-av.com/works/detail/PPBD079"
      ],
      "count": 6
    }
  },
  {
    "https://oppai-av.com/works/list/date/2014-07-19": {
      "href": [
        "https://oppai-av.com/works/detail/PPPD297",
        "https://oppai-av.com/works/detail/PPPD298",
        "https://oppai-av.com/works/detail/PPPD301",
        "https://oppai-av.com/works/detail/PPPD303",
        "https://oppai-av.com/works/detail/PPPD300",
        "https://oppai-av.com/works/detail/PPPD302",
        "https://oppai-av.com/works/detail/PPPD299",
        "https://oppai-av.com/works/detail/PPBD080"
      ],
      "count": 8
    }
  },
  {
    "https://oppai-av.com/works/list/date/2014-08-01": {
      "href": [
        "https://oppai-av.com/works/detail/AVOP055"
      ],
      "count": 1
    }
  },
  {
    "https://oppai-av.com/works/list/date/2014-10-19": {
      "href": [
        "https://oppai-av.com/works/detail/PPPD321",
        "https://oppai-av.com/works/detail/PPPD320",
        "https://oppai-av.com/works/detail/PPPD322",
        "https://oppai-av.com/works/detail/PPPD323",
        "https://oppai-av.com/works/detail/PPPD325",
        "https://oppai-av.com/works/detail/PPBD084",
        "https://oppai-av.com/works/detail/PPBD085"
      ],
      "count": 7
    }
  },
  {
    "https://oppai-av.com/works/list/date/2014-11-19": {
      "href": [
        "https://oppai-av.com/works/detail/PPPD331",
        "https://oppai-av.com/works/detail/PPPD328",
        "https://oppai-av.com/works/detail/PPPD329",
        "https://oppai-av.com/works/detail/PPPD332",
        "https://oppai-av.com/works/detail/PPPD334",
        "https://oppai-av.com/works/detail/PPPD333",
        "https://oppai-av.com/works/detail/PPBD087",
        "https://oppai-av.com/works/detail/PPBD086"
      ],
      "count": 8
    }
  },
  {
    "https://oppai-av.com/works/list/date/2014-12-19": {
      "href": [
        "https://oppai-av.com/works/detail/PPSD046",
        "https://oppai-av.com/works/detail/PPPD335",
        "https://oppai-av.com/works/detail/PPSD047",
        "https://oppai-av.com/works/detail/PPPD336",
        "https://oppai-av.com/works/detail/PPPD338",
        "https://oppai-av.com/works/detail/PPPD339",
        "https://oppai-av.com/works/detail/PPPD337",
        "https://oppai-av.com/works/detail/PPMD022",
        "https://oppai-av.com/works/detail/PPBD088",
        "https://oppai-av.com/works/detail/PPBD089"
      ],
      "count": 10
    }
  },
  {
    "https://oppai-av.com/works/list/date/2015-01-19": {
      "href": [
        "https://oppai-av.com/works/detail/PPPD342",
        "https://oppai-av.com/works/detail/PPPD341",
        "https://oppai-av.com/works/detail/PPPD340",
        "https://oppai-av.com/works/detail/PPPD346",
        "https://oppai-av.com/works/detail/PPPD347",
        "https://oppai-av.com/works/detail/PPPD343",
        "https://oppai-av.com/works/detail/PPPD345",
        "https://oppai-av.com/works/detail/PPBD090",
        "https://oppai-av.com/works/detail/PPBD091"
      ],
      "count": 9
    }
  },
  {
    "https://oppai-av.com/works/list/date/2015-02-19": {
      "href": [
        "https://oppai-av.com/works/detail/PPPD349",
        "https://oppai-av.com/works/detail/PPPD350",
        "https://oppai-av.com/works/detail/PPSD048",
        "https://oppai-av.com/works/detail/PPPD348",
        "https://oppai-av.com/works/detail/PPPD351",
        "https://oppai-av.com/works/detail/PPPD353",
        "https://oppai-av.com/works/detail/PPMD023",
        "https://oppai-av.com/works/detail/PPBD092",
        "https://oppai-av.com/works/detail/PPBD093"
      ],
      "count": 9
    }
  },
  {
    "https://oppai-av.com/works/list/date/2015-03-19": {
      "href": [
        "https://oppai-av.com/works/detail/PPPD356",
        "https://oppai-av.com/works/detail/PPPD354",
        "https://oppai-av.com/works/detail/PPPD355",
        "https://oppai-av.com/works/detail/PPPD360",
        "https://oppai-av.com/works/detail/PPPD357",
        "https://oppai-av.com/works/detail/PPPD359",
        "https://oppai-av.com/works/detail/PPPD358",
        "https://oppai-av.com/works/detail/PPBD094",
        "https://oppai-av.com/works/detail/PPBD095"
      ],
      "count": 9
    }
  },
  {
    "https://oppai-av.com/works/list/date/2015-04-19": {
      "href": [
        "https://oppai-av.com/works/detail/PPPD363",
        "https://oppai-av.com/works/detail/PPPD367",
        "https://oppai-av.com/works/detail/PPPD361",
        "https://oppai-av.com/works/detail/PPPD362",
        "https://oppai-av.com/works/detail/PPPD364",
        "https://oppai-av.com/works/detail/PPPD365",
        "https://oppai-av.com/works/detail/PPPD366",
        "https://oppai-av.com/works/detail/PPBD096",
        "https://oppai-av.com/works/detail/PPBD097"
      ],
      "count": 9
    }
  },
  {
    "https://oppai-av.com/works/list/date/2015-05-19": {
      "href": [
        "https://oppai-av.com/works/detail/PPPD371",
        "https://oppai-av.com/works/detail/PPPD369",
        "https://oppai-av.com/works/detail/PPPD368",
        "https://oppai-av.com/works/detail/PPPD370",
        "https://oppai-av.com/works/detail/PPPD375",
        "https://oppai-av.com/works/detail/PPPD373",
        "https://oppai-av.com/works/detail/PPPD372",
        "https://oppai-av.com/works/detail/PPPD374",
        "https://oppai-av.com/works/detail/PPBD098",
        "https://oppai-av.com/works/detail/PPBD099"
      ],
      "count": 10
    }
  },
  {
    "https://oppai-av.com/works/list/date/2015-06-19": {
      "href": [
        "https://oppai-av.com/works/detail/PPPD379",
        "https://oppai-av.com/works/detail/PPPD377",
        "https://oppai-av.com/works/detail/PPPD378",
        "https://oppai-av.com/works/detail/PPPD376",
        "https://oppai-av.com/works/detail/PPPD380",
        "https://oppai-av.com/works/detail/PPPD381",
        "https://oppai-av.com/works/detail/PPPD382",
        "https://oppai-av.com/works/detail/PPPD383",
        "https://oppai-av.com/works/detail/PPBD100",
        "https://oppai-av.com/works/detail/PPBD101"
      ],
      "count": 10
    }
  },
  {
    "https://oppai-av.com/works/list/date/2014-08-19": {
      "href": [
        "https://oppai-av.com/works/detail/PPPD307",
        "https://oppai-av.com/works/detail/PPPD306",
        "https://oppai-av.com/works/detail/PPPD304",
        "https://oppai-av.com/works/detail/PPPD305",
        "https://oppai-av.com/works/detail/PPPD311",
        "https://oppai-av.com/works/detail/PPPD310",
        "https://oppai-av.com/works/detail/PPPD308",
        "https://oppai-av.com/works/detail/PPBD081"
      ],
      "count": 8
    }
  },
  {
    "https://oppai-av.com/works/list/date/2014-09-19": {
      "href": [
        "https://oppai-av.com/works/detail/PPPD317",
        "https://oppai-av.com/works/detail/PPPD313",
        "https://oppai-av.com/works/detail/PPPD319",
        "https://oppai-av.com/works/detail/PPPD318",
        "https://oppai-av.com/works/detail/PPPD312",
        "https://oppai-av.com/works/detail/PPPD314",
        "https://oppai-av.com/works/detail/PPPD316",
        "https://oppai-av.com/works/detail/PPPD315",
        "https://oppai-av.com/works/detail/PPBD082",
        "https://oppai-av.com/works/detail/PPBD083"
      ],
      "count": 10
    }
  },
  {
    "https://oppai-av.com/works/list/date/2015-07-19": {
      "href": [
        "https://oppai-av.com/works/detail/PPPD387",
        "https://oppai-av.com/works/detail/PPPD384",
        "https://oppai-av.com/works/detail/PPPD385",
        "https://oppai-av.com/works/detail/PPPD386",
        "https://oppai-av.com/works/detail/PPPD388",
        "https://oppai-av.com/works/detail/PPPD389",
        "https://oppai-av.com/works/detail/PPPD390",
        "https://oppai-av.com/works/detail/PPBD102",
        "https://oppai-av.com/works/detail/PPBD103"
      ],
      "count": 9
    }
  },
  {
    "https://oppai-av.com/works/list/date/2015-08-19": {
      "href": [
        "https://oppai-av.com/works/detail/PPPD393",
        "https://oppai-av.com/works/detail/PPPD394",
        "https://oppai-av.com/works/detail/PPPD391",
        "https://oppai-av.com/works/detail/PPPD392",
        "https://oppai-av.com/works/detail/PPPD397",
        "https://oppai-av.com/works/detail/PPPD395",
        "https://oppai-av.com/works/detail/PPPD398",
        "https://oppai-av.com/works/detail/PPBD104",
        "https://oppai-av.com/works/detail/PPBD105"
      ],
      "count": 9
    }
  },
  {
    "https://oppai-av.com/works/list/date/2015-09-01": {
      "href": [
        "https://oppai-av.com/works/detail/AVOP147"
      ],
      "count": 1
    }
  },
  {
    "https://oppai-av.com/works/list/date/2015-09-19": {
      "href": [
        "https://oppai-av.com/works/detail/PPSD049",
        "https://oppai-av.com/works/detail/PPPD402",
        "https://oppai-av.com/works/detail/PPPD399",
        "https://oppai-av.com/works/detail/PPPD400",
        "https://oppai-av.com/works/detail/PPPD401",
        "https://oppai-av.com/works/detail/PPPD403",
        "https://oppai-av.com/works/detail/PPPD404",
        "https://oppai-av.com/works/detail/PPPD405",
        "https://oppai-av.com/works/detail/PPBD106",
        "https://oppai-av.com/works/detail/PPBD107"
      ],
      "count": 10
    }
  },
  {
    "https://oppai-av.com/works/list/date/2015-10-19": {
      "href": [
        "https://oppai-av.com/works/detail/PPPD409",
        "https://oppai-av.com/works/detail/PPPD406",
        "https://oppai-av.com/works/detail/PPPD408",
        "https://oppai-av.com/works/detail/PPPD407",
        "https://oppai-av.com/works/detail/PPPD410",
        "https://oppai-av.com/works/detail/PPPD411",
        "https://oppai-av.com/works/detail/PPPD412",
        "https://oppai-av.com/works/detail/PPPD413",
        "https://oppai-av.com/works/detail/PPPD414",
        "https://oppai-av.com/works/detail/PPBD109"
      ],
      "count": 10
    }
  },
  {
    "https://oppai-av.com/works/list/date/2015-11-19": {
      "href": [
        "https://oppai-av.com/works/detail/PPPD415",
        "https://oppai-av.com/works/detail/PPPD416",
        "https://oppai-av.com/works/detail/PPPD417",
        "https://oppai-av.com/works/detail/PPPD418",
        "https://oppai-av.com/works/detail/PPPD423",
        "https://oppai-av.com/works/detail/PPPD419",
        "https://oppai-av.com/works/detail/PPPD420",
        "https://oppai-av.com/works/detail/PPPD421",
        "https://oppai-av.com/works/detail/PPPD422",
        "https://oppai-av.com/works/detail/PPBD111",
        "https://oppai-av.com/works/detail/PPBD110"
      ],
      "count": 11
    }
  },
  {
    "https://oppai-av.com/works/list/date/2015-12-19": {
      "href": [
        "https://oppai-av.com/works/detail/PPSD051",
        "https://oppai-av.com/works/detail/PPSD050",
        "https://oppai-av.com/works/detail/PPPD425",
        "https://oppai-av.com/works/detail/PPPD424",
        "https://oppai-av.com/works/detail/PPPD426",
        "https://oppai-av.com/works/detail/PPPD427",
        "https://oppai-av.com/works/detail/PPPD430",
        "https://oppai-av.com/works/detail/PPPD429",
        "https://oppai-av.com/works/detail/PPPD428",
        "https://oppai-av.com/works/detail/PPBD112",
        "https://oppai-av.com/works/detail/PPBD113"
      ],
      "count": 11
    }
  },
  {
    "https://oppai-av.com/works/list/date/2016-01-19": {
      "href": [
        "https://oppai-av.com/works/detail/PPPD431",
        "https://oppai-av.com/works/detail/PPPD432",
        "https://oppai-av.com/works/detail/PPPD433",
        "https://oppai-av.com/works/detail/PPPD435",
        "https://oppai-av.com/works/detail/PPPD437",
        "https://oppai-av.com/works/detail/PPPD436",
        "https://oppai-av.com/works/detail/PPPD434",
        "https://oppai-av.com/works/detail/PPSD052",
        "https://oppai-av.com/works/detail/PPBD114",
        "https://oppai-av.com/works/detail/PPBD115"
      ],
      "count": 10
    }
  },
  {
    "https://oppai-av.com/works/list/date/2016-02-19": {
      "href": [
        "https://oppai-av.com/works/detail/PPPD442",
        "https://oppai-av.com/works/detail/PPPD447",
        "https://oppai-av.com/works/detail/PPPD439",
        "https://oppai-av.com/works/detail/PPPD440",
        "https://oppai-av.com/works/detail/PPPD441",
        "https://oppai-av.com/works/detail/PPPD443",
        "https://oppai-av.com/works/detail/PPPD446",
        "https://oppai-av.com/works/detail/PPPD448",
        "https://oppai-av.com/works/detail/PPPD444",
        "https://oppai-av.com/works/detail/PPBD116",
        "https://oppai-av.com/works/detail/PPBD117"
      ],
      "count": 11
    }
  },
  {
    "https://oppai-av.com/works/list/date/2016-03-19": {
      "href": [
        "https://oppai-av.com/works/detail/PPPD455",
        "https://oppai-av.com/works/detail/PPPD452",
        "https://oppai-av.com/works/detail/PPPD450",
        "https://oppai-av.com/works/detail/PPPD445",
        "https://oppai-av.com/works/detail/PPPD449",
        "https://oppai-av.com/works/detail/PPPD457",
        "https://oppai-av.com/works/detail/PPPD456",
        "https://oppai-av.com/works/detail/PPPD454",
        "https://oppai-av.com/works/detail/PPPD453",
        "https://oppai-av.com/works/detail/PPBD118",
        "https://oppai-av.com/works/detail/PPBD119"
      ],
      "count": 11
    }
  },
  {
    "https://oppai-av.com/works/list/date/2016-04-19": {
      "href": [
        "https://oppai-av.com/works/detail/PPPD460",
        "https://oppai-av.com/works/detail/PPPD461",
        "https://oppai-av.com/works/detail/PPPD458",
        "https://oppai-av.com/works/detail/PPPD459",
        "https://oppai-av.com/works/detail/PPPD462",
        "https://oppai-av.com/works/detail/PPPD463",
        "https://oppai-av.com/works/detail/PPPD465",
        "https://oppai-av.com/works/detail/PPPD466",
        "https://oppai-av.com/works/detail/PPPD467",
        "https://oppai-av.com/works/detail/PPBD120",
        "https://oppai-av.com/works/detail/PPBD121"
      ],
      "count": 11
    }
  },
  {
    "https://oppai-av.com/works/list/date/2016-05-19": {
      "href": [
        "https://oppai-av.com/works/detail/PPPD470",
        "https://oppai-av.com/works/detail/PPPD468",
        "https://oppai-av.com/works/detail/PPPD469",
        "https://oppai-av.com/works/detail/PPPD474",
        "https://oppai-av.com/works/detail/PPPD471",
        "https://oppai-av.com/works/detail/PPPD472",
        "https://oppai-av.com/works/detail/PPPD473",
        "https://oppai-av.com/works/detail/PPPD475",
        "https://oppai-av.com/works/detail/PPBD122",
        "https://oppai-av.com/works/detail/PPBD123"
      ],
      "count": 10
    }
  },
  {
    "https://oppai-av.com/works/list/date/2016-06-19": {
      "href": [
        "https://oppai-av.com/works/detail/PPPD476",
        "https://oppai-av.com/works/detail/PPPD479",
        "https://oppai-av.com/works/detail/PPPD477",
        "https://oppai-av.com/works/detail/PPPD478",
        "https://oppai-av.com/works/detail/PPPD480",
        "https://oppai-av.com/works/detail/PPPD481",
        "https://oppai-av.com/works/detail/PPPD482",
        "https://oppai-av.com/works/detail/PPPD483",
        "https://oppai-av.com/works/detail/PPPD484",
        "https://oppai-av.com/works/detail/PPBD124",
        "https://oppai-av.com/works/detail/PPBD125"
      ],
      "count": 11
    }
  },
  {
    "https://oppai-av.com/works/list/date/2016-07-19": {
      "href": [
        "https://oppai-av.com/works/detail/PPPD489",
        "https://oppai-av.com/works/detail/PPPD487",
        "https://oppai-av.com/works/detail/PPPD486",
        "https://oppai-av.com/works/detail/PPPD485",
        "https://oppai-av.com/works/detail/PPPD492",
        "https://oppai-av.com/works/detail/PPPD491",
        "https://oppai-av.com/works/detail/PPPD490",
        "https://oppai-av.com/works/detail/PPPD488",
        "https://oppai-av.com/works/detail/PPBD126",
        "https://oppai-av.com/works/detail/PPBD127"
      ],
      "count": 10
    }
  },
  {
    "https://oppai-av.com/works/list/date/2016-08-19": {
      "href": [
        "https://oppai-av.com/works/detail/PPPD493",
        "https://oppai-av.com/works/detail/PPPD495",
        "https://oppai-av.com/works/detail/PPPD494",
        "https://oppai-av.com/works/detail/PPPD496",
        "https://oppai-av.com/works/detail/PPPD497",
        "https://oppai-av.com/works/detail/PPPD498",
        "https://oppai-av.com/works/detail/PPPD499",
        "https://oppai-av.com/works/detail/PPPD500",
        "https://oppai-av.com/works/detail/PPPD501",
        "https://oppai-av.com/works/detail/PPBD128",
        "https://oppai-av.com/works/detail/PPBD129"
      ],
      "count": 11
    }
  },
  {
    "https://oppai-av.com/works/list/date/2016-09-01": {
      "href": [
        "https://oppai-av.com/works/detail/AVOP246"
      ],
      "count": 1
    }
  },
  {
    "https://oppai-av.com/works/list/date/2016-09-19": {
      "href": [
        "https://oppai-av.com/works/detail/PPPD502",
        "https://oppai-av.com/works/detail/PPPD503",
        "https://oppai-av.com/works/detail/PPPD504",
        "https://oppai-av.com/works/detail/PPPD505",
        "https://oppai-av.com/works/detail/PPPD506",
        "https://oppai-av.com/works/detail/PPPD507",
        "https://oppai-av.com/works/detail/PPPD508",
        "https://oppai-av.com/works/detail/PPPD509",
        "https://oppai-av.com/works/detail/PPBD130",
        "https://oppai-av.com/works/detail/PPBD131"
      ],
      "count": 10
    }
  },
  {
    "https://oppai-av.com/works/list/date/2016-10-25": {
      "href": [
        "https://oppai-av.com/works/detail/PPPD514",
        "https://oppai-av.com/works/detail/PPPD512",
        "https://oppai-av.com/works/detail/PPPD513",
        "https://oppai-av.com/works/detail/PPPD510",
        "https://oppai-av.com/works/detail/PPPD511",
        "https://oppai-av.com/works/detail/PPPD515",
        "https://oppai-av.com/works/detail/PPPD516",
        "https://oppai-av.com/works/detail/PPPD517",
        "https://oppai-av.com/works/detail/PPBD132",
        "https://oppai-av.com/works/detail/PPBD133"
      ],
      "count": 10
    }
  },
  {
    "https://oppai-av.com/works/list/date/2016-11-25": {
      "href": [
        "https://oppai-av.com/works/detail/PPPD518",
        "https://oppai-av.com/works/detail/PPPD520",
        "https://oppai-av.com/works/detail/PPPD519",
        "https://oppai-av.com/works/detail/PPPD523",
        "https://oppai-av.com/works/detail/PPPD522",
        "https://oppai-av.com/works/detail/PPBD134"
      ],
      "count": 6
    }
  },
  {
    "https://oppai-av.com/works/list/date/2016-12-08": {
      "href": [
        "https://oppai-av.com/works/detail/PPPD524"
      ],
      "count": 1
    }
  },
  {
    "https://oppai-av.com/works/list/date/2016-12-25": {
      "href": [
        "https://oppai-av.com/works/detail/PPPD525",
        "https://oppai-av.com/works/detail/PPPD530",
        "https://oppai-av.com/works/detail/PPPD529",
        "https://oppai-av.com/works/detail/PPPD526",
        "https://oppai-av.com/works/detail/PPPD528",
        "https://oppai-av.com/works/detail/PPPD527",
        "https://oppai-av.com/works/detail/PPPD532",
        "https://oppai-av.com/works/detail/PPPD521"
      ],
      "count": 8
    }
  },
  {
    "https://oppai-av.com/works/list/date/2017-02-01": {
      "href": [
        "https://oppai-av.com/works/detail/PPPD533",
        "https://oppai-av.com/works/detail/PPPD534",
        "https://oppai-av.com/works/detail/PPPD535",
        "https://oppai-av.com/works/detail/PPPD536",
        "https://oppai-av.com/works/detail/PPPD537",
        "https://oppai-av.com/works/detail/PPPD538"
      ],
      "count": 6
    }
  },
  {
    "https://oppai-av.com/works/list/date/2017-03-01": {
      "href": [
        "https://oppai-av.com/works/detail/PPPD543",
        "https://oppai-av.com/works/detail/PPPD541",
        "https://oppai-av.com/works/detail/PPPD540",
        "https://oppai-av.com/works/detail/PPPD542",
        "https://oppai-av.com/works/detail/PPPD544",
        "https://oppai-av.com/works/detail/PPPD546",
        "https://oppai-av.com/works/detail/PPPD545"
      ],
      "count": 7
    }
  },
  {
    "https://oppai-av.com/works/list/date/2017-04-01": {
      "href": [
        "https://oppai-av.com/works/detail/PPPD549",
        "https://oppai-av.com/works/detail/PPPD547",
        "https://oppai-av.com/works/detail/PPPD548",
        "https://oppai-av.com/works/detail/PPPD550",
        "https://oppai-av.com/works/detail/PPPD553",
        "https://oppai-av.com/works/detail/PPPD552"
      ],
      "count": 6
    }
  },
  {
    "https://oppai-av.com/works/list/date/2017-05-01": {
      "href": [
        "https://oppai-av.com/works/detail/PPPD554",
        "https://oppai-av.com/works/detail/PPPD555",
        "https://oppai-av.com/works/detail/PPPD556",
        "https://oppai-av.com/works/detail/PPPD558",
        "https://oppai-av.com/works/detail/PPPD559"
      ],
      "count": 5
    }
  },
  {
    "https://oppai-av.com/works/list/date/2017-06-01": {
      "href": [
        "https://oppai-av.com/works/detail/PPPD564",
        "https://oppai-av.com/works/detail/PPPD561",
        "https://oppai-av.com/works/detail/PPPD562",
        "https://oppai-av.com/works/detail/PPPD566",
        "https://oppai-av.com/works/detail/PPPD567",
        "https://oppai-av.com/works/detail/PPPD565",
        "https://oppai-av.com/works/detail/PPBD135"
      ],
      "count": 7
    }
  },
  {
    "https://oppai-av.com/works/list/date/2017-06-25": {
      "href": [
        "https://oppai-av.com/works/detail/PPPD569",
        "https://oppai-av.com/works/detail/PPPD568"
      ],
      "count": 2
    }
  },
  {
    "https://oppai-av.com/works/list/date/2017-07-01": {
      "href": [
        "https://oppai-av.com/works/detail/PPPD571",
        "https://oppai-av.com/works/detail/PPPD570",
        "https://oppai-av.com/works/detail/PPPD573",
        "https://oppai-av.com/works/detail/PPPD572",
        "https://oppai-av.com/works/detail/PPPD574"
      ],
      "count": 5
    }
  },
  {
    "https://oppai-av.com/works/list/date/2017-06-19": {
      "href": [
        "https://oppai-av.com/works/detail/PPBD136"
      ],
      "count": 1
    }
  },
  {
    "https://oppai-av.com/works/list/date/2017-07-25": {
      "href": [
        "https://oppai-av.com/works/detail/PPPD576"
      ],
      "count": 1
    }
  },
  {
    "https://oppai-av.com/works/list/date/2017-08-01": {
      "href": [
        "https://oppai-av.com/works/detail/PPPD580",
        "https://oppai-av.com/works/detail/PPPD578",
        "https://oppai-av.com/works/detail/PPPD577",
        "https://oppai-av.com/works/detail/PPPD579",
        "https://oppai-av.com/works/detail/PPPD582"
      ],
      "count": 5
    }
  },
  {
    "https://oppai-av.com/works/list/date/2017-09-13": {
      "href": [
        "https://oppai-av.com/works/detail/PPPD584",
        "https://oppai-av.com/works/detail/PPPD585",
        "https://oppai-av.com/works/detail/PPPD586",
        "https://oppai-av.com/works/detail/PPPD583",
        "https://oppai-av.com/works/detail/PPPD587",
        "https://oppai-av.com/works/detail/PPPD588",
        "https://oppai-av.com/works/detail/PPPD589",
        "https://oppai-av.com/works/detail/PPPD590"
      ],
      "count": 8
    }
  },
  {
    "https://oppai-av.com/works/list/date/2017-09-19": {
      "href": [
        "https://oppai-av.com/works/detail/PPBD138"
      ],
      "count": 1
    }
  },
  {
    "https://oppai-av.com/works/list/date/2017-09-01": {
      "href": [
        "https://oppai-av.com/works/detail/AVOP383"
      ],
      "count": 1
    }
  },
  {
    "https://oppai-av.com/works/list/date/2017-10-07": {
      "href": [
        "https://oppai-av.com/works/detail/PPPD592",
        "https://oppai-av.com/works/detail/PPPD593",
        "https://oppai-av.com/works/detail/PPPD594",
        "https://oppai-av.com/works/detail/PPPD591",
        "https://oppai-av.com/works/detail/PPPD595",
        "https://oppai-av.com/works/detail/PPPD598",
        "https://oppai-av.com/works/detail/PPPD596"
      ],
      "count": 7
    }
  },
  {
    "https://oppai-av.com/works/list/date/2017-11-01": {
      "href": [
        "https://oppai-av.com/works/detail/PPPD605",
        "https://oppai-av.com/works/detail/PPPD600",
        "https://oppai-av.com/works/detail/PPPD601",
        "https://oppai-av.com/works/detail/PPPD599",
        "https://oppai-av.com/works/detail/PPPD602",
        "https://oppai-av.com/works/detail/PPPD603",
        "https://oppai-av.com/works/detail/PPPD604",
        "https://oppai-av.com/works/detail/PPPD606"
      ],
      "count": 8
    }
  },
  {
    "https://oppai-av.com/works/list/date/2017-11-19": {
      "href": [
        "https://oppai-av.com/works/detail/PPBD140"
      ],
      "count": 1
    }
  },
  {
    "https://oppai-av.com/works/list/date/2017-12-01": {
      "href": [
        "https://oppai-av.com/works/detail/PPPD611",
        "https://oppai-av.com/works/detail/PPPD608",
        "https://oppai-av.com/works/detail/PPPD607",
        "https://oppai-av.com/works/detail/PPPD609",
        "https://oppai-av.com/works/detail/PPPD610",
        "https://oppai-av.com/works/detail/PPPD615",
        "https://oppai-av.com/works/detail/PPPD612",
        "https://oppai-av.com/works/detail/PPPD613",
        "https://oppai-av.com/works/detail/PPPD614"
      ],
      "count": 9
    }
  },
  {
    "https://oppai-av.com/works/list/date/2018-01-01": {
      "href": [
        "https://oppai-av.com/works/detail/PPPD620",
        "https://oppai-av.com/works/detail/PPPD616",
        "https://oppai-av.com/works/detail/PPPD618",
        "https://oppai-av.com/works/detail/PPPD619",
        "https://oppai-av.com/works/detail/PPPD617",
        "https://oppai-av.com/works/detail/PPPD624",
        "https://oppai-av.com/works/detail/PPPD623",
        "https://oppai-av.com/works/detail/PPPD622"
      ],
      "count": 8
    }
  }
]