[
  {
    "https://premium-beauty.com/works/list/date/2010-01-07": {
      "href": [
        "https://premium-beauty.com/works/detail/PGD353",
        "https://premium-beauty.com/works/detail/PGD355",
        "https://premium-beauty.com/works/detail/PGD356",
        "https://premium-beauty.com/works/detail/PGD357",
        "https://premium-beauty.com/works/detail/PGD358",
        "https://premium-beauty.com/works/detail/PGD359",
        "https://premium-beauty.com/works/detail/PGD360",
        "https://premium-beauty.com/works/detail/PGD361",
        "https://premium-beauty.com/works/detail/PXD020",
        "https://premium-beauty.com/works/detail/PBD070"
      ],
      "count": 10
    }
  },
  {
    "https://premium-beauty.com/works/list/date/2010-02-07": {
      "href": [
        "https://premium-beauty.com/works/detail/PGD362",
        "https://premium-beauty.com/works/detail/PGD364",
        "https://premium-beauty.com/works/detail/PGD363",
        "https://premium-beauty.com/works/detail/PGD366",
        "https://premium-beauty.com/works/detail/PGD367",
        "https://premium-beauty.com/works/detail/PGD368",
        "https://premium-beauty.com/works/detail/PGD369",
        "https://premium-beauty.com/works/detail/PBD071",
        "https://premium-beauty.com/works/detail/PBD073",
        "https://premium-beauty.com/works/detail/PBD072"
      ],
      "count": 10
    }
  },
  {
    "https://premium-beauty.com/works/list/date/2010-03-07": {
      "href": [
        "https://premium-beauty.com/works/detail/PGD370",
        "https://premium-beauty.com/works/detail/PGD371",
        "https://premium-beauty.com/works/detail/PGD372",
        "https://premium-beauty.com/works/detail/PGD374",
        "https://premium-beauty.com/works/detail/PGD375",
        "https://premium-beauty.com/works/detail/PGD376",
        "https://premium-beauty.com/works/detail/PGD377",
        "https://premium-beauty.com/works/detail/PJD024",
        "https://premium-beauty.com/works/detail/PGD378",
        "https://premium-beauty.com/works/detail/PBD074",
        "https://premium-beauty.com/works/detail/PBD075"
      ],
      "count": 11
    }
  },
  {
    "https://premium-beauty.com/works/list/date/2010-04-07": {
      "href": [
        "https://premium-beauty.com/works/detail/PGD382",
        "https://premium-beauty.com/works/detail/PGD379",
        "https://premium-beauty.com/works/detail/PGD387",
        "https://premium-beauty.com/works/detail/PGD385",
        "https://premium-beauty.com/works/detail/PGD383",
        "https://premium-beauty.com/works/detail/PGD384",
        "https://premium-beauty.com/works/detail/PGD386",
        "https://premium-beauty.com/works/detail/PXD021",
        "https://premium-beauty.com/works/detail/PBD076",
        "https://premium-beauty.com/works/detail/PBD077"
      ],
      "count": 10
    }
  },
  {
    "https://premium-beauty.com/works/list/date/2010-05-07": {
      "href": [
        "https://premium-beauty.com/works/detail/PGD388",
        "https://premium-beauty.com/works/detail/PGD389",
        "https://premium-beauty.com/works/detail/PBD078",
        "https://premium-beauty.com/works/detail/PGD390",
        "https://premium-beauty.com/works/detail/PGD391",
        "https://premium-beauty.com/works/detail/PGD393",
        "https://premium-beauty.com/works/detail/PGD394",
        "https://premium-beauty.com/works/detail/PGD395",
        "https://premium-beauty.com/works/detail/PGD396",
        "https://premium-beauty.com/works/detail/PGD397"
      ],
      "count": 10
    }
  },
  {
    "https://premium-beauty.com/works/list/date/2010-06-07": {
      "href": [
        "https://premium-beauty.com/works/detail/PGD398",
        "https://premium-beauty.com/works/detail/PGD400",
        "https://premium-beauty.com/works/detail/PGD401",
        "https://premium-beauty.com/works/detail/PGD402",
        "https://premium-beauty.com/works/detail/PGD403",
        "https://premium-beauty.com/works/detail/PGD404",
        "https://premium-beauty.com/works/detail/PBD080",
        "https://premium-beauty.com/works/detail/PBD081",
        "https://premium-beauty.com/works/detail/PBD082",
        "https://premium-beauty.com/works/detail/PBD083"
      ],
      "count": 10
    }
  },
  {
    "https://premium-beauty.com/works/list/date/2010-07-07": {
      "href": [
        "https://premium-beauty.com/works/detail/PGD405",
        "https://premium-beauty.com/works/detail/PGD406",
        "https://premium-beauty.com/works/detail/PGD407",
        "https://premium-beauty.com/works/detail/PGD408",
        "https://premium-beauty.com/works/detail/PGD409",
        "https://premium-beauty.com/works/detail/PGD411",
        "https://premium-beauty.com/works/detail/PGD412",
        "https://premium-beauty.com/works/detail/PGD413",
        "https://premium-beauty.com/works/detail/PGD414",
        "https://premium-beauty.com/works/detail/PBD084",
        "https://premium-beauty.com/works/detail/PBD085"
      ],
      "count": 11
    }
  },
  {
    "https://premium-beauty.com/works/list/date/2010-08-07": {
      "href": [
        "https://premium-beauty.com/works/detail/PGD415",
        "https://premium-beauty.com/works/detail/PGD417",
        "https://premium-beauty.com/works/detail/PGD418",
        "https://premium-beauty.com/works/detail/PGD419",
        "https://premium-beauty.com/works/detail/PGD420",
        "https://premium-beauty.com/works/detail/PGD422",
        "https://premium-beauty.com/works/detail/PGD423",
        "https://premium-beauty.com/works/detail/PGD424",
        "https://premium-beauty.com/works/detail/PBD086"
      ],
      "count": 9
    }
  },
  {
    "https://premium-beauty.com/works/list/date/2010-09-07": {
      "href": [
        "https://premium-beauty.com/works/detail/PGD425",
        "https://premium-beauty.com/works/detail/PGD426",
        "https://premium-beauty.com/works/detail/PGD427",
        "https://premium-beauty.com/works/detail/PGD428",
        "https://premium-beauty.com/works/detail/PGD429",
        "https://premium-beauty.com/works/detail/PGD430",
        "https://premium-beauty.com/works/detail/PGD431",
        "https://premium-beauty.com/works/detail/PGD432",
        "https://premium-beauty.com/works/detail/PGD433",
        "https://premium-beauty.com/works/detail/PGD434",
        "https://premium-beauty.com/works/detail/PBD087"
      ],
      "count": 11
    }
  },
  {
    "https://premium-beauty.com/works/list/date/2010-10-07": {
      "href": [
        "https://premium-beauty.com/works/detail/PGD435",
        "https://premium-beauty.com/works/detail/PGD436",
        "https://premium-beauty.com/works/detail/PGD437",
        "https://premium-beauty.com/works/detail/PGD438",
        "https://premium-beauty.com/works/detail/PGD439",
        "https://premium-beauty.com/works/detail/PGD441",
        "https://premium-beauty.com/works/detail/PGD442",
        "https://premium-beauty.com/works/detail/PGD443",
        "https://premium-beauty.com/works/detail/PGD444",
        "https://premium-beauty.com/works/detail/PGD445",
        "https://premium-beauty.com/works/detail/PBD089"
      ],
      "count": 11
    }
  },
  {
    "https://premium-beauty.com/works/list/date/2010-11-07": {
      "href": [
        "https://premium-beauty.com/works/detail/PGD446",
        "https://premium-beauty.com/works/detail/PGD447",
        "https://premium-beauty.com/works/detail/PGD448",
        "https://premium-beauty.com/works/detail/PGD449",
        "https://premium-beauty.com/works/detail/PGD450",
        "https://premium-beauty.com/works/detail/PGD451",
        "https://premium-beauty.com/works/detail/PGD453",
        "https://premium-beauty.com/works/detail/PGD454",
        "https://premium-beauty.com/works/detail/PGD455",
        "https://premium-beauty.com/works/detail/PGD456",
        "https://premium-beauty.com/works/detail/PBD090"
      ],
      "count": 11
    }
  },
  {
    "https://premium-beauty.com/works/list/date/2010-12-07": {
      "href": [
        "https://premium-beauty.com/works/detail/PGD457",
        "https://premium-beauty.com/works/detail/PJD025",
        "https://premium-beauty.com/works/detail/PXD022",
        "https://premium-beauty.com/works/detail/PGD458",
        "https://premium-beauty.com/works/detail/PGD459",
        "https://premium-beauty.com/works/detail/PGD461",
        "https://premium-beauty.com/works/detail/PGD462",
        "https://premium-beauty.com/works/detail/PGD463",
        "https://premium-beauty.com/works/detail/PGD464",
        "https://premium-beauty.com/works/detail/PGD465",
        "https://premium-beauty.com/works/detail/PBD091"
      ],
      "count": 11
    }
  },
  {
    "https://premium-beauty.com/works/list/date/2011-01-07": {
      "href": [
        "https://premium-beauty.com/works/detail/PGD466",
        "https://premium-beauty.com/works/detail/PGD467",
        "https://premium-beauty.com/works/detail/PGD468",
        "https://premium-beauty.com/works/detail/PGD469",
        "https://premium-beauty.com/works/detail/PGD470",
        "https://premium-beauty.com/works/detail/PGD472",
        "https://premium-beauty.com/works/detail/PGD473",
        "https://premium-beauty.com/works/detail/PGD474",
        "https://premium-beauty.com/works/detail/PBD092",
        "https://premium-beauty.com/works/detail/PBD093",
        "https://premium-beauty.com/works/detail/PBD094"
      ],
      "count": 11
    }
  },
  {
    "https://premium-beauty.com/works/list/date/2011-02-07": {
      "href": [
        "https://premium-beauty.com/works/detail/PGD476",
        "https://premium-beauty.com/works/detail/PGD477",
        "https://premium-beauty.com/works/detail/PGD478",
        "https://premium-beauty.com/works/detail/PGD479",
        "https://premium-beauty.com/works/detail/PGD480",
        "https://premium-beauty.com/works/detail/PBD095",
        "https://premium-beauty.com/works/detail/PBD096",
        "https://premium-beauty.com/works/detail/PBD097"
      ],
      "count": 8
    }
  },
  {
    "https://premium-beauty.com/works/list/date/2011-03-07": {
      "href": [
        "https://premium-beauty.com/works/detail/PBD099",
        "https://premium-beauty.com/works/detail/PGD482",
        "https://premium-beauty.com/works/detail/PXD023",
        "https://premium-beauty.com/works/detail/PGD483",
        "https://premium-beauty.com/works/detail/PGD484",
        "https://premium-beauty.com/works/detail/PGD485",
        "https://premium-beauty.com/works/detail/PBD101",
        "https://premium-beauty.com/works/detail/PBD100"
      ],
      "count": 8
    }
  },
  {
    "https://premium-beauty.com/works/list/date/2011-04-07": {
      "href": [
        "https://premium-beauty.com/works/detail/PGD487",
        "https://premium-beauty.com/works/detail/PGD488",
        "https://premium-beauty.com/works/detail/PBD102",
        "https://premium-beauty.com/works/detail/PBD103",
        "https://premium-beauty.com/works/detail/PGD492",
        "https://premium-beauty.com/works/detail/PGD493",
        "https://premium-beauty.com/works/detail/PBD098",
        "https://premium-beauty.com/works/detail/PGD490"
      ],
      "count": 8
    }
  },
  {
    "https://premium-beauty.com/works/list/date/2011-05-07": {
      "href": [
        "https://premium-beauty.com/works/detail/PID001",
        "https://premium-beauty.com/works/detail/PGD494",
        "https://premium-beauty.com/works/detail/PGD495",
        "https://premium-beauty.com/works/detail/PGD498",
        "https://premium-beauty.com/works/detail/PBD104",
        "https://premium-beauty.com/works/detail/PBD106"
      ],
      "count": 6
    }
  },
  {
    "https://premium-beauty.com/works/list/date/2011-06-07": {
      "href": [
        "https://premium-beauty.com/works/detail/PGD499",
        "https://premium-beauty.com/works/detail/PID002",
        "https://premium-beauty.com/works/detail/PID003",
        "https://premium-beauty.com/works/detail/PGD500",
        "https://premium-beauty.com/works/detail/PBD107",
        "https://premium-beauty.com/works/detail/PGD502",
        "https://premium-beauty.com/works/detail/PGD503",
        "https://premium-beauty.com/works/detail/PBD109",
        "https://premium-beauty.com/works/detail/PBD108"
      ],
      "count": 9
    }
  },
  {
    "https://premium-beauty.com/works/list/date/2011-07-07": {
      "href": [
        "https://premium-beauty.com/works/detail/PGD504",
        "https://premium-beauty.com/works/detail/PGD507",
        "https://premium-beauty.com/works/detail/PGD508",
        "https://premium-beauty.com/works/detail/PBD112",
        "https://premium-beauty.com/works/detail/PBD110",
        "https://premium-beauty.com/works/detail/PBD111"
      ],
      "count": 6
    }
  },
  {
    "https://premium-beauty.com/works/list/date/2011-08-07": {
      "href": [
        "https://premium-beauty.com/works/detail/PGD509",
        "https://premium-beauty.com/works/detail/PID004",
        "https://premium-beauty.com/works/detail/PGD510",
        "https://premium-beauty.com/works/detail/PGD512",
        "https://premium-beauty.com/works/detail/PGD511",
        "https://premium-beauty.com/works/detail/PGD515",
        "https://premium-beauty.com/works/detail/PBD113",
        "https://premium-beauty.com/works/detail/PBD114",
        "https://premium-beauty.com/works/detail/PBD115"
      ],
      "count": 9
    }
  },
  {
    "https://premium-beauty.com/works/list/date/2011-09-07": {
      "href": [
        "https://premium-beauty.com/works/detail/PGD518",
        "https://premium-beauty.com/works/detail/PGD517",
        "https://premium-beauty.com/works/detail/PGD519",
        "https://premium-beauty.com/works/detail/PGD520",
        "https://premium-beauty.com/works/detail/PGD522",
        "https://premium-beauty.com/works/detail/PGD524",
        "https://premium-beauty.com/works/detail/PGD513",
        "https://premium-beauty.com/works/detail/PBD116",
        "https://premium-beauty.com/works/detail/PBD117",
        "https://premium-beauty.com/works/detail/PBD118"
      ],
      "count": 10
    }
  },
  {
    "https://premium-beauty.com/works/list/date/2011-10-07": {
      "href": [
        "https://premium-beauty.com/works/detail/PGD525",
        "https://premium-beauty.com/works/detail/PGD526",
        "https://premium-beauty.com/works/detail/PGD527",
        "https://premium-beauty.com/works/detail/PGD529",
        "https://premium-beauty.com/works/detail/PGD530",
        "https://premium-beauty.com/works/detail/PBD119",
        "https://premium-beauty.com/works/detail/PBD120",
        "https://premium-beauty.com/works/detail/PBD121"
      ],
      "count": 8
    }
  },
  {
    "https://premium-beauty.com/works/list/date/2011-11-07": {
      "href": [
        "https://premium-beauty.com/works/detail/PID005",
        "https://premium-beauty.com/works/detail/PGD533",
        "https://premium-beauty.com/works/detail/PGD534",
        "https://premium-beauty.com/works/detail/PGD535",
        "https://premium-beauty.com/works/detail/PGD537",
        "https://premium-beauty.com/works/detail/PGD539",
        "https://premium-beauty.com/works/detail/PBD123",
        "https://premium-beauty.com/works/detail/PBD124",
        "https://premium-beauty.com/works/detail/PBD125"
      ],
      "count": 9
    }
  },
  {
    "https://premium-beauty.com/works/list/date/2011-12-07": {
      "href": [
        "https://premium-beauty.com/works/detail/PGD540",
        "https://premium-beauty.com/works/detail/PGD541",
        "https://premium-beauty.com/works/detail/PGD542",
        "https://premium-beauty.com/works/detail/PGD543",
        "https://premium-beauty.com/works/detail/PGD544",
        "https://premium-beauty.com/works/detail/PGD545",
        "https://premium-beauty.com/works/detail/PGD547",
        "https://premium-beauty.com/works/detail/PGD548",
        "https://premium-beauty.com/works/detail/PJD026",
        "https://premium-beauty.com/works/detail/PBD126",
        "https://premium-beauty.com/works/detail/PBD127",
        "https://premium-beauty.com/works/detail/PBD128",
        "https://premium-beauty.com/works/detail/PBD129"
      ],
      "count": 13
    }
  },
  {
    "https://premium-beauty.com/works/list/date/2012-01-07": {
      "href": [
        "https://premium-beauty.com/works/detail/PGD550",
        "https://premium-beauty.com/works/detail/PGD551",
        "https://premium-beauty.com/works/detail/PGD552",
        "https://premium-beauty.com/works/detail/PGD553",
        "https://premium-beauty.com/works/detail/PGD554",
        "https://premium-beauty.com/works/detail/PGD555",
        "https://premium-beauty.com/works/detail/PGD556",
        "https://premium-beauty.com/works/detail/PGD557",
        "https://premium-beauty.com/works/detail/PJD027",
        "https://premium-beauty.com/works/detail/PBD130",
        "https://premium-beauty.com/works/detail/PBD131",
        "https://premium-beauty.com/works/detail/PBD133"
      ],
      "count": 12
    }
  },
  {
    "https://premium-beauty.com/works/list/date/2012-02-07": {
      "href": [
        "https://premium-beauty.com/works/detail/PGD558",
        "https://premium-beauty.com/works/detail/PGD559",
        "https://premium-beauty.com/works/detail/PGD561",
        "https://premium-beauty.com/works/detail/PGD562",
        "https://premium-beauty.com/works/detail/PGD563",
        "https://premium-beauty.com/works/detail/PGD564",
        "https://premium-beauty.com/works/detail/PGD566",
        "https://premium-beauty.com/works/detail/PBD134",
        "https://premium-beauty.com/works/detail/PBD135",
        "https://premium-beauty.com/works/detail/PBD136",
        "https://premium-beauty.com/works/detail/PBD137"
      ],
      "count": 11
    }
  },
  {
    "https://premium-beauty.com/works/list/date/2012-03-07": {
      "href": [
        "https://premium-beauty.com/works/detail/PID006",
        "https://premium-beauty.com/works/detail/PGD567",
        "https://premium-beauty.com/works/detail/PGD568",
        "https://premium-beauty.com/works/detail/PGD570",
        "https://premium-beauty.com/works/detail/PGD571",
        "https://premium-beauty.com/works/detail/PGD572",
        "https://premium-beauty.com/works/detail/PGD573",
        "https://premium-beauty.com/works/detail/PBD138",
        "https://premium-beauty.com/works/detail/PBD139",
        "https://premium-beauty.com/works/detail/PBD140",
        "https://premium-beauty.com/works/detail/PBD141"
      ],
      "count": 11
    }
  },
  {
    "https://premium-beauty.com/works/list/date/2012-04-07": {
      "href": [
        "https://premium-beauty.com/works/detail/PGD575",
        "https://premium-beauty.com/works/detail/PGD576",
        "https://premium-beauty.com/works/detail/PGD578",
        "https://premium-beauty.com/works/detail/PGD579",
        "https://premium-beauty.com/works/detail/PGD580",
        "https://premium-beauty.com/works/detail/PGD581",
        "https://premium-beauty.com/works/detail/PJD028",
        "https://premium-beauty.com/works/detail/PJD029",
        "https://premium-beauty.com/works/detail/PBD142",
        "https://premium-beauty.com/works/detail/PBD143",
        "https://premium-beauty.com/works/detail/PBD144",
        "https://premium-beauty.com/works/detail/PBD145"
      ],
      "count": 12
    }
  },
  {
    "https://premium-beauty.com/works/list/date/2012-05-07": {
      "href": [
        "https://premium-beauty.com/works/detail/PGD582",
        "https://premium-beauty.com/works/detail/PID007",
        "https://premium-beauty.com/works/detail/PGD583",
        "https://premium-beauty.com/works/detail/PGD584",
        "https://premium-beauty.com/works/detail/PGD585",
        "https://premium-beauty.com/works/detail/PGD586",
        "https://premium-beauty.com/works/detail/PGD587",
        "https://premium-beauty.com/works/detail/PGD588",
        "https://premium-beauty.com/works/detail/PGD589",
        "https://premium-beauty.com/works/detail/PBD147",
        "https://premium-beauty.com/works/detail/PBD148",
        "https://premium-beauty.com/works/detail/PBD149"
      ],
      "count": 12
    }
  },
  {
    "https://premium-beauty.com/works/list/date/2012-06-07": {
      "href": [
        "https://premium-beauty.com/works/detail/PGD590",
        "https://premium-beauty.com/works/detail/PGD591",
        "https://premium-beauty.com/works/detail/PGD592",
        "https://premium-beauty.com/works/detail/PGD593",
        "https://premium-beauty.com/works/detail/PGD594",
        "https://premium-beauty.com/works/detail/PGD595",
        "https://premium-beauty.com/works/detail/PJD030",
        "https://premium-beauty.com/works/detail/PBD150",
        "https://premium-beauty.com/works/detail/PBD151",
        "https://premium-beauty.com/works/detail/PBD152",
        "https://premium-beauty.com/works/detail/PBD153"
      ],
      "count": 11
    }
  },
  {
    "https://premium-beauty.com/works/list/date/2012-07-07": {
      "href": [
        "https://premium-beauty.com/works/detail/PGD596",
        "https://premium-beauty.com/works/detail/PGD597",
        "https://premium-beauty.com/works/detail/PGD598",
        "https://premium-beauty.com/works/detail/PGD599",
        "https://premium-beauty.com/works/detail/PGD600",
        "https://premium-beauty.com/works/detail/PGD601",
        "https://premium-beauty.com/works/detail/PJD031",
        "https://premium-beauty.com/works/detail/PXD025",
        "https://premium-beauty.com/works/detail/PBD154",
        "https://premium-beauty.com/works/detail/PBD155",
        "https://premium-beauty.com/works/detail/PBD156"
      ],
      "count": 11
    }
  },
  {
    "https://premium-beauty.com/works/list/date/2012-08-07": {
      "href": [
        "https://premium-beauty.com/works/detail/PID008",
        "https://premium-beauty.com/works/detail/PGD602",
        "https://premium-beauty.com/works/detail/PGD603",
        "https://premium-beauty.com/works/detail/PGD604",
        "https://premium-beauty.com/works/detail/PGD605",
        "https://premium-beauty.com/works/detail/PGD606",
        "https://premium-beauty.com/works/detail/PGD607",
        "https://premium-beauty.com/works/detail/PGD608",
        "https://premium-beauty.com/works/detail/PJD033",
        "https://premium-beauty.com/works/detail/PJD034",
        "https://premium-beauty.com/works/detail/PBD157",
        "https://premium-beauty.com/works/detail/PBD158",
        "https://premium-beauty.com/works/detail/PBD159",
        "https://premium-beauty.com/works/detail/PBD160"
      ],
      "count": 14
    }
  },
  {
    "https://premium-beauty.com/works/list/date/2012-09-07": {
      "href": [
        "https://premium-beauty.com/works/detail/PGD609",
        "https://premium-beauty.com/works/detail/PGD610",
        "https://premium-beauty.com/works/detail/PGD611",
        "https://premium-beauty.com/works/detail/PGD612",
        "https://premium-beauty.com/works/detail/PGD613",
        "https://premium-beauty.com/works/detail/PGD614",
        "https://premium-beauty.com/works/detail/PJD035",
        "https://premium-beauty.com/works/detail/PJD036",
        "https://premium-beauty.com/works/detail/PJD037",
        "https://premium-beauty.com/works/detail/PBD161",
        "https://premium-beauty.com/works/detail/PBD162",
        "https://premium-beauty.com/works/detail/PBD163",
        "https://premium-beauty.com/works/detail/PBD164"
      ],
      "count": 13
    }
  },
  {
    "https://premium-beauty.com/works/list/date/2012-12-07": {
      "href": [
        "https://premium-beauty.com/works/detail/PID011",
        "https://premium-beauty.com/works/detail/PGD624",
        "https://premium-beauty.com/works/detail/PGD625",
        "https://premium-beauty.com/works/detail/PGD626",
        "https://premium-beauty.com/works/detail/PGD627",
        "https://premium-beauty.com/works/detail/PJD045",
        "https://premium-beauty.com/works/detail/PJD046",
        "https://premium-beauty.com/works/detail/PJD047",
        "https://premium-beauty.com/works/detail/PJD048",
        "https://premium-beauty.com/works/detail/PJD049",
        "https://premium-beauty.com/works/detail/PJD050",
        "https://premium-beauty.com/works/detail/PBD173",
        "https://premium-beauty.com/works/detail/PBD174",
        "https://premium-beauty.com/works/detail/PBD175",
        "https://premium-beauty.com/works/detail/PBD176",
        "https://premium-beauty.com/works/detail/PBD177"
      ],
      "count": 16
    }
  },
  {
    "https://premium-beauty.com/works/list/date/2013-01-07": {
      "href": [
        "https://premium-beauty.com/works/detail/PTV001",
        "https://premium-beauty.com/works/detail/PID012",
        "https://premium-beauty.com/works/detail/PGD628",
        "https://premium-beauty.com/works/detail/PGD629",
        "https://premium-beauty.com/works/detail/PGD630",
        "https://premium-beauty.com/works/detail/PGD631",
        "https://premium-beauty.com/works/detail/PJD051",
        "https://premium-beauty.com/works/detail/PJD052",
        "https://premium-beauty.com/works/detail/PJD053",
        "https://premium-beauty.com/works/detail/PJD054",
        "https://premium-beauty.com/works/detail/PJD055",
        "https://premium-beauty.com/works/detail/PBD178",
        "https://premium-beauty.com/works/detail/PBD179",
        "https://premium-beauty.com/works/detail/PBD180",
        "https://premium-beauty.com/works/detail/PBD181",
        "https://premium-beauty.com/works/detail/PBD182"
      ],
      "count": 16
    }
  },
  {
    "https://premium-beauty.com/works/list/date/2013-03-07": {
      "href": [
        "https://premium-beauty.com/works/detail/PTV002",
        "https://premium-beauty.com/works/detail/PGD638",
        "https://premium-beauty.com/works/detail/PGD639",
        "https://premium-beauty.com/works/detail/PGD640",
        "https://premium-beauty.com/works/detail/PGD641",
        "https://premium-beauty.com/works/detail/PGD642",
        "https://premium-beauty.com/works/detail/PJD062",
        "https://premium-beauty.com/works/detail/PJD063",
        "https://premium-beauty.com/works/detail/PJD064",
        "https://premium-beauty.com/works/detail/PJD065",
        "https://premium-beauty.com/works/detail/PJD066",
        "https://premium-beauty.com/works/detail/PJD067",
        "https://premium-beauty.com/works/detail/PBD188",
        "https://premium-beauty.com/works/detail/PBD189",
        "https://premium-beauty.com/works/detail/PBD190",
        "https://premium-beauty.com/works/detail/PBD191",
        "https://premium-beauty.com/works/detail/PBD192"
      ],
      "count": 17
    }
  },
  {
    "https://premium-beauty.com/works/list/date/2013-04-07": {
      "href": [
        "https://premium-beauty.com/works/detail/PGD643",
        "https://premium-beauty.com/works/detail/PID013",
        "https://premium-beauty.com/works/detail/PGD644",
        "https://premium-beauty.com/works/detail/PGD645",
        "https://premium-beauty.com/works/detail/PGD646",
        "https://premium-beauty.com/works/detail/PJD068",
        "https://premium-beauty.com/works/detail/PJD069",
        "https://premium-beauty.com/works/detail/PGD647",
        "https://premium-beauty.com/works/detail/PGD648",
        "https://premium-beauty.com/works/detail/PJD070",
        "https://premium-beauty.com/works/detail/PBD193",
        "https://premium-beauty.com/works/detail/PBD194",
        "https://premium-beauty.com/works/detail/PBD196",
        "https://premium-beauty.com/works/detail/PBD197",
        "https://premium-beauty.com/works/detail/PBD195"
      ],
      "count": 15
    }
  },
  {
    "https://premium-beauty.com/works/list/date/2013-05-07": {
      "href": [
        "https://premium-beauty.com/works/detail/PID014",
        "https://premium-beauty.com/works/detail/PGD649",
        "https://premium-beauty.com/works/detail/PGD650",
        "https://premium-beauty.com/works/detail/PGD651",
        "https://premium-beauty.com/works/detail/PJD071",
        "https://premium-beauty.com/works/detail/PJD072",
        "https://premium-beauty.com/works/detail/PJD073",
        "https://premium-beauty.com/works/detail/PBD199",
        "https://premium-beauty.com/works/detail/PBD200",
        "https://premium-beauty.com/works/detail/PBD201",
        "https://premium-beauty.com/works/detail/PBD202"
      ],
      "count": 11
    }
  },
  {
    "https://premium-beauty.com/works/list/date/2013-06-07": {
      "href": [
        "https://premium-beauty.com/works/detail/PTV003",
        "https://premium-beauty.com/works/detail/PID015",
        "https://premium-beauty.com/works/detail/PGD652",
        "https://premium-beauty.com/works/detail/PGD653",
        "https://premium-beauty.com/works/detail/PGD654",
        "https://premium-beauty.com/works/detail/PGD655",
        "https://premium-beauty.com/works/detail/PGD656",
        "https://premium-beauty.com/works/detail/PJD074",
        "https://premium-beauty.com/works/detail/PJD075",
        "https://premium-beauty.com/works/detail/PJD076",
        "https://premium-beauty.com/works/detail/PBD203",
        "https://premium-beauty.com/works/detail/PBD204",
        "https://premium-beauty.com/works/detail/PBD205",
        "https://premium-beauty.com/works/detail/PBD206",
        "https://premium-beauty.com/works/detail/PBD207"
      ],
      "count": 15
    }
  },
  {
    "https://premium-beauty.com/works/list/date/2013-07-07": {
      "href": [
        "https://premium-beauty.com/works/detail/PGD657",
        "https://premium-beauty.com/works/detail/PGD659",
        "https://premium-beauty.com/works/detail/PGD658",
        "https://premium-beauty.com/works/detail/PJD078",
        "https://premium-beauty.com/works/detail/PJD077",
        "https://premium-beauty.com/works/detail/PGD660",
        "https://premium-beauty.com/works/detail/PGD661",
        "https://premium-beauty.com/works/detail/PGD662",
        "https://premium-beauty.com/works/detail/PJD079",
        "https://premium-beauty.com/works/detail/PJD080",
        "https://premium-beauty.com/works/detail/PBD208",
        "https://premium-beauty.com/works/detail/PBD209",
        "https://premium-beauty.com/works/detail/PBD210",
        "https://premium-beauty.com/works/detail/PBD212"
      ],
      "count": 14
    }
  },
  {
    "https://premium-beauty.com/works/list/date/2013-08-07": {
      "href": [
        "https://premium-beauty.com/works/detail/PID016",
        "https://premium-beauty.com/works/detail/PGD663",
        "https://premium-beauty.com/works/detail/PJD082",
        "https://premium-beauty.com/works/detail/PGD664",
        "https://premium-beauty.com/works/detail/PGD665",
        "https://premium-beauty.com/works/detail/PGD666",
        "https://premium-beauty.com/works/detail/PID017",
        "https://premium-beauty.com/works/detail/PGD667",
        "https://premium-beauty.com/works/detail/PXD028",
        "https://premium-beauty.com/works/detail/PJD084",
        "https://premium-beauty.com/works/detail/PBD215",
        "https://premium-beauty.com/works/detail/PBD213",
        "https://premium-beauty.com/works/detail/PBD214",
        "https://premium-beauty.com/works/detail/PBD216",
        "https://premium-beauty.com/works/detail/PBD217"
      ],
      "count": 15
    }
  },
  {
    "https://premium-beauty.com/works/list/date/2013-09-07": {
      "href": [
        "https://premium-beauty.com/works/detail/PGD668",
        "https://premium-beauty.com/works/detail/PGD669",
        "https://premium-beauty.com/works/detail/PGD670",
        "https://premium-beauty.com/works/detail/PGD671",
        "https://premium-beauty.com/works/detail/PJD087",
        "https://premium-beauty.com/works/detail/PBD218",
        "https://premium-beauty.com/works/detail/PBD219",
        "https://premium-beauty.com/works/detail/PBD220",
        "https://premium-beauty.com/works/detail/PBD221",
        "https://premium-beauty.com/works/detail/PBD222"
      ],
      "count": 10
    }
  },
  {
    "https://premium-beauty.com/works/list/date/2013-10-07": {
      "href": [
        "https://premium-beauty.com/works/detail/PGD672",
        "https://premium-beauty.com/works/detail/PGD673",
        "https://premium-beauty.com/works/detail/PID018",
        "https://premium-beauty.com/works/detail/PGD674",
        "https://premium-beauty.com/works/detail/PJD088",
        "https://premium-beauty.com/works/detail/PJD089",
        "https://premium-beauty.com/works/detail/PBD223",
        "https://premium-beauty.com/works/detail/PBD225",
        "https://premium-beauty.com/works/detail/PBD226",
        "https://premium-beauty.com/works/detail/PBD227"
      ],
      "count": 10
    }
  },
  {
    "https://premium-beauty.com/works/list/date/2013-11-07": {
      "href": [
        "https://premium-beauty.com/works/detail/PGD675",
        "https://premium-beauty.com/works/detail/PID019",
        "https://premium-beauty.com/works/detail/PGD676",
        "https://premium-beauty.com/works/detail/PGD677",
        "https://premium-beauty.com/works/detail/PJD090",
        "https://premium-beauty.com/works/detail/PJD091",
        "https://premium-beauty.com/works/detail/PJD092",
        "https://premium-beauty.com/works/detail/PBD228",
        "https://premium-beauty.com/works/detail/PBD229",
        "https://premium-beauty.com/works/detail/PBD230",
        "https://premium-beauty.com/works/detail/PBD231",
        "https://premium-beauty.com/works/detail/PBD232"
      ],
      "count": 12
    }
  },
  {
    "https://premium-beauty.com/works/list/date/2013-12-07": {
      "href": [
        "https://premium-beauty.com/works/detail/PGD678",
        "https://premium-beauty.com/works/detail/PTV004",
        "https://premium-beauty.com/works/detail/PXD029",
        "https://premium-beauty.com/works/detail/PID020",
        "https://premium-beauty.com/works/detail/PGD679",
        "https://premium-beauty.com/works/detail/PJD094",
        "https://premium-beauty.com/works/detail/PBD233",
        "https://premium-beauty.com/works/detail/PBD234",
        "https://premium-beauty.com/works/detail/PBD235",
        "https://premium-beauty.com/works/detail/PBD236",
        "https://premium-beauty.com/works/detail/PBD237"
      ],
      "count": 11
    }
  },
  {
    "https://premium-beauty.com/works/list/date/2014-01-07": {
      "href": [
        "https://premium-beauty.com/works/detail/PID021",
        "https://premium-beauty.com/works/detail/PGD681",
        "https://premium-beauty.com/works/detail/PJD095",
        "https://premium-beauty.com/works/detail/PBD238",
        "https://premium-beauty.com/works/detail/PBD239",
        "https://premium-beauty.com/works/detail/PBD240",
        "https://premium-beauty.com/works/detail/PBD241",
        "https://premium-beauty.com/works/detail/PBD242"
      ],
      "count": 8
    }
  },
  {
    "https://premium-beauty.com/works/list/date/2014-02-07": {
      "href": [
        "https://premium-beauty.com/works/detail/PGD682",
        "https://premium-beauty.com/works/detail/PGD683",
        "https://premium-beauty.com/works/detail/PBD244",
        "https://premium-beauty.com/works/detail/PBD245",
        "https://premium-beauty.com/works/detail/PBD246",
        "https://premium-beauty.com/works/detail/PBD247"
      ],
      "count": 6
    }
  },
  {
    "https://premium-beauty.com/works/list/date/2014-03-07": {
      "href": [
        "https://premium-beauty.com/works/detail/PGD684",
        "https://premium-beauty.com/works/detail/PGD685",
        "https://premium-beauty.com/works/detail/PBD249",
        "https://premium-beauty.com/works/detail/PBD248",
        "https://premium-beauty.com/works/detail/PBD250",
        "https://premium-beauty.com/works/detail/PBD251",
        "https://premium-beauty.com/works/detail/PBD252"
      ],
      "count": 7
    }
  },
  {
    "https://premium-beauty.com/works/list/date/2014-04-07": {
      "href": [
        "https://premium-beauty.com/works/detail/PGD687",
        "https://premium-beauty.com/works/detail/PGD689",
        "https://premium-beauty.com/works/detail/PGD688",
        "https://premium-beauty.com/works/detail/PGD686",
        "https://premium-beauty.com/works/detail/PBD253",
        "https://premium-beauty.com/works/detail/PBD254",
        "https://premium-beauty.com/works/detail/PBD255",
        "https://premium-beauty.com/works/detail/PBD256"
      ],
      "count": 8
    }
  },
  {
    "https://premium-beauty.com/works/list/date/2014-05-07": {
      "href": [
        "https://premium-beauty.com/works/detail/PGD690",
        "https://premium-beauty.com/works/detail/PGD693",
        "https://premium-beauty.com/works/detail/PGD692",
        "https://premium-beauty.com/works/detail/PGD694",
        "https://premium-beauty.com/works/detail/PGD691",
        "https://premium-beauty.com/works/detail/PGD695",
        "https://premium-beauty.com/works/detail/PBD257",
        "https://premium-beauty.com/works/detail/PBD258",
        "https://premium-beauty.com/works/detail/PBD259",
        "https://premium-beauty.com/works/detail/PBD260"
      ],
      "count": 10
    }
  },
  {
    "https://premium-beauty.com/works/list/date/2014-06-07": {
      "href": [
        "https://premium-beauty.com/works/detail/PGD696",
        "https://premium-beauty.com/works/detail/PGD697",
        "https://premium-beauty.com/works/detail/PGD700",
        "https://premium-beauty.com/works/detail/PGD699",
        "https://premium-beauty.com/works/detail/PGD701",
        "https://premium-beauty.com/works/detail/PBD261",
        "https://premium-beauty.com/works/detail/PBD262",
        "https://premium-beauty.com/works/detail/PBD263"
      ],
      "count": 8
    }
  },
  {
    "https://premium-beauty.com/works/list/date/2014-07-07": {
      "href": [
        "https://premium-beauty.com/works/detail/PGD703",
        "https://premium-beauty.com/works/detail/PGD704",
        "https://premium-beauty.com/works/detail/PGD702",
        "https://premium-beauty.com/works/detail/PGD705",
        "https://premium-beauty.com/works/detail/PGD706",
        "https://premium-beauty.com/works/detail/PGD707",
        "https://premium-beauty.com/works/detail/PBD264",
        "https://premium-beauty.com/works/detail/PBD265"
      ],
      "count": 8
    }
  },
  {
    "https://premium-beauty.com/works/list/date/2014-08-01": {
      "href": [
        "https://premium-beauty.com/works/detail/AVOP067"
      ],
      "count": 1
    }
  },
  {
    "https://premium-beauty.com/works/list/date/2014-08-07": {
      "href": [
        "https://premium-beauty.com/works/detail/PGD708",
        "https://premium-beauty.com/works/detail/PGD710",
        "https://premium-beauty.com/works/detail/PGD711",
        "https://premium-beauty.com/works/detail/PGD712",
        "https://premium-beauty.com/works/detail/PBD268",
        "https://premium-beauty.com/works/detail/PBD269",
        "https://premium-beauty.com/works/detail/PBD270"
      ],
      "count": 7
    }
  },
  {
    "https://premium-beauty.com/works/list/date/2014-09-07": {
      "href": [
        "https://premium-beauty.com/works/detail/PGD713",
        "https://premium-beauty.com/works/detail/PGD714",
        "https://premium-beauty.com/works/detail/PGD715",
        "https://premium-beauty.com/works/detail/PGD716",
        "https://premium-beauty.com/works/detail/PGD717",
        "https://premium-beauty.com/works/detail/PGD718",
        "https://premium-beauty.com/works/detail/PGD719",
        "https://premium-beauty.com/works/detail/PGD720",
        "https://premium-beauty.com/works/detail/PBD271",
        "https://premium-beauty.com/works/detail/PBD272",
        "https://premium-beauty.com/works/detail/PBD273",
        "https://premium-beauty.com/works/detail/PBD274"
      ],
      "count": 12
    }
  },
  {
    "https://premium-beauty.com/works/list/date/2014-10-07": {
      "href": [
        "https://premium-beauty.com/works/detail/PID022",
        "https://premium-beauty.com/works/detail/PGD721",
        "https://premium-beauty.com/works/detail/PGD722",
        "https://premium-beauty.com/works/detail/PGD723",
        "https://premium-beauty.com/works/detail/PGD724",
        "https://premium-beauty.com/works/detail/PGD725",
        "https://premium-beauty.com/works/detail/PGD726",
        "https://premium-beauty.com/works/detail/PGD727",
        "https://premium-beauty.com/works/detail/PBD275",
        "https://premium-beauty.com/works/detail/PBD276",
        "https://premium-beauty.com/works/detail/PBD277",
        "https://premium-beauty.com/works/detail/PBD278"
      ],
      "count": 12
    }
  },
  {
    "https://premium-beauty.com/works/list/date/2014-11-07": {
      "href": [
        "https://premium-beauty.com/works/detail/PGD728",
        "https://premium-beauty.com/works/detail/PGD729",
        "https://premium-beauty.com/works/detail/PGD730",
        "https://premium-beauty.com/works/detail/PGD731",
        "https://premium-beauty.com/works/detail/PGD732",
        "https://premium-beauty.com/works/detail/PGD733",
        "https://premium-beauty.com/works/detail/PGD734",
        "https://premium-beauty.com/works/detail/PGD735",
        "https://premium-beauty.com/works/detail/PBD279",
        "https://premium-beauty.com/works/detail/PBD280",
        "https://premium-beauty.com/works/detail/PBD281",
        "https://premium-beauty.com/works/detail/PBD282"
      ],
      "count": 12
    }
  },
  {
    "https://premium-beauty.com/works/list/date/2014-12-07": {
      "href": [
        "https://premium-beauty.com/works/detail/PGD736",
        "https://premium-beauty.com/works/detail/PGD738",
        "https://premium-beauty.com/works/detail/PGD739",
        "https://premium-beauty.com/works/detail/PGD740",
        "https://premium-beauty.com/works/detail/PGD741",
        "https://premium-beauty.com/works/detail/PGD742",
        "https://premium-beauty.com/works/detail/PBD283",
        "https://premium-beauty.com/works/detail/PBD284",
        "https://premium-beauty.com/works/detail/PBD285",
        "https://premium-beauty.com/works/detail/PBD286"
      ],
      "count": 10
    }
  },
  {
    "https://premium-beauty.com/works/list/date/2015-01-07": {
      "href": [
        "https://premium-beauty.com/works/detail/PGD743",
        "https://premium-beauty.com/works/detail/PGD744",
        "https://premium-beauty.com/works/detail/PGD746",
        "https://premium-beauty.com/works/detail/PGD747",
        "https://premium-beauty.com/works/detail/PGD749",
        "https://premium-beauty.com/works/detail/PBD287",
        "https://premium-beauty.com/works/detail/PBD288",
        "https://premium-beauty.com/works/detail/PBD289",
        "https://premium-beauty.com/works/detail/PBD290"
      ],
      "count": 9
    }
  },
  {
    "https://premium-beauty.com/works/list/date/2015-02-07": {
      "href": [
        "https://premium-beauty.com/works/detail/PGD750",
        "https://premium-beauty.com/works/detail/PGD751",
        "https://premium-beauty.com/works/detail/PGD753",
        "https://premium-beauty.com/works/detail/PGD754",
        "https://premium-beauty.com/works/detail/PGD755",
        "https://premium-beauty.com/works/detail/PGD756",
        "https://premium-beauty.com/works/detail/PBD291",
        "https://premium-beauty.com/works/detail/PBD292",
        "https://premium-beauty.com/works/detail/PBD293"
      ],
      "count": 9
    }
  },
  {
    "https://premium-beauty.com/works/list/date/2015-03-07": {
      "href": [
        "https://premium-beauty.com/works/detail/PGD758",
        "https://premium-beauty.com/works/detail/PGD759",
        "https://premium-beauty.com/works/detail/PGD763",
        "https://premium-beauty.com/works/detail/PGD764",
        "https://premium-beauty.com/works/detail/PGD765",
        "https://premium-beauty.com/works/detail/PBD294",
        "https://premium-beauty.com/works/detail/PBD295",
        "https://premium-beauty.com/works/detail/PBD296"
      ],
      "count": 8
    }
  },
  {
    "https://premium-beauty.com/works/list/date/2015-04-07": {
      "href": [
        "https://premium-beauty.com/works/detail/PGD766",
        "https://premium-beauty.com/works/detail/PGD767",
        "https://premium-beauty.com/works/detail/PGD768",
        "https://premium-beauty.com/works/detail/PGD769",
        "https://premium-beauty.com/works/detail/PGD770",
        "https://premium-beauty.com/works/detail/PGD771",
        "https://premium-beauty.com/works/detail/PGD772",
        "https://premium-beauty.com/works/detail/PGD773",
        "https://premium-beauty.com/works/detail/PBD297",
        "https://premium-beauty.com/works/detail/PBD298",
        "https://premium-beauty.com/works/detail/PBD299"
      ],
      "count": 11
    }
  },
  {
    "https://premium-beauty.com/works/list/date/2015-05-07": {
      "href": [
        "https://premium-beauty.com/works/detail/PGD774",
        "https://premium-beauty.com/works/detail/PGD775",
        "https://premium-beauty.com/works/detail/PGD776",
        "https://premium-beauty.com/works/detail/PGD778",
        "https://premium-beauty.com/works/detail/PGD779",
        "https://premium-beauty.com/works/detail/PGD780",
        "https://premium-beauty.com/works/detail/PGD782",
        "https://premium-beauty.com/works/detail/PBD300",
        "https://premium-beauty.com/works/detail/PBD301"
      ],
      "count": 9
    }
  },
  {
    "https://premium-beauty.com/works/list/date/2015-06-07": {
      "href": [
        "https://premium-beauty.com/works/detail/PGD783",
        "https://premium-beauty.com/works/detail/PGD784",
        "https://premium-beauty.com/works/detail/PGD785",
        "https://premium-beauty.com/works/detail/PGD786",
        "https://premium-beauty.com/works/detail/PGD787",
        "https://premium-beauty.com/works/detail/PGD788",
        "https://premium-beauty.com/works/detail/PGD789",
        "https://premium-beauty.com/works/detail/PGD790",
        "https://premium-beauty.com/works/detail/PGD791",
        "https://premium-beauty.com/works/detail/PBD302",
        "https://premium-beauty.com/works/detail/PBD303"
      ],
      "count": 11
    }
  },
  {
    "https://premium-beauty.com/works/list/date/2012-11-07": {
      "href": [
        "https://premium-beauty.com/works/detail/PID010",
        "https://premium-beauty.com/works/detail/PGD620",
        "https://premium-beauty.com/works/detail/PGD621",
        "https://premium-beauty.com/works/detail/PGD622",
        "https://premium-beauty.com/works/detail/PGD623",
        "https://premium-beauty.com/works/detail/PJD042",
        "https://premium-beauty.com/works/detail/PJD043",
        "https://premium-beauty.com/works/detail/PJD044",
        "https://premium-beauty.com/works/detail/PBD170",
        "https://premium-beauty.com/works/detail/PBD169",
        "https://premium-beauty.com/works/detail/PBD171",
        "https://premium-beauty.com/works/detail/PBD172"
      ],
      "count": 12
    }
  },
  {
    "https://premium-beauty.com/works/list/date/2012-10-07": {
      "href": [
        "https://premium-beauty.com/works/detail/PID009",
        "https://premium-beauty.com/works/detail/PGD615",
        "https://premium-beauty.com/works/detail/PGD616",
        "https://premium-beauty.com/works/detail/PGD617",
        "https://premium-beauty.com/works/detail/PGD618",
        "https://premium-beauty.com/works/detail/PGD619",
        "https://premium-beauty.com/works/detail/PJD038",
        "https://premium-beauty.com/works/detail/PJD040",
        "https://premium-beauty.com/works/detail/PJD041",
        "https://premium-beauty.com/works/detail/PBD165",
        "https://premium-beauty.com/works/detail/PBD166",
        "https://premium-beauty.com/works/detail/PBD167",
        "https://premium-beauty.com/works/detail/PBD168"
      ],
      "count": 13
    }
  },
  {
    "https://premium-beauty.com/works/list/date/2013-02-07": {
      "href": [
        "https://premium-beauty.com/works/detail/PGD632",
        "https://premium-beauty.com/works/detail/PGD633",
        "https://premium-beauty.com/works/detail/PGD634",
        "https://premium-beauty.com/works/detail/PGD635",
        "https://premium-beauty.com/works/detail/PGD636",
        "https://premium-beauty.com/works/detail/PGD637",
        "https://premium-beauty.com/works/detail/PJD056",
        "https://premium-beauty.com/works/detail/PJD057",
        "https://premium-beauty.com/works/detail/PJD058",
        "https://premium-beauty.com/works/detail/PJD059",
        "https://premium-beauty.com/works/detail/PJD060",
        "https://premium-beauty.com/works/detail/PJD061",
        "https://premium-beauty.com/works/detail/PBD184",
        "https://premium-beauty.com/works/detail/PBD185",
        "https://premium-beauty.com/works/detail/PBD186",
        "https://premium-beauty.com/works/detail/PBD187"
      ],
      "count": 16
    }
  },
  {
    "https://premium-beauty.com/works/list/date/2015-07-07": {
      "href": [
        "https://premium-beauty.com/works/detail/PGD792",
        "https://premium-beauty.com/works/detail/PGD793",
        "https://premium-beauty.com/works/detail/PGD794",
        "https://premium-beauty.com/works/detail/PGD795",
        "https://premium-beauty.com/works/detail/PGD796",
        "https://premium-beauty.com/works/detail/PGD797",
        "https://premium-beauty.com/works/detail/PGD798",
        "https://premium-beauty.com/works/detail/PGD800",
        "https://premium-beauty.com/works/detail/PBD305"
      ],
      "count": 9
    }
  },
  {
    "https://premium-beauty.com/works/list/date/2015-08-07": {
      "href": [
        "https://premium-beauty.com/works/detail/PGD801",
        "https://premium-beauty.com/works/detail/PGD802",
        "https://premium-beauty.com/works/detail/PGD803",
        "https://premium-beauty.com/works/detail/PGD804",
        "https://premium-beauty.com/works/detail/PGD805",
        "https://premium-beauty.com/works/detail/PGD806",
        "https://premium-beauty.com/works/detail/PGD807",
        "https://premium-beauty.com/works/detail/PGD808",
        "https://premium-beauty.com/works/detail/PGD809",
        "https://premium-beauty.com/works/detail/PBD306",
        "https://premium-beauty.com/works/detail/PBD307"
      ],
      "count": 11
    }
  },
  {
    "https://premium-beauty.com/works/list/date/2015-09-07": {
      "href": [
        "https://premium-beauty.com/works/detail/PGD810",
        "https://premium-beauty.com/works/detail/PGD811",
        "https://premium-beauty.com/works/detail/PGD812",
        "https://premium-beauty.com/works/detail/PGD813",
        "https://premium-beauty.com/works/detail/PGD814",
        "https://premium-beauty.com/works/detail/PGD815",
        "https://premium-beauty.com/works/detail/PBD308",
        "https://premium-beauty.com/works/detail/PBD309"
      ],
      "count": 8
    }
  },
  {
    "https://premium-beauty.com/works/list/date/2015-10-07": {
      "href": [
        "https://premium-beauty.com/works/detail/PGD816",
        "https://premium-beauty.com/works/detail/PGD817",
        "https://premium-beauty.com/works/detail/PGD819",
        "https://premium-beauty.com/works/detail/PGD820",
        "https://premium-beauty.com/works/detail/PGD821",
        "https://premium-beauty.com/works/detail/PBD310",
        "https://premium-beauty.com/works/detail/PBD311"
      ],
      "count": 7
    }
  },
  {
    "https://premium-beauty.com/works/list/date/2015-11-07": {
      "href": [
        "https://premium-beauty.com/works/detail/PGD823",
        "https://premium-beauty.com/works/detail/PGD824",
        "https://premium-beauty.com/works/detail/PGD825",
        "https://premium-beauty.com/works/detail/PGD826",
        "https://premium-beauty.com/works/detail/PGD827",
        "https://premium-beauty.com/works/detail/PGD828",
        "https://premium-beauty.com/works/detail/PBD312",
        "https://premium-beauty.com/works/detail/PBD313"
      ],
      "count": 8
    }
  },
  {
    "https://premium-beauty.com/works/list/date/2015-12-07": {
      "href": [
        "https://premium-beauty.com/works/detail/PGD829",
        "https://premium-beauty.com/works/detail/PGD830",
        "https://premium-beauty.com/works/detail/PGD831",
        "https://premium-beauty.com/works/detail/PGD832",
        "https://premium-beauty.com/works/detail/PGD833",
        "https://premium-beauty.com/works/detail/PGD834",
        "https://premium-beauty.com/works/detail/PBD314",
        "https://premium-beauty.com/works/detail/PBD315"
      ],
      "count": 8
    }
  },
  {
    "https://premium-beauty.com/works/list/date/2016-01-07": {
      "href": [
        "https://premium-beauty.com/works/detail/PGD835",
        "https://premium-beauty.com/works/detail/PGD836",
        "https://premium-beauty.com/works/detail/PGD837",
        "https://premium-beauty.com/works/detail/PGD838",
        "https://premium-beauty.com/works/detail/PGD839",
        "https://premium-beauty.com/works/detail/PGD840",
        "https://premium-beauty.com/works/detail/PBD316",
        "https://premium-beauty.com/works/detail/PBD317"
      ],
      "count": 8
    }
  },
  {
    "https://premium-beauty.com/works/list/date/2016-02-07": {
      "href": [
        "https://premium-beauty.com/works/detail/PGD842",
        "https://premium-beauty.com/works/detail/PGD843",
        "https://premium-beauty.com/works/detail/PGD844",
        "https://premium-beauty.com/works/detail/PGD845",
        "https://premium-beauty.com/works/detail/PGD846",
        "https://premium-beauty.com/works/detail/PGD847",
        "https://premium-beauty.com/works/detail/PBD318",
        "https://premium-beauty.com/works/detail/PBD319"
      ],
      "count": 8
    }
  },
  {
    "https://premium-beauty.com/works/list/date/2016-03-07": {
      "href": [
        "https://premium-beauty.com/works/detail/PGD850",
        "https://premium-beauty.com/works/detail/PGD851",
        "https://premium-beauty.com/works/detail/PGD852",
        "https://premium-beauty.com/works/detail/PGD853",
        "https://premium-beauty.com/works/detail/PGD854",
        "https://premium-beauty.com/works/detail/PGD855",
        "https://premium-beauty.com/works/detail/PBD320",
        "https://premium-beauty.com/works/detail/PBD321"
      ],
      "count": 8
    }
  },
  {
    "https://premium-beauty.com/works/list/date/2016-04-07": {
      "href": [
        "https://premium-beauty.com/works/detail/PGD856",
        "https://premium-beauty.com/works/detail/PGD857",
        "https://premium-beauty.com/works/detail/PGD858",
        "https://premium-beauty.com/works/detail/PGD859",
        "https://premium-beauty.com/works/detail/PGD860",
        "https://premium-beauty.com/works/detail/PGD861",
        "https://premium-beauty.com/works/detail/PGD862",
        "https://premium-beauty.com/works/detail/PBD322",
        "https://premium-beauty.com/works/detail/PBD323"
      ],
      "count": 9
    }
  },
  {
    "https://premium-beauty.com/works/list/date/2016-05-07": {
      "href": [
        "https://premium-beauty.com/works/detail/PGD863",
        "https://premium-beauty.com/works/detail/PGD864",
        "https://premium-beauty.com/works/detail/PGD865",
        "https://premium-beauty.com/works/detail/PGD866",
        "https://premium-beauty.com/works/detail/PGD867",
        "https://premium-beauty.com/works/detail/PGD868",
        "https://premium-beauty.com/works/detail/PBD324",
        "https://premium-beauty.com/works/detail/PBD325"
      ],
      "count": 8
    }
  },
  {
    "https://premium-beauty.com/works/list/date/2016-06-07": {
      "href": [
        "https://premium-beauty.com/works/detail/PGD869",
        "https://premium-beauty.com/works/detail/PGD870",
        "https://premium-beauty.com/works/detail/PGD871",
        "https://premium-beauty.com/works/detail/PGD872",
        "https://premium-beauty.com/works/detail/PGD873",
        "https://premium-beauty.com/works/detail/PGD874",
        "https://premium-beauty.com/works/detail/PGD875",
        "https://premium-beauty.com/works/detail/PGD876",
        "https://premium-beauty.com/works/detail/PBD326",
        "https://premium-beauty.com/works/detail/PBD327"
      ],
      "count": 10
    }
  },
  {
    "https://premium-beauty.com/works/list/date/2016-07-07": {
      "href": [
        "https://premium-beauty.com/works/detail/PGD877",
        "https://premium-beauty.com/works/detail/PGD878",
        "https://premium-beauty.com/works/detail/PGD879",
        "https://premium-beauty.com/works/detail/PGD880",
        "https://premium-beauty.com/works/detail/PGD881",
        "https://premium-beauty.com/works/detail/PGD882",
        "https://premium-beauty.com/works/detail/PGD883",
        "https://premium-beauty.com/works/detail/PBD328",
        "https://premium-beauty.com/works/detail/PBD329"
      ],
      "count": 9
    }
  },
  {
    "https://premium-beauty.com/works/list/date/2016-08-07": {
      "href": [
        "https://premium-beauty.com/works/detail/PGD884",
        "https://premium-beauty.com/works/detail/PGD886",
        "https://premium-beauty.com/works/detail/PGD887",
        "https://premium-beauty.com/works/detail/PGD888",
        "https://premium-beauty.com/works/detail/PGD889",
        "https://premium-beauty.com/works/detail/PGD890",
        "https://premium-beauty.com/works/detail/PGD891",
        "https://premium-beauty.com/works/detail/PBD330",
        "https://premium-beauty.com/works/detail/PBD331"
      ],
      "count": 9
    }
  },
  {
    "https://premium-beauty.com/works/list/date/2016-09-01": {
      "href": [
        "https://premium-beauty.com/works/detail/AVOP239"
      ],
      "count": 1
    }
  },
  {
    "https://premium-beauty.com/works/list/date/2016-09-07": {
      "href": [
        "https://premium-beauty.com/works/detail/PGD892",
        "https://premium-beauty.com/works/detail/PGD893",
        "https://premium-beauty.com/works/detail/PGD894",
        "https://premium-beauty.com/works/detail/PGD895",
        "https://premium-beauty.com/works/detail/PGD896",
        "https://premium-beauty.com/works/detail/PGD897",
        "https://premium-beauty.com/works/detail/PGD898",
        "https://premium-beauty.com/works/detail/PGD899",
        "https://premium-beauty.com/works/detail/PBD333",
        "https://premium-beauty.com/works/detail/PBD332"
      ],
      "count": 10
    }
  },
  {
    "https://premium-beauty.com/works/list/date/2016-10-07": {
      "href": [
        "https://premium-beauty.com/works/detail/PGD900",
        "https://premium-beauty.com/works/detail/PGD901",
        "https://premium-beauty.com/works/detail/PGD902",
        "https://premium-beauty.com/works/detail/PGD903",
        "https://premium-beauty.com/works/detail/PGD904",
        "https://premium-beauty.com/works/detail/PGD905",
        "https://premium-beauty.com/works/detail/PGD906",
        "https://premium-beauty.com/works/detail/PGD907",
        "https://premium-beauty.com/works/detail/PBD334",
        "https://premium-beauty.com/works/detail/PBD335"
      ],
      "count": 10
    }
  },
  {
    "https://premium-beauty.com/works/list/date/2016-12-08": {
      "href": [
        "https://premium-beauty.com/works/detail/PGD915"
      ],
      "count": 1
    }
  },
  {
    "https://premium-beauty.com/works/list/date/2016-12-13": {
      "href": [
        "https://premium-beauty.com/works/detail/PGD916",
        "https://premium-beauty.com/works/detail/PGD917",
        "https://premium-beauty.com/works/detail/PGD918",
        "https://premium-beauty.com/works/detail/PGD920",
        "https://premium-beauty.com/works/detail/PGD921",
        "https://premium-beauty.com/works/detail/PGD922"
      ],
      "count": 6
    }
  },
  {
    "https://premium-beauty.com/works/list/date/2016-11-13": {
      "href": [
        "https://premium-beauty.com/works/detail/PGD908",
        "https://premium-beauty.com/works/detail/PGD909",
        "https://premium-beauty.com/works/detail/PGD910",
        "https://premium-beauty.com/works/detail/PGD911",
        "https://premium-beauty.com/works/detail/PGD912",
        "https://premium-beauty.com/works/detail/PGD914"
      ],
      "count": 6
    }
  },
  {
    "https://premium-beauty.com/works/list/date/2017-01-19": {
      "href": [
        "https://premium-beauty.com/works/detail/PGD923",
        "https://premium-beauty.com/works/detail/PGD924",
        "https://premium-beauty.com/works/detail/PGD925",
        "https://premium-beauty.com/works/detail/PGD927",
        "https://premium-beauty.com/works/detail/PGD928",
        "https://premium-beauty.com/works/detail/PGD929"
      ],
      "count": 6
    }
  },
  {
    "https://premium-beauty.com/works/list/date/2017-02-13": {
      "href": [
        "https://premium-beauty.com/works/detail/PGD931",
        "https://premium-beauty.com/works/detail/PGD932",
        "https://premium-beauty.com/works/detail/PBD336"
      ],
      "count": 3
    }
  },
  {
    "https://premium-beauty.com/works/list/date/2017-02-19": {
      "href": [
        "https://premium-beauty.com/works/detail/PGD930",
        "https://premium-beauty.com/works/detail/PGD933",
        "https://premium-beauty.com/works/detail/PGD934",
        "https://premium-beauty.com/works/detail/PGD935"
      ],
      "count": 4
    }
  },
  {
    "https://premium-beauty.com/works/list/date/2017-03-19": {
      "href": [
        "https://premium-beauty.com/works/detail/PGD937",
        "https://premium-beauty.com/works/detail/PGD938",
        "https://premium-beauty.com/works/detail/PGD939",
        "https://premium-beauty.com/works/detail/PGD940",
        "https://premium-beauty.com/works/detail/PGD941",
        "https://premium-beauty.com/works/detail/PGD942",
        "https://premium-beauty.com/works/detail/PGD943"
      ],
      "count": 7
    }
  },
  {
    "https://premium-beauty.com/works/list/date/2017-04-25": {
      "href": [
        "https://premium-beauty.com/works/detail/PGD944",
        "https://premium-beauty.com/works/detail/PGD945",
        "https://premium-beauty.com/works/detail/PGD946",
        "https://premium-beauty.com/works/detail/PGD947",
        "https://premium-beauty.com/works/detail/PGD949"
      ],
      "count": 5
    }
  },
  {
    "https://premium-beauty.com/works/list/date/2017-05-25": {
      "href": [
        "https://premium-beauty.com/works/detail/PGD950",
        "https://premium-beauty.com/works/detail/PGD952",
        "https://premium-beauty.com/works/detail/PRTD002",
        "https://premium-beauty.com/works/detail/PGD951",
        "https://premium-beauty.com/works/detail/PGD954",
        "https://premium-beauty.com/works/detail/PGD953"
      ],
      "count": 6
    }
  },
  {
    "https://premium-beauty.com/works/list/date/2017-06-19": {
      "href": [
        "https://premium-beauty.com/works/detail/PGD955",
        "https://premium-beauty.com/works/detail/PGD957",
        "https://premium-beauty.com/works/detail/PGD959",
        "https://premium-beauty.com/works/detail/PGD958"
      ],
      "count": 4
    }
  },
  {
    "https://premium-beauty.com/works/list/date/2017-07-25": {
      "href": [
        "https://premium-beauty.com/works/detail/PRED001",
        "https://premium-beauty.com/works/detail/PRED003",
        "https://premium-beauty.com/works/detail/PRED005",
        "https://premium-beauty.com/works/detail/PRED002"
      ],
      "count": 4
    }
  },
  {
    "https://premium-beauty.com/works/list/date/2017-07-19": {
      "href": [
        "https://premium-beauty.com/works/detail/PRED004",
        "https://premium-beauty.com/works/detail/PBD337"
      ],
      "count": 2
    }
  },
  {
    "https://premium-beauty.com/works/list/date/2017-09-07": {
      "href": [
        "https://premium-beauty.com/works/detail/PRED007",
        "https://premium-beauty.com/works/detail/PRED009",
        "https://premium-beauty.com/works/detail/PRED008",
        "https://premium-beauty.com/works/detail/PRED012",
        "https://premium-beauty.com/works/detail/PRTD003",
        "https://premium-beauty.com/works/detail/PRED010",
        "https://premium-beauty.com/works/detail/PRED011",
        "https://premium-beauty.com/works/detail/PRED013"
      ],
      "count": 8
    }
  },
  {
    "https://premium-beauty.com/works/list/date/2017-10-01": {
      "href": [
        "https://premium-beauty.com/works/detail/PRED014",
        "https://premium-beauty.com/works/detail/PRED019",
        "https://premium-beauty.com/works/detail/PRED015",
        "https://premium-beauty.com/works/detail/PRTD004",
        "https://premium-beauty.com/works/detail/PRED016",
        "https://premium-beauty.com/works/detail/PRED018",
        "https://premium-beauty.com/works/detail/PRED017"
      ],
      "count": 7
    }
  },
  {
    "https://premium-beauty.com/works/list/date/2017-10-25": {
      "href": [
        "https://premium-beauty.com/works/detail/PRED022",
        "https://premium-beauty.com/works/detail/PRED020",
        "https://premium-beauty.com/works/detail/PRED021",
        "https://premium-beauty.com/works/detail/PRTD005",
        "https://premium-beauty.com/works/detail/PRED025",
        "https://premium-beauty.com/works/detail/PRED024"
      ],
      "count": 6
    }
  },
  {
    "https://premium-beauty.com/works/list/date/2017-11-19": {
      "href": [
        "https://premium-beauty.com/works/detail/PRED026",
        "https://premium-beauty.com/works/detail/PRED029",
        "https://premium-beauty.com/works/detail/PRED028",
        "https://premium-beauty.com/works/detail/PRED027",
        "https://premium-beauty.com/works/detail/PRTD007",
        "https://premium-beauty.com/works/detail/PRED030",
        "https://premium-beauty.com/works/detail/PRED032",
        "https://premium-beauty.com/works/detail/PRED031"
      ],
      "count": 8
    }
  },
  {
    "https://premium-beauty.com/works/list/date/2017-12-19": {
      "href": [
        "https://premium-beauty.com/works/detail/PRED033",
        "https://premium-beauty.com/works/detail/PRED034",
        "https://premium-beauty.com/works/detail/PRED036",
        "https://premium-beauty.com/works/detail/PRED035",
        "https://premium-beauty.com/works/detail/PRED038",
        "https://premium-beauty.com/works/detail/PRED039",
        "https://premium-beauty.com/works/detail/PRTD009",
        "https://premium-beauty.com/works/detail/PBD341"
      ],
      "count": 8
    }
  }
]