[
  {
    "https://rookie-av.jp/works/list/date/2010-01-19": {
      "href": [
        "https://rookie-av.jp/works/detail/RKI053",
        "https://rookie-av.jp/works/detail/RKI055",
        "https://rookie-av.jp/works/detail/RKI052"
      ],
      "count": 3
    }
  },
  {
    "https://rookie-av.jp/works/list/date/2010-02-19": {
      "href": [
        "https://rookie-av.jp/works/detail/RKI057",
        "https://rookie-av.jp/works/detail/RKI058",
        "https://rookie-av.jp/works/detail/RKI059",
        "https://rookie-av.jp/works/detail/RKI060",
        "https://rookie-av.jp/works/detail/RKI061",
        "https://rookie-av.jp/works/detail/RKI056"
      ],
      "count": 6
    }
  },
  {
    "https://rookie-av.jp/works/list/date/2010-03-19": {
      "href": [
        "https://rookie-av.jp/works/detail/RKI063",
        "https://rookie-av.jp/works/detail/RKI064",
        "https://rookie-av.jp/works/detail/RKI065",
        "https://rookie-av.jp/works/detail/RKI062"
      ],
      "count": 4
    }
  },
  {
    "https://rookie-av.jp/works/list/date/2010-04-19": {
      "href": [
        "https://rookie-av.jp/works/detail/RKI069",
        "https://rookie-av.jp/works/detail/RKI068"
      ],
      "count": 2
    }
  },
  {
    "https://rookie-av.jp/works/list/date/2010-05-19": {
      "href": [
        "https://rookie-av.jp/works/detail/RKI071",
        "https://rookie-av.jp/works/detail/RKI072",
        "https://rookie-av.jp/works/detail/RKI070"
      ],
      "count": 3
    }
  },
  {
    "https://rookie-av.jp/works/list/date/2010-06-19": {
      "href": [
        "https://rookie-av.jp/works/detail/RKI074",
        "https://rookie-av.jp/works/detail/RKI075",
        "https://rookie-av.jp/works/detail/RKI076",
        "https://rookie-av.jp/works/detail/RKI073"
      ],
      "count": 4
    }
  },
  {
    "https://rookie-av.jp/works/list/date/2010-07-19": {
      "href": [
        "https://rookie-av.jp/works/detail/RKI077"
      ],
      "count": 1
    }
  },
  {
    "https://rookie-av.jp/works/list/date/2010-08-19": {
      "href": [
        "https://rookie-av.jp/works/detail/RKI081",
        "https://rookie-av.jp/works/detail/RKI082",
        "https://rookie-av.jp/works/detail/RKI083",
        "https://rookie-av.jp/works/detail/RKI079",
        "https://rookie-av.jp/works/detail/RKI080"
      ],
      "count": 5
    }
  },
  {
    "https://rookie-av.jp/works/list/date/2010-09-19": {
      "href": [
        "https://rookie-av.jp/works/detail/RKI086",
        "https://rookie-av.jp/works/detail/RKI087",
        "https://rookie-av.jp/works/detail/RKI088",
        "https://rookie-av.jp/works/detail/RKI084",
        "https://rookie-av.jp/works/detail/RKI085"
      ],
      "count": 5
    }
  },
  {
    "https://rookie-av.jp/works/list/date/2010-10-19": {
      "href": [
        "https://rookie-av.jp/works/detail/RKI091",
        "https://rookie-av.jp/works/detail/RKI089",
        "https://rookie-av.jp/works/detail/RKI090"
      ],
      "count": 3
    }
  },
  {
    "https://rookie-av.jp/works/list/date/2010-11-19": {
      "href": [
        "https://rookie-av.jp/works/detail/RKI095",
        "https://rookie-av.jp/works/detail/RKI096",
        "https://rookie-av.jp/works/detail/RKI093"
      ],
      "count": 3
    }
  },
  {
    "https://rookie-av.jp/works/list/date/2010-12-19": {
      "href": [
        "https://rookie-av.jp/works/detail/RKI100",
        "https://rookie-av.jp/works/detail/RKI102",
        "https://rookie-av.jp/works/detail/RKI101",
        "https://rookie-av.jp/works/detail/RKI097",
        "https://rookie-av.jp/works/detail/RKI098",
        "https://rookie-av.jp/works/detail/RKI099"
      ],
      "count": 6
    }
  },
  {
    "https://rookie-av.jp/works/list/date/2011-01-19": {
      "href": [
        "https://rookie-av.jp/works/detail/RKI106",
        "https://rookie-av.jp/works/detail/RKI103",
        "https://rookie-av.jp/works/detail/RKI105"
      ],
      "count": 3
    }
  },
  {
    "https://rookie-av.jp/works/list/date/2011-02-19": {
      "href": [
        "https://rookie-av.jp/works/detail/RKI109",
        "https://rookie-av.jp/works/detail/RKI110",
        "https://rookie-av.jp/works/detail/RKI111",
        "https://rookie-av.jp/works/detail/RKI112",
        "https://rookie-av.jp/works/detail/RKI113",
        "https://rookie-av.jp/works/detail/RKI107",
        "https://rookie-av.jp/works/detail/RKI108"
      ],
      "count": 7
    }
  },
  {
    "https://rookie-av.jp/works/list/date/2011-03-19": {
      "href": [
        "https://rookie-av.jp/works/detail/RKI116",
        "https://rookie-av.jp/works/detail/RKI114",
        "https://rookie-av.jp/works/detail/RKI115"
      ],
      "count": 3
    }
  },
  {
    "https://rookie-av.jp/works/list/date/2011-05-19": {
      "href": [
        "https://rookie-av.jp/works/detail/RKI123",
        "https://rookie-av.jp/works/detail/RKI124",
        "https://rookie-av.jp/works/detail/RKI125"
      ],
      "count": 3
    }
  },
  {
    "https://rookie-av.jp/works/list/date/2011-04-19": {
      "href": [
        "https://rookie-av.jp/works/detail/RKI120",
        "https://rookie-av.jp/works/detail/RKI121",
        "https://rookie-av.jp/works/detail/RKI119",
        "https://rookie-av.jp/works/detail/RKI117",
        "https://rookie-av.jp/works/detail/RKI118",
        "https://rookie-av.jp/works/detail/RKI122"
      ],
      "count": 6
    }
  },
  {
    "https://rookie-av.jp/works/list/date/2011-06-19": {
      "href": [
        "https://rookie-av.jp/works/detail/RKI129",
        "https://rookie-av.jp/works/detail/RKI126",
        "https://rookie-av.jp/works/detail/RKI127",
        "https://rookie-av.jp/works/detail/RKI128"
      ],
      "count": 4
    }
  },
  {
    "https://rookie-av.jp/works/list/date/2011-07-19": {
      "href": [
        "https://rookie-av.jp/works/detail/RKI135",
        "https://rookie-av.jp/works/detail/RKI133",
        "https://rookie-av.jp/works/detail/RKI130",
        "https://rookie-av.jp/works/detail/RKI131",
        "https://rookie-av.jp/works/detail/RKI132"
      ],
      "count": 5
    }
  },
  {
    "https://rookie-av.jp/works/list/date/2011-07-22": {
      "href": [
        "https://rookie-av.jp/works/detail/RKI134"
      ],
      "count": 1
    }
  },
  {
    "https://rookie-av.jp/works/list/date/2011-08-19": {
      "href": [
        "https://rookie-av.jp/works/detail/RKI139",
        "https://rookie-av.jp/works/detail/RKI136",
        "https://rookie-av.jp/works/detail/RKI137",
        "https://rookie-av.jp/works/detail/RKI138"
      ],
      "count": 4
    }
  },
  {
    "https://rookie-av.jp/works/list/date/2011-09-19": {
      "href": [
        "https://rookie-av.jp/works/detail/RKI143",
        "https://rookie-av.jp/works/detail/RKI141",
        "https://rookie-av.jp/works/detail/RKI142"
      ],
      "count": 3
    }
  },
  {
    "https://rookie-av.jp/works/list/date/2011-11-19": {
      "href": [
        "https://rookie-av.jp/works/detail/RKI154",
        "https://rookie-av.jp/works/detail/RKI155",
        "https://rookie-av.jp/works/detail/RKI156",
        "https://rookie-av.jp/works/detail/RKI151",
        "https://rookie-av.jp/works/detail/RKI152",
        "https://rookie-av.jp/works/detail/RKI153"
      ],
      "count": 6
    }
  },
  {
    "https://rookie-av.jp/works/list/date/2011-10-19": {
      "href": [
        "https://rookie-av.jp/works/detail/RKI147",
        "https://rookie-av.jp/works/detail/RKI148",
        "https://rookie-av.jp/works/detail/RKI149",
        "https://rookie-av.jp/works/detail/RKI150",
        "https://rookie-av.jp/works/detail/RKI144",
        "https://rookie-av.jp/works/detail/RKI145",
        "https://rookie-av.jp/works/detail/RKI146"
      ],
      "count": 7
    }
  },
  {
    "https://rookie-av.jp/works/list/date/2011-12-19": {
      "href": [
        "https://rookie-av.jp/works/detail/RKI161",
        "https://rookie-av.jp/works/detail/RKI157",
        "https://rookie-av.jp/works/detail/RKI159"
      ],
      "count": 3
    }
  },
  {
    "https://rookie-av.jp/works/list/date/2012-01-19": {
      "href": [
        "https://rookie-av.jp/works/detail/RKI165",
        "https://rookie-av.jp/works/detail/RKI166",
        "https://rookie-av.jp/works/detail/RKI162",
        "https://rookie-av.jp/works/detail/RKI164"
      ],
      "count": 4
    }
  },
  {
    "https://rookie-av.jp/works/list/date/2012-02-19": {
      "href": [
        "https://rookie-av.jp/works/detail/RKI170",
        "https://rookie-av.jp/works/detail/RKI167",
        "https://rookie-av.jp/works/detail/RKI168",
        "https://rookie-av.jp/works/detail/RKI169"
      ],
      "count": 4
    }
  },
  {
    "https://rookie-av.jp/works/list/date/2012-03-19": {
      "href": [
        "https://rookie-av.jp/works/detail/RKI175",
        "https://rookie-av.jp/works/detail/RKI176",
        "https://rookie-av.jp/works/detail/RKI177",
        "https://rookie-av.jp/works/detail/RKI171",
        "https://rookie-av.jp/works/detail/RKI172",
        "https://rookie-av.jp/works/detail/RKI173",
        "https://rookie-av.jp/works/detail/RKI174"
      ],
      "count": 7
    }
  },
  {
    "https://rookie-av.jp/works/list/date/2012-04-19": {
      "href": [
        "https://rookie-av.jp/works/detail/RKI182",
        "https://rookie-av.jp/works/detail/RKI178",
        "https://rookie-av.jp/works/detail/RKI179",
        "https://rookie-av.jp/works/detail/RKI180",
        "https://rookie-av.jp/works/detail/RKI181"
      ],
      "count": 5
    }
  },
  {
    "https://rookie-av.jp/works/list/date/2012-05-19": {
      "href": [
        "https://rookie-av.jp/works/detail/RKI187",
        "https://rookie-av.jp/works/detail/RKI183",
        "https://rookie-av.jp/works/detail/RKI184",
        "https://rookie-av.jp/works/detail/RKI186"
      ],
      "count": 4
    }
  },
  {
    "https://rookie-av.jp/works/list/date/2012-06-19": {
      "href": [
        "https://rookie-av.jp/works/detail/RKI192",
        "https://rookie-av.jp/works/detail/RKI188",
        "https://rookie-av.jp/works/detail/RKI189",
        "https://rookie-av.jp/works/detail/RKI191"
      ],
      "count": 4
    }
  },
  {
    "https://rookie-av.jp/works/list/date/2012-07-19": {
      "href": [
        "https://rookie-av.jp/works/detail/RKI198",
        "https://rookie-av.jp/works/detail/RKI194",
        "https://rookie-av.jp/works/detail/RKI195",
        "https://rookie-av.jp/works/detail/RKI196"
      ],
      "count": 4
    }
  },
  {
    "https://rookie-av.jp/works/list/date/2012-08-19": {
      "href": [
        "https://rookie-av.jp/works/detail/RKI203",
        "https://rookie-av.jp/works/detail/RKI200",
        "https://rookie-av.jp/works/detail/RKI201",
        "https://rookie-av.jp/works/detail/RKI202"
      ],
      "count": 4
    }
  },
  {
    "https://rookie-av.jp/works/list/date/2012-09-19": {
      "href": [
        "https://rookie-av.jp/works/detail/RKI208",
        "https://rookie-av.jp/works/detail/RKI209",
        "https://rookie-av.jp/works/detail/RKI210",
        "https://rookie-av.jp/works/detail/RKI204",
        "https://rookie-av.jp/works/detail/RKI205",
        "https://rookie-av.jp/works/detail/RKI206",
        "https://rookie-av.jp/works/detail/RKI207"
      ],
      "count": 7
    }
  },
  {
    "https://rookie-av.jp/works/list/date/2012-10-19": {
      "href": [
        "https://rookie-av.jp/works/detail/RKI216",
        "https://rookie-av.jp/works/detail/RKI217",
        "https://rookie-av.jp/works/detail/RKI211",
        "https://rookie-av.jp/works/detail/RKI212",
        "https://rookie-av.jp/works/detail/RKI213",
        "https://rookie-av.jp/works/detail/RKI214",
        "https://rookie-av.jp/works/detail/RKI215"
      ],
      "count": 7
    }
  },
  {
    "https://rookie-av.jp/works/list/date/2012-11-19": {
      "href": [
        "https://rookie-av.jp/works/detail/RKI224",
        "https://rookie-av.jp/works/detail/RKI225",
        "https://rookie-av.jp/works/detail/RKI222"
      ],
      "count": 3
    }
  },
  {
    "https://rookie-av.jp/works/list/date/2012-12-19": {
      "href": [
        "https://rookie-av.jp/works/detail/RKI231",
        "https://rookie-av.jp/works/detail/RKI226"
      ],
      "count": 2
    }
  },
  {
    "https://rookie-av.jp/works/list/date/2013-01-19": {
      "href": [
        "https://rookie-av.jp/works/detail/RKI236",
        "https://rookie-av.jp/works/detail/RKI234",
        "https://rookie-av.jp/works/detail/RKI233",
        "https://rookie-av.jp/works/detail/RKI235"
      ],
      "count": 4
    }
  },
  {
    "https://rookie-av.jp/works/list/date/2013-02-19": {
      "href": [
        "https://rookie-av.jp/works/detail/RKI241",
        "https://rookie-av.jp/works/detail/RKI242",
        "https://rookie-av.jp/works/detail/RKI239",
        "https://rookie-av.jp/works/detail/RKI240",
        "https://rookie-av.jp/works/detail/RKI237",
        "https://rookie-av.jp/works/detail/RKI238"
      ],
      "count": 6
    }
  },
  {
    "https://rookie-av.jp/works/list/date/2013-03-19": {
      "href": [
        "https://rookie-av.jp/works/detail/RKI247",
        "https://rookie-av.jp/works/detail/RKI248",
        "https://rookie-av.jp/works/detail/RKI249",
        "https://rookie-av.jp/works/detail/RKI243",
        "https://rookie-av.jp/works/detail/RKI245",
        "https://rookie-av.jp/works/detail/RKI246"
      ],
      "count": 6
    }
  },
  {
    "https://rookie-av.jp/works/list/date/2013-04-19": {
      "href": [
        "https://rookie-av.jp/works/detail/RKI254",
        "https://rookie-av.jp/works/detail/RKI252",
        "https://rookie-av.jp/works/detail/RKI253"
      ],
      "count": 3
    }
  },
  {
    "https://rookie-av.jp/works/list/date/2013-05-19": {
      "href": [
        "https://rookie-av.jp/works/detail/RKI259",
        "https://rookie-av.jp/works/detail/RKI257",
        "https://rookie-av.jp/works/detail/RKI255",
        "https://rookie-av.jp/works/detail/RKI258"
      ],
      "count": 4
    }
  },
  {
    "https://rookie-av.jp/works/list/date/2013-06-19": {
      "href": [
        "https://rookie-av.jp/works/detail/RKI266",
        "https://rookie-av.jp/works/detail/RKI265",
        "https://rookie-av.jp/works/detail/RKI264",
        "https://rookie-av.jp/works/detail/RKI262",
        "https://rookie-av.jp/works/detail/RKI260"
      ],
      "count": 5
    }
  },
  {
    "https://rookie-av.jp/works/list/date/2013-07-19": {
      "href": [
        "https://rookie-av.jp/works/detail/RKI273",
        "https://rookie-av.jp/works/detail/RKI268",
        "https://rookie-av.jp/works/detail/RKI272",
        "https://rookie-av.jp/works/detail/RKI271"
      ],
      "count": 4
    }
  },
  {
    "https://rookie-av.jp/works/list/date/2013-08-19": {
      "href": [
        "https://rookie-av.jp/works/detail/RKI275",
        "https://rookie-av.jp/works/detail/RKI276",
        "https://rookie-av.jp/works/detail/RKI277",
        "https://rookie-av.jp/works/detail/RKI278",
        "https://rookie-av.jp/works/detail/RKI274"
      ],
      "count": 5
    }
  },
  {
    "https://rookie-av.jp/works/list/date/2013-09-19": {
      "href": [
        "https://rookie-av.jp/works/detail/RKI280",
        "https://rookie-av.jp/works/detail/RKI281",
        "https://rookie-av.jp/works/detail/RKI284"
      ],
      "count": 3
    }
  },
  {
    "https://rookie-av.jp/works/list/date/2013-10-19": {
      "href": [
        "https://rookie-av.jp/works/detail/RKI291",
        "https://rookie-av.jp/works/detail/RKI290",
        "https://rookie-av.jp/works/detail/RKI292",
        "https://rookie-av.jp/works/detail/RKI293",
        "https://rookie-av.jp/works/detail/RKI288",
        "https://rookie-av.jp/works/detail/RKI289",
        "https://rookie-av.jp/works/detail/RKI285",
        "https://rookie-av.jp/works/detail/RKI286"
      ],
      "count": 8
    }
  },
  {
    "https://rookie-av.jp/works/list/date/2013-11-19": {
      "href": [
        "https://rookie-av.jp/works/detail/RKI300",
        "https://rookie-av.jp/works/detail/RKI301",
        "https://rookie-av.jp/works/detail/RKI295",
        "https://rookie-av.jp/works/detail/RKI298",
        "https://rookie-av.jp/works/detail/RKI297"
      ],
      "count": 5
    }
  },
  {
    "https://rookie-av.jp/works/list/date/2013-12-19": {
      "href": [
        "https://rookie-av.jp/works/detail/RKI304"
      ],
      "count": 1
    }
  },
  {
    "https://rookie-av.jp/works/list/date/2014-01-19": {
      "href": [
        "https://rookie-av.jp/works/detail/RKI312",
        "https://rookie-av.jp/works/detail/RKI308",
        "https://rookie-av.jp/works/detail/RKI313"
      ],
      "count": 3
    }
  },
  {
    "https://rookie-av.jp/works/list/date/2014-02-19": {
      "href": [
        "https://rookie-av.jp/works/detail/RKI320",
        "https://rookie-av.jp/works/detail/RKI306",
        "https://rookie-av.jp/works/detail/RKI318",
        "https://rookie-av.jp/works/detail/RKI319",
        "https://rookie-av.jp/works/detail/RKI315",
        "https://rookie-av.jp/works/detail/RKI279"
      ],
      "count": 6
    }
  },
  {
    "https://rookie-av.jp/works/list/date/2014-03-19": {
      "href": [
        "https://rookie-av.jp/works/detail/RKI327",
        "https://rookie-av.jp/works/detail/RKI326",
        "https://rookie-av.jp/works/detail/RKI321",
        "https://rookie-av.jp/works/detail/RKI325"
      ],
      "count": 4
    }
  },
  {
    "https://rookie-av.jp/works/list/date/2014-04-19": {
      "href": [
        "https://rookie-av.jp/works/detail/RKI328",
        "https://rookie-av.jp/works/detail/RKI335",
        "https://rookie-av.jp/works/detail/RKI330",
        "https://rookie-av.jp/works/detail/RKI332",
        "https://rookie-av.jp/works/detail/RKI334"
      ],
      "count": 5
    }
  },
  {
    "https://rookie-av.jp/works/list/date/2014-05-19": {
      "href": [
        "https://rookie-av.jp/works/detail/RKI341",
        "https://rookie-av.jp/works/detail/RKI337"
      ],
      "count": 2
    }
  },
  {
    "https://rookie-av.jp/works/list/date/2014-06-19": {
      "href": [
        "https://rookie-av.jp/works/detail/RKI347",
        "https://rookie-av.jp/works/detail/RKI343"
      ],
      "count": 2
    }
  },
  {
    "https://rookie-av.jp/works/list/date/2014-07-19": {
      "href": [
        "https://rookie-av.jp/works/detail/RKI355",
        "https://rookie-av.jp/works/detail/RKI348",
        "https://rookie-av.jp/works/detail/RKI354",
        "https://rookie-av.jp/works/detail/RKI349"
      ],
      "count": 4
    }
  },
  {
    "https://rookie-av.jp/works/list/date/2014-08-01": {
      "href": [
        "https://rookie-av.jp/works/detail/AVOP077"
      ],
      "count": 1
    }
  },
  {
    "https://rookie-av.jp/works/list/date/2014-09-19": {
      "href": [
        "https://rookie-av.jp/works/detail/RKI367"
      ],
      "count": 1
    }
  },
  {
    "https://rookie-av.jp/works/list/date/2014-10-19": {
      "href": [
        "https://rookie-av.jp/works/detail/RKI377",
        "https://rookie-av.jp/works/detail/RKI371",
        "https://rookie-av.jp/works/detail/RKI372",
        "https://rookie-av.jp/works/detail/RKI374"
      ],
      "count": 4
    }
  },
  {
    "https://rookie-av.jp/works/list/date/2014-08-19": {
      "href": [
        "https://rookie-av.jp/works/detail/RKI363",
        "https://rookie-av.jp/works/detail/RKI356",
        "https://rookie-av.jp/works/detail/RKI362",
        "https://rookie-av.jp/works/detail/RKI360"
      ],
      "count": 4
    }
  },
  {
    "https://rookie-av.jp/works/list/date/2014-11-19": {
      "href": [
        "https://rookie-av.jp/works/detail/RKI384",
        "https://rookie-av.jp/works/detail/RKI385",
        "https://rookie-av.jp/works/detail/RKI381",
        "https://rookie-av.jp/works/detail/RKI382",
        "https://rookie-av.jp/works/detail/RKI378",
        "https://rookie-av.jp/works/detail/RKI379",
        "https://rookie-av.jp/works/detail/RKI380"
      ],
      "count": 7
    }
  },
  {
    "https://rookie-av.jp/works/list/date/2014-12-19": {
      "href": [
        "https://rookie-av.jp/works/detail/RKI392",
        "https://rookie-av.jp/works/detail/RKI390",
        "https://rookie-av.jp/works/detail/RKI369"
      ],
      "count": 3
    }
  },
  {
    "https://rookie-av.jp/works/list/date/2015-01-19": {
      "href": [
        "https://rookie-av.jp/works/detail/RBB006"
      ],
      "count": 1
    }
  },
  {
    "https://rookie-av.jp/works/list/date/2015-02-19": {
      "href": [
        "https://rookie-av.jp/works/detail/RBB012",
        "https://rookie-av.jp/works/detail/RBB011",
        "https://rookie-av.jp/works/detail/RBB009",
        "https://rookie-av.jp/works/detail/RBB007",
        "https://rookie-av.jp/works/detail/RBB010"
      ],
      "count": 5
    }
  },
  {
    "https://rookie-av.jp/works/list/date/2015-03-19": {
      "href": [
        "https://rookie-av.jp/works/detail/RKI393",
        "https://rookie-av.jp/works/detail/RBB014",
        "https://rookie-av.jp/works/detail/RBB017",
        "https://rookie-av.jp/works/detail/RBB013",
        "https://rookie-av.jp/works/detail/RBB015"
      ],
      "count": 5
    }
  },
  {
    "https://rookie-av.jp/works/list/date/2015-04-19": {
      "href": [
        "https://rookie-av.jp/works/detail/RKI394",
        "https://rookie-av.jp/works/detail/RBB023",
        "https://rookie-av.jp/works/detail/RBB020"
      ],
      "count": 3
    }
  },
  {
    "https://rookie-av.jp/works/list/date/2015-05-19": {
      "href": [
        "https://rookie-av.jp/works/detail/RKI396",
        "https://rookie-av.jp/works/detail/RKI395",
        "https://rookie-av.jp/works/detail/RBB028",
        "https://rookie-av.jp/works/detail/RBB032",
        "https://rookie-av.jp/works/detail/RBB030",
        "https://rookie-av.jp/works/detail/RBB026"
      ],
      "count": 6
    }
  },
  {
    "https://rookie-av.jp/works/list/date/2015-06-19": {
      "href": [
        "https://rookie-av.jp/works/detail/RBB036",
        "https://rookie-av.jp/works/detail/RBB035",
        "https://rookie-av.jp/works/detail/RBB037",
        "https://rookie-av.jp/works/detail/RBB033"
      ],
      "count": 4
    }
  },
  {
    "https://rookie-av.jp/works/list/date/2015-07-19": {
      "href": [
        "https://rookie-av.jp/works/detail/RKI400",
        "https://rookie-av.jp/works/detail/RBB041",
        "https://rookie-av.jp/works/detail/RBB043",
        "https://rookie-av.jp/works/detail/RBB046"
      ],
      "count": 4
    }
  },
  {
    "https://rookie-av.jp/works/list/date/2015-08-19": {
      "href": [
        "https://rookie-av.jp/works/detail/RKI401",
        "https://rookie-av.jp/works/detail/RKI402",
        "https://rookie-av.jp/works/detail/RBB050",
        "https://rookie-av.jp/works/detail/RBB049",
        "https://rookie-av.jp/works/detail/RBB052",
        "https://rookie-av.jp/works/detail/RBB048",
        "https://rookie-av.jp/works/detail/RBB053"
      ],
      "count": 7
    }
  },
  {
    "https://rookie-av.jp/works/list/date/2015-09-19": {
      "href": [
        "https://rookie-av.jp/works/detail/RKI403",
        "https://rookie-av.jp/works/detail/RBB056",
        "https://rookie-av.jp/works/detail/RBB057",
        "https://rookie-av.jp/works/detail/RBB059",
        "https://rookie-av.jp/works/detail/RBB058"
      ],
      "count": 5
    }
  },
  {
    "https://rookie-av.jp/works/list/date/2015-10-19": {
      "href": [
        "https://rookie-av.jp/works/detail/RKI405",
        "https://rookie-av.jp/works/detail/RBB062",
        "https://rookie-av.jp/works/detail/RBB063",
        "https://rookie-av.jp/works/detail/RBB066"
      ],
      "count": 4
    }
  },
  {
    "https://rookie-av.jp/works/list/date/2015-11-19": {
      "href": [
        "https://rookie-av.jp/works/detail/RKI406",
        "https://rookie-av.jp/works/detail/RBB073",
        "https://rookie-av.jp/works/detail/RBB071",
        "https://rookie-av.jp/works/detail/RBB069",
        "https://rookie-av.jp/works/detail/RBB074"
      ],
      "count": 5
    }
  },
  {
    "https://rookie-av.jp/works/list/date/2015-12-19": {
      "href": [
        "https://rookie-av.jp/works/detail/RKI408"
      ],
      "count": 1
    }
  },
  {
    "https://rookie-av.jp/works/list/date/2016-01-19": {
      "href": [
        "https://rookie-av.jp/works/detail/RKI410",
        "https://rookie-av.jp/works/detail/RBB079"
      ],
      "count": 2
    }
  },
  {
    "https://rookie-av.jp/works/list/date/2016-02-19": {
      "href": [
        "https://rookie-av.jp/works/detail/RKI411",
        "https://rookie-av.jp/works/detail/RKI412",
        "https://rookie-av.jp/works/detail/RBB084",
        "https://rookie-av.jp/works/detail/RBB083"
      ],
      "count": 4
    }
  },
  {
    "https://rookie-av.jp/works/list/date/2016-03-19": {
      "href": [
        "https://rookie-av.jp/works/detail/RKI413",
        "https://rookie-av.jp/works/detail/RKI414",
        "https://rookie-av.jp/works/detail/RBB087",
        "https://rookie-av.jp/works/detail/RBB086"
      ],
      "count": 4
    }
  },
  {
    "https://rookie-av.jp/works/list/date/2016-04-19": {
      "href": [
        "https://rookie-av.jp/works/detail/RBB091",
        "https://rookie-av.jp/works/detail/RBB090",
        "https://rookie-av.jp/works/detail/RBB089"
      ],
      "count": 3
    }
  },
  {
    "https://rookie-av.jp/works/list/date/2016-05-19": {
      "href": [
        "https://rookie-av.jp/works/detail/RKI416",
        "https://rookie-av.jp/works/detail/RKI417",
        "https://rookie-av.jp/works/detail/RBB092",
        "https://rookie-av.jp/works/detail/RBB093"
      ],
      "count": 4
    }
  },
  {
    "https://rookie-av.jp/works/list/date/2016-06-19": {
      "href": [
        "https://rookie-av.jp/works/detail/RKI415"
      ],
      "count": 1
    }
  },
  {
    "https://rookie-av.jp/works/list/date/2016-07-19": {
      "href": [
        "https://rookie-av.jp/works/detail/RKI418",
        "https://rookie-av.jp/works/detail/RKI419",
        "https://rookie-av.jp/works/detail/RKI420",
        "https://rookie-av.jp/works/detail/RBB098"
      ],
      "count": 4
    }
  },
  {
    "https://rookie-av.jp/works/list/date/2016-08-19": {
      "href": [
        "https://rookie-av.jp/works/detail/RKI422",
        "https://rookie-av.jp/works/detail/RKI421",
        "https://rookie-av.jp/works/detail/RBB101",
        "https://rookie-av.jp/works/detail/RBB103",
        "https://rookie-av.jp/works/detail/RBB104"
      ],
      "count": 5
    }
  },
  {
    "https://rookie-av.jp/works/list/date/2016-09-01": {
      "href": [
        "https://rookie-av.jp/works/detail/AVOP275"
      ],
      "count": 1
    }
  },
  {
    "https://rookie-av.jp/works/list/date/2016-09-19": {
      "href": [
        "https://rookie-av.jp/works/detail/RKI424",
        "https://rookie-av.jp/works/detail/RKI425",
        "https://rookie-av.jp/works/detail/RBB105",
        "https://rookie-av.jp/works/detail/RBB106"
      ],
      "count": 4
    }
  },
  {
    "https://rookie-av.jp/works/list/date/2016-10-25": {
      "href": [
        "https://rookie-av.jp/works/detail/RKI428",
        "https://rookie-av.jp/works/detail/RKI427",
        "https://rookie-av.jp/works/detail/RBB112"
      ],
      "count": 3
    }
  },
  {
    "https://rookie-av.jp/works/list/date/2016-11-25": {
      "href": [
        "https://rookie-av.jp/works/detail/RKI429",
        "https://rookie-av.jp/works/detail/RKI430",
        "https://rookie-av.jp/works/detail/RKI431"
      ],
      "count": 3
    }
  },
  {
    "https://rookie-av.jp/works/list/date/2016-12-08": {
      "href": [
        "https://rookie-av.jp/works/detail/RKI426"
      ],
      "count": 1
    }
  },
  {
    "https://rookie-av.jp/works/list/date/2016-12-25": {
      "href": [
        "https://rookie-av.jp/works/detail/RKI432",
        "https://rookie-av.jp/works/detail/RKI433",
        "https://rookie-av.jp/works/detail/RKI434",
        "https://rookie-av.jp/works/detail/RBB113"
      ],
      "count": 4
    }
  },
  {
    "https://rookie-av.jp/works/list/date/2017-02-01": {
      "href": [
        "https://rookie-av.jp/works/detail/RKI435"
      ],
      "count": 1
    }
  },
  {
    "https://rookie-av.jp/works/list/date/2017-03-01": {
      "href": [
        "https://rookie-av.jp/works/detail/RKI436",
        "https://rookie-av.jp/works/detail/RBB114"
      ],
      "count": 2
    }
  },
  {
    "https://rookie-av.jp/works/list/date/2017-04-01": {
      "href": [
        "https://rookie-av.jp/works/detail/RBB117"
      ],
      "count": 1
    }
  },
  {
    "https://rookie-av.jp/works/list/date/2017-05-01": {
      "href": [
        "https://rookie-av.jp/works/detail/RKI438",
        "https://rookie-av.jp/works/detail/RKI439",
        "https://rookie-av.jp/works/detail/RKI440"
      ],
      "count": 3
    }
  },
  {
    "https://rookie-av.jp/works/list/date/2017-06-01": {
      "href": [
        "https://rookie-av.jp/works/detail/RKI441",
        "https://rookie-av.jp/works/detail/RKI442"
      ],
      "count": 2
    }
  },
  {
    "https://rookie-av.jp/works/list/date/2017-07-01": {
      "href": [
        "https://rookie-av.jp/works/detail/RKI443",
        "https://rookie-av.jp/works/detail/RKI444"
      ],
      "count": 2
    }
  },
  {
    "https://rookie-av.jp/works/list/date/2017-08-01": {
      "href": [
        "https://rookie-av.jp/works/detail/RKI445"
      ],
      "count": 1
    }
  },
  {
    "https://rookie-av.jp/works/list/date/2017-09-13": {
      "href": [
        "https://rookie-av.jp/works/detail/RKI447",
        "https://rookie-av.jp/works/detail/RKI448",
        "https://rookie-av.jp/works/detail/RKI446"
      ],
      "count": 3
    }
  },
  {
    "https://rookie-av.jp/works/list/date/2017-10-07": {
      "href": [
        "https://rookie-av.jp/works/detail/RKI450"
      ],
      "count": 1
    }
  },
  {
    "https://rookie-av.jp/works/list/date/2017-11-01": {
      "href": [
        "https://rookie-av.jp/works/detail/RKI451"
      ],
      "count": 1
    }
  },
  {
    "https://rookie-av.jp/works/list/date/2017-12-01": {
      "href": [
        "https://rookie-av.jp/works/detail/RKI453",
        "https://rookie-av.jp/works/detail/RKI454"
      ],
      "count": 2
    }
  },
  {
    "https://rookie-av.jp/works/list/date/2017-11-19": {
      "href": [
        "https://rookie-av.jp/works/detail/RBB122",
        "https://rookie-av.jp/works/detail/RBB119"
      ],
      "count": 2
    }
  },
  {
    "https://rookie-av.jp/works/list/date/2017-12-25": {
      "href": [
        "https://rookie-av.jp/works/detail/RBB126"
      ],
      "count": 1
    }
  },
  {
    "https://rookie-av.jp/works/list/date/2018-01-01": {
      "href": [
        "https://rookie-av.jp/works/detail/RKI455",
        "https://rookie-av.jp/works/detail/RKI456"
      ],
      "count": 2
    }
  }
]