[
  {
    "https://tameikegoro.jp/works/list/date/2010-01-13": {
      "href": [
        "https://tameikegoro.jp/works/detail/MDYD508",
        "https://tameikegoro.jp/works/detail/MDYD512",
        "https://tameikegoro.jp/works/detail/MDYD513",
        "https://tameikegoro.jp/works/detail/MDYD507",
        "https://tameikegoro.jp/works/detail/MDYD511",
        "https://tameikegoro.jp/works/detail/MDYD510",
        "https://tameikegoro.jp/works/detail/MBYD086",
        "https://tameikegoro.jp/works/detail/MBYD087",
        "https://tameikegoro.jp/works/detail/MBYD088"
      ],
      "count": 9
    }
  },
  {
    "https://tameikegoro.jp/works/list/date/2010-02-13": {
      "href": [
        "https://tameikegoro.jp/works/detail/MDYD520",
        "https://tameikegoro.jp/works/detail/MDYD519",
        "https://tameikegoro.jp/works/detail/MDYD517",
        "https://tameikegoro.jp/works/detail/MDYD515",
        "https://tameikegoro.jp/works/detail/MDYD518",
        "https://tameikegoro.jp/works/detail/MDYD514",
        "https://tameikegoro.jp/works/detail/MBYD089",
        "https://tameikegoro.jp/works/detail/MBYD090",
        "https://tameikegoro.jp/works/detail/MBYD091"
      ],
      "count": 9
    }
  },
  {
    "https://tameikegoro.jp/works/list/date/2010-03-13": {
      "href": [
        "https://tameikegoro.jp/works/detail/MDYD526",
        "https://tameikegoro.jp/works/detail/MDYD525",
        "https://tameikegoro.jp/works/detail/MDYD521",
        "https://tameikegoro.jp/works/detail/MDYD523",
        "https://tameikegoro.jp/works/detail/MDYD524",
        "https://tameikegoro.jp/works/detail/MDYD522",
        "https://tameikegoro.jp/works/detail/MBYD092",
        "https://tameikegoro.jp/works/detail/MBYD093"
      ],
      "count": 8
    }
  },
  {
    "https://tameikegoro.jp/works/list/date/2010-04-13": {
      "href": [
        "https://tameikegoro.jp/works/detail/MDYD533",
        "https://tameikegoro.jp/works/detail/MDYD534",
        "https://tameikegoro.jp/works/detail/MDYD528",
        "https://tameikegoro.jp/works/detail/MDYD529",
        "https://tameikegoro.jp/works/detail/MDYD531",
        "https://tameikegoro.jp/works/detail/MDYD532",
        "https://tameikegoro.jp/works/detail/MBYD094",
        "https://tameikegoro.jp/works/detail/MBYD095"
      ],
      "count": 8
    }
  },
  {
    "https://tameikegoro.jp/works/list/date/2010-05-13": {
      "href": [
        "https://tameikegoro.jp/works/detail/MDYD541",
        "https://tameikegoro.jp/works/detail/MDYD538",
        "https://tameikegoro.jp/works/detail/MDYD536",
        "https://tameikegoro.jp/works/detail/MDYD540",
        "https://tameikegoro.jp/works/detail/MDYD535",
        "https://tameikegoro.jp/works/detail/MDYD539",
        "https://tameikegoro.jp/works/detail/MDYD537",
        "https://tameikegoro.jp/works/detail/MBYD096",
        "https://tameikegoro.jp/works/detail/MBYD097"
      ],
      "count": 9
    }
  },
  {
    "https://tameikegoro.jp/works/list/date/2010-06-13": {
      "href": [
        "https://tameikegoro.jp/works/detail/MDYD543",
        "https://tameikegoro.jp/works/detail/MDYD547",
        "https://tameikegoro.jp/works/detail/MDYD545",
        "https://tameikegoro.jp/works/detail/MDYD548",
        "https://tameikegoro.jp/works/detail/MDYD544",
        "https://tameikegoro.jp/works/detail/MDYD542",
        "https://tameikegoro.jp/works/detail/MBYD098",
        "https://tameikegoro.jp/works/detail/MBYD099"
      ],
      "count": 8
    }
  },
  {
    "https://tameikegoro.jp/works/list/date/2010-07-13": {
      "href": [
        "https://tameikegoro.jp/works/detail/MDYD554",
        "https://tameikegoro.jp/works/detail/MDYD553",
        "https://tameikegoro.jp/works/detail/MDYD551",
        "https://tameikegoro.jp/works/detail/MDYD555",
        "https://tameikegoro.jp/works/detail/MDYD552",
        "https://tameikegoro.jp/works/detail/MDYD550",
        "https://tameikegoro.jp/works/detail/MDYD549",
        "https://tameikegoro.jp/works/detail/MBYD100",
        "https://tameikegoro.jp/works/detail/MBYD101"
      ],
      "count": 9
    }
  },
  {
    "https://tameikegoro.jp/works/list/date/2010-08-13": {
      "href": [
        "https://tameikegoro.jp/works/detail/MDYD561",
        "https://tameikegoro.jp/works/detail/MDYD557",
        "https://tameikegoro.jp/works/detail/MDYD562",
        "https://tameikegoro.jp/works/detail/MDYD559",
        "https://tameikegoro.jp/works/detail/MDYD558",
        "https://tameikegoro.jp/works/detail/MDYD556",
        "https://tameikegoro.jp/works/detail/MBYD102",
        "https://tameikegoro.jp/works/detail/MBYD103"
      ],
      "count": 8
    }
  },
  {
    "https://tameikegoro.jp/works/list/date/2010-09-13": {
      "href": [
        "https://tameikegoro.jp/works/detail/MDYD567",
        "https://tameikegoro.jp/works/detail/MDYD568",
        "https://tameikegoro.jp/works/detail/MDYD569",
        "https://tameikegoro.jp/works/detail/MDYD565",
        "https://tameikegoro.jp/works/detail/MDYD564",
        "https://tameikegoro.jp/works/detail/MDYD566",
        "https://tameikegoro.jp/works/detail/MDYD563",
        "https://tameikegoro.jp/works/detail/MBYD105"
      ],
      "count": 8
    }
  },
  {
    "https://tameikegoro.jp/works/list/date/2010-10-13": {
      "href": [
        "https://tameikegoro.jp/works/detail/MDYD575",
        "https://tameikegoro.jp/works/detail/MDYD574",
        "https://tameikegoro.jp/works/detail/MDYD572",
        "https://tameikegoro.jp/works/detail/MDYD570",
        "https://tameikegoro.jp/works/detail/MDYD571",
        "https://tameikegoro.jp/works/detail/MDYD576",
        "https://tameikegoro.jp/works/detail/MDYD573",
        "https://tameikegoro.jp/works/detail/MBYD106",
        "https://tameikegoro.jp/works/detail/MBYD107"
      ],
      "count": 9
    }
  },
  {
    "https://tameikegoro.jp/works/list/date/2010-11-13": {
      "href": [
        "https://tameikegoro.jp/works/detail/MDYD581",
        "https://tameikegoro.jp/works/detail/MDYD579",
        "https://tameikegoro.jp/works/detail/MDYD577",
        "https://tameikegoro.jp/works/detail/MDYD578",
        "https://tameikegoro.jp/works/detail/MDYD582",
        "https://tameikegoro.jp/works/detail/MDYD580",
        "https://tameikegoro.jp/works/detail/MBYD108",
        "https://tameikegoro.jp/works/detail/MBYD109"
      ],
      "count": 8
    }
  },
  {
    "https://tameikegoro.jp/works/list/date/2010-12-13": {
      "href": [
        "https://tameikegoro.jp/works/detail/MDYD587",
        "https://tameikegoro.jp/works/detail/MDYD584",
        "https://tameikegoro.jp/works/detail/MDYD585",
        "https://tameikegoro.jp/works/detail/MDYD586",
        "https://tameikegoro.jp/works/detail/MDYD588",
        "https://tameikegoro.jp/works/detail/MDYD590",
        "https://tameikegoro.jp/works/detail/MBYD110",
        "https://tameikegoro.jp/works/detail/MBYD111"
      ],
      "count": 8
    }
  },
  {
    "https://tameikegoro.jp/works/list/date/2011-01-13": {
      "href": [
        "https://tameikegoro.jp/works/detail/MDYD595",
        "https://tameikegoro.jp/works/detail/MDYD593",
        "https://tameikegoro.jp/works/detail/MDYD591",
        "https://tameikegoro.jp/works/detail/MDYD594",
        "https://tameikegoro.jp/works/detail/MDYD592",
        "https://tameikegoro.jp/works/detail/MDYD596",
        "https://tameikegoro.jp/works/detail/MBYD112",
        "https://tameikegoro.jp/works/detail/MBYD113"
      ],
      "count": 8
    }
  },
  {
    "https://tameikegoro.jp/works/list/date/2011-02-13": {
      "href": [
        "https://tameikegoro.jp/works/detail/MDYD597",
        "https://tameikegoro.jp/works/detail/MDYD598",
        "https://tameikegoro.jp/works/detail/MDYD602",
        "https://tameikegoro.jp/works/detail/MDYD601",
        "https://tameikegoro.jp/works/detail/MDYD600",
        "https://tameikegoro.jp/works/detail/MBYD114",
        "https://tameikegoro.jp/works/detail/MBYD115"
      ],
      "count": 7
    }
  },
  {
    "https://tameikegoro.jp/works/list/date/2011-03-13": {
      "href": [
        "https://tameikegoro.jp/works/detail/MDYD605",
        "https://tameikegoro.jp/works/detail/MDYD606",
        "https://tameikegoro.jp/works/detail/MDYD608",
        "https://tameikegoro.jp/works/detail/MDYD607",
        "https://tameikegoro.jp/works/detail/MDYD604",
        "https://tameikegoro.jp/works/detail/MDYD603",
        "https://tameikegoro.jp/works/detail/MBYD116",
        "https://tameikegoro.jp/works/detail/MBYD117"
      ],
      "count": 8
    }
  },
  {
    "https://tameikegoro.jp/works/list/date/2011-04-13": {
      "href": [
        "https://tameikegoro.jp/works/detail/MDYD610",
        "https://tameikegoro.jp/works/detail/MDYD611",
        "https://tameikegoro.jp/works/detail/MDYD609",
        "https://tameikegoro.jp/works/detail/MDYD612",
        "https://tameikegoro.jp/works/detail/MDYD613",
        "https://tameikegoro.jp/works/detail/MDYD614",
        "https://tameikegoro.jp/works/detail/MBYD118",
        "https://tameikegoro.jp/works/detail/MBYD119"
      ],
      "count": 8
    }
  },
  {
    "https://tameikegoro.jp/works/list/date/2011-05-13": {
      "href": [
        "https://tameikegoro.jp/works/detail/MDYD615",
        "https://tameikegoro.jp/works/detail/MDYD620",
        "https://tameikegoro.jp/works/detail/MDYD619",
        "https://tameikegoro.jp/works/detail/MDYD616",
        "https://tameikegoro.jp/works/detail/MDYD617",
        "https://tameikegoro.jp/works/detail/MDYD618",
        "https://tameikegoro.jp/works/detail/MBYD120",
        "https://tameikegoro.jp/works/detail/MBYD121"
      ],
      "count": 8
    }
  },
  {
    "https://tameikegoro.jp/works/list/date/2011-06-13": {
      "href": [
        "https://tameikegoro.jp/works/detail/MDYD626",
        "https://tameikegoro.jp/works/detail/MDYD625",
        "https://tameikegoro.jp/works/detail/MDYD621",
        "https://tameikegoro.jp/works/detail/MDYD622",
        "https://tameikegoro.jp/works/detail/MDYD623",
        "https://tameikegoro.jp/works/detail/MDYD624",
        "https://tameikegoro.jp/works/detail/MBYD122",
        "https://tameikegoro.jp/works/detail/MBYD123"
      ],
      "count": 8
    }
  },
  {
    "https://tameikegoro.jp/works/list/date/2011-07-13": {
      "href": [
        "https://tameikegoro.jp/works/detail/MDYD632",
        "https://tameikegoro.jp/works/detail/MDYD631",
        "https://tameikegoro.jp/works/detail/MDYD628",
        "https://tameikegoro.jp/works/detail/MDYD629",
        "https://tameikegoro.jp/works/detail/MDYD627",
        "https://tameikegoro.jp/works/detail/MBYD124",
        "https://tameikegoro.jp/works/detail/MBYD125"
      ],
      "count": 7
    }
  },
  {
    "https://tameikegoro.jp/works/list/date/2011-07-22": {
      "href": [
        "https://tameikegoro.jp/works/detail/MDYD630"
      ],
      "count": 1
    }
  },
  {
    "https://tameikegoro.jp/works/list/date/2011-08-13": {
      "href": [
        "https://tameikegoro.jp/works/detail/MDYD633",
        "https://tameikegoro.jp/works/detail/MDYD636",
        "https://tameikegoro.jp/works/detail/MDYD637",
        "https://tameikegoro.jp/works/detail/MDYD634",
        "https://tameikegoro.jp/works/detail/MDYD635",
        "https://tameikegoro.jp/works/detail/MBYD127"
      ],
      "count": 6
    }
  },
  {
    "https://tameikegoro.jp/works/list/date/2011-09-13": {
      "href": [
        "https://tameikegoro.jp/works/detail/MDYD641",
        "https://tameikegoro.jp/works/detail/MDYD639",
        "https://tameikegoro.jp/works/detail/MDYD642",
        "https://tameikegoro.jp/works/detail/MDYD638",
        "https://tameikegoro.jp/works/detail/MDYD643",
        "https://tameikegoro.jp/works/detail/MDYD640",
        "https://tameikegoro.jp/works/detail/MBYD128"
      ],
      "count": 7
    }
  },
  {
    "https://tameikegoro.jp/works/list/date/2011-10-13": {
      "href": [
        "https://tameikegoro.jp/works/detail/MDYD644",
        "https://tameikegoro.jp/works/detail/MDYD645",
        "https://tameikegoro.jp/works/detail/MDYD646",
        "https://tameikegoro.jp/works/detail/MDYD647",
        "https://tameikegoro.jp/works/detail/MDYD648",
        "https://tameikegoro.jp/works/detail/MBYD130"
      ],
      "count": 6
    }
  },
  {
    "https://tameikegoro.jp/works/list/date/2011-11-13": {
      "href": [
        "https://tameikegoro.jp/works/detail/MDYD651",
        "https://tameikegoro.jp/works/detail/MDYD649",
        "https://tameikegoro.jp/works/detail/MDYD652",
        "https://tameikegoro.jp/works/detail/MDYD650",
        "https://tameikegoro.jp/works/detail/MDYD653"
      ],
      "count": 5
    }
  },
  {
    "https://tameikegoro.jp/works/list/date/2011-12-13": {
      "href": [
        "https://tameikegoro.jp/works/detail/MDYD655",
        "https://tameikegoro.jp/works/detail/MDYD657",
        "https://tameikegoro.jp/works/detail/MDYD654",
        "https://tameikegoro.jp/works/detail/MDYD656",
        "https://tameikegoro.jp/works/detail/MDYD658",
        "https://tameikegoro.jp/works/detail/MBYD132"
      ],
      "count": 6
    }
  },
  {
    "https://tameikegoro.jp/works/list/date/2012-01-13": {
      "href": [
        "https://tameikegoro.jp/works/detail/MDYD660",
        "https://tameikegoro.jp/works/detail/MDYD659",
        "https://tameikegoro.jp/works/detail/MDYD661",
        "https://tameikegoro.jp/works/detail/MDYD662",
        "https://tameikegoro.jp/works/detail/MDYD663",
        "https://tameikegoro.jp/works/detail/MBYD134"
      ],
      "count": 6
    }
  },
  {
    "https://tameikegoro.jp/works/list/date/2012-02-13": {
      "href": [
        "https://tameikegoro.jp/works/detail/MDYD664",
        "https://tameikegoro.jp/works/detail/MDYD665",
        "https://tameikegoro.jp/works/detail/MDYD668",
        "https://tameikegoro.jp/works/detail/MDYD669",
        "https://tameikegoro.jp/works/detail/MDYD666",
        "https://tameikegoro.jp/works/detail/MDYD667",
        "https://tameikegoro.jp/works/detail/MBYD135"
      ],
      "count": 7
    }
  },
  {
    "https://tameikegoro.jp/works/list/date/2012-03-13": {
      "href": [
        "https://tameikegoro.jp/works/detail/MDYD670",
        "https://tameikegoro.jp/works/detail/MDYD671",
        "https://tameikegoro.jp/works/detail/MDYD672",
        "https://tameikegoro.jp/works/detail/MDYD673",
        "https://tameikegoro.jp/works/detail/MDYD674",
        "https://tameikegoro.jp/works/detail/MDYD675",
        "https://tameikegoro.jp/works/detail/MBYD136"
      ],
      "count": 7
    }
  },
  {
    "https://tameikegoro.jp/works/list/date/2012-04-13": {
      "href": [
        "https://tameikegoro.jp/works/detail/MDYD677",
        "https://tameikegoro.jp/works/detail/MDYD676",
        "https://tameikegoro.jp/works/detail/MDYD678",
        "https://tameikegoro.jp/works/detail/MDYD679",
        "https://tameikegoro.jp/works/detail/MDYD680",
        "https://tameikegoro.jp/works/detail/MDYD681",
        "https://tameikegoro.jp/works/detail/MBYD137"
      ],
      "count": 7
    }
  },
  {
    "https://tameikegoro.jp/works/list/date/2012-05-13": {
      "href": [
        "https://tameikegoro.jp/works/detail/MDYD682",
        "https://tameikegoro.jp/works/detail/MDYD683",
        "https://tameikegoro.jp/works/detail/MDYD684",
        "https://tameikegoro.jp/works/detail/MDYD686",
        "https://tameikegoro.jp/works/detail/MDYD685",
        "https://tameikegoro.jp/works/detail/MDYD687",
        "https://tameikegoro.jp/works/detail/MBYD138"
      ],
      "count": 7
    }
  },
  {
    "https://tameikegoro.jp/works/list/date/2012-06-13": {
      "href": [
        "https://tameikegoro.jp/works/detail/MDYD688",
        "https://tameikegoro.jp/works/detail/MDYD689",
        "https://tameikegoro.jp/works/detail/MDYD690",
        "https://tameikegoro.jp/works/detail/MDYD693",
        "https://tameikegoro.jp/works/detail/MDYD691",
        "https://tameikegoro.jp/works/detail/MDYD692",
        "https://tameikegoro.jp/works/detail/MDYD694"
      ],
      "count": 7
    }
  },
  {
    "https://tameikegoro.jp/works/list/date/2012-07-13": {
      "href": [
        "https://tameikegoro.jp/works/detail/MDYD695",
        "https://tameikegoro.jp/works/detail/MDYD696",
        "https://tameikegoro.jp/works/detail/MDYD697",
        "https://tameikegoro.jp/works/detail/MDYD698",
        "https://tameikegoro.jp/works/detail/MDYD699",
        "https://tameikegoro.jp/works/detail/MDYD700",
        "https://tameikegoro.jp/works/detail/MDYD702",
        "https://tameikegoro.jp/works/detail/MDYD703",
        "https://tameikegoro.jp/works/detail/MBYD140"
      ],
      "count": 9
    }
  },
  {
    "https://tameikegoro.jp/works/list/date/2012-08-13": {
      "href": [
        "https://tameikegoro.jp/works/detail/MDYD704",
        "https://tameikegoro.jp/works/detail/MDYD705",
        "https://tameikegoro.jp/works/detail/MDYD706",
        "https://tameikegoro.jp/works/detail/MDYD707",
        "https://tameikegoro.jp/works/detail/MDYD708",
        "https://tameikegoro.jp/works/detail/MDYD710",
        "https://tameikegoro.jp/works/detail/MDYD711",
        "https://tameikegoro.jp/works/detail/MBYD141",
        "https://tameikegoro.jp/works/detail/MBYD142"
      ],
      "count": 9
    }
  },
  {
    "https://tameikegoro.jp/works/list/date/2012-09-13": {
      "href": [
        "https://tameikegoro.jp/works/detail/MDYD712",
        "https://tameikegoro.jp/works/detail/MDYD713",
        "https://tameikegoro.jp/works/detail/MDYD714",
        "https://tameikegoro.jp/works/detail/MDYD715",
        "https://tameikegoro.jp/works/detail/MDYD716",
        "https://tameikegoro.jp/works/detail/MDYD717",
        "https://tameikegoro.jp/works/detail/MDYD718",
        "https://tameikegoro.jp/works/detail/MBYD143",
        "https://tameikegoro.jp/works/detail/MBYD144"
      ],
      "count": 9
    }
  },
  {
    "https://tameikegoro.jp/works/list/date/2012-10-13": {
      "href": [
        "https://tameikegoro.jp/works/detail/MDYD719",
        "https://tameikegoro.jp/works/detail/MDYD720",
        "https://tameikegoro.jp/works/detail/MDYD721",
        "https://tameikegoro.jp/works/detail/MDYD722",
        "https://tameikegoro.jp/works/detail/MDYD724",
        "https://tameikegoro.jp/works/detail/MDYD725",
        "https://tameikegoro.jp/works/detail/MDYD726",
        "https://tameikegoro.jp/works/detail/MBYD145",
        "https://tameikegoro.jp/works/detail/MBYD146"
      ],
      "count": 9
    }
  },
  {
    "https://tameikegoro.jp/works/list/date/2012-11-13": {
      "href": [
        "https://tameikegoro.jp/works/detail/MDYD727",
        "https://tameikegoro.jp/works/detail/MDYD728",
        "https://tameikegoro.jp/works/detail/MDYD729",
        "https://tameikegoro.jp/works/detail/MDYD730",
        "https://tameikegoro.jp/works/detail/MDYD731",
        "https://tameikegoro.jp/works/detail/MDYD732",
        "https://tameikegoro.jp/works/detail/MDYD733",
        "https://tameikegoro.jp/works/detail/MDYD734",
        "https://tameikegoro.jp/works/detail/MBYD147",
        "https://tameikegoro.jp/works/detail/MBYD148"
      ],
      "count": 10
    }
  },
  {
    "https://tameikegoro.jp/works/list/date/2012-12-13": {
      "href": [
        "https://tameikegoro.jp/works/detail/MDYD735",
        "https://tameikegoro.jp/works/detail/MDYD736",
        "https://tameikegoro.jp/works/detail/MDYD737",
        "https://tameikegoro.jp/works/detail/MDYD738",
        "https://tameikegoro.jp/works/detail/MDYD740",
        "https://tameikegoro.jp/works/detail/MDYD739",
        "https://tameikegoro.jp/works/detail/MDYD742",
        "https://tameikegoro.jp/works/detail/MDYD741",
        "https://tameikegoro.jp/works/detail/MBYD149",
        "https://tameikegoro.jp/works/detail/MBYD150"
      ],
      "count": 10
    }
  },
  {
    "https://tameikegoro.jp/works/list/date/2013-01-13": {
      "href": [
        "https://tameikegoro.jp/works/detail/MDYD743",
        "https://tameikegoro.jp/works/detail/MDYD744",
        "https://tameikegoro.jp/works/detail/MDYD745",
        "https://tameikegoro.jp/works/detail/MDYD746",
        "https://tameikegoro.jp/works/detail/MDYD748",
        "https://tameikegoro.jp/works/detail/MDYD749",
        "https://tameikegoro.jp/works/detail/MDYD747",
        "https://tameikegoro.jp/works/detail/MBYD151",
        "https://tameikegoro.jp/works/detail/MBYD152"
      ],
      "count": 9
    }
  },
  {
    "https://tameikegoro.jp/works/list/date/2013-02-13": {
      "href": [
        "https://tameikegoro.jp/works/detail/MDYD750",
        "https://tameikegoro.jp/works/detail/MDYD751",
        "https://tameikegoro.jp/works/detail/MDYD752",
        "https://tameikegoro.jp/works/detail/MDYD753",
        "https://tameikegoro.jp/works/detail/MDYD755",
        "https://tameikegoro.jp/works/detail/MDYD756",
        "https://tameikegoro.jp/works/detail/MDYD757",
        "https://tameikegoro.jp/works/detail/MBYD153",
        "https://tameikegoro.jp/works/detail/MBYD154"
      ],
      "count": 9
    }
  },
  {
    "https://tameikegoro.jp/works/list/date/2013-03-13": {
      "href": [
        "https://tameikegoro.jp/works/detail/MDYD759",
        "https://tameikegoro.jp/works/detail/MDYD760",
        "https://tameikegoro.jp/works/detail/MDYD761",
        "https://tameikegoro.jp/works/detail/MDYD762",
        "https://tameikegoro.jp/works/detail/MDYD765",
        "https://tameikegoro.jp/works/detail/MDYD764",
        "https://tameikegoro.jp/works/detail/MDYD763",
        "https://tameikegoro.jp/works/detail/MDYD766",
        "https://tameikegoro.jp/works/detail/MBYD155",
        "https://tameikegoro.jp/works/detail/MBYD156"
      ],
      "count": 10
    }
  },
  {
    "https://tameikegoro.jp/works/list/date/2013-04-13": {
      "href": [
        "https://tameikegoro.jp/works/detail/MDYD767",
        "https://tameikegoro.jp/works/detail/MDYD768",
        "https://tameikegoro.jp/works/detail/MDYD769",
        "https://tameikegoro.jp/works/detail/MDYD770",
        "https://tameikegoro.jp/works/detail/MDYD771",
        "https://tameikegoro.jp/works/detail/MDYD774",
        "https://tameikegoro.jp/works/detail/MDYD775",
        "https://tameikegoro.jp/works/detail/MBYD158"
      ],
      "count": 8
    }
  },
  {
    "https://tameikegoro.jp/works/list/date/2013-05-13": {
      "href": [
        "https://tameikegoro.jp/works/detail/MDYD776",
        "https://tameikegoro.jp/works/detail/MDYD777",
        "https://tameikegoro.jp/works/detail/MDYD778",
        "https://tameikegoro.jp/works/detail/MDYD779",
        "https://tameikegoro.jp/works/detail/MDYD780",
        "https://tameikegoro.jp/works/detail/MDYD782",
        "https://tameikegoro.jp/works/detail/MDYD783",
        "https://tameikegoro.jp/works/detail/MDYD784",
        "https://tameikegoro.jp/works/detail/MBYD159",
        "https://tameikegoro.jp/works/detail/MBYD160"
      ],
      "count": 10
    }
  },
  {
    "https://tameikegoro.jp/works/list/date/2013-06-13": {
      "href": [
        "https://tameikegoro.jp/works/detail/MDYD796",
        "https://tameikegoro.jp/works/detail/MDYD787",
        "https://tameikegoro.jp/works/detail/MDYD786",
        "https://tameikegoro.jp/works/detail/MDYD788",
        "https://tameikegoro.jp/works/detail/MDYD789",
        "https://tameikegoro.jp/works/detail/MDYD791",
        "https://tameikegoro.jp/works/detail/MDYD792",
        "https://tameikegoro.jp/works/detail/MDYD793",
        "https://tameikegoro.jp/works/detail/MDYD794",
        "https://tameikegoro.jp/works/detail/MDYD795",
        "https://tameikegoro.jp/works/detail/MBYD161"
      ],
      "count": 11
    }
  },
  {
    "https://tameikegoro.jp/works/list/date/2013-07-13": {
      "href": [
        "https://tameikegoro.jp/works/detail/MDYD799",
        "https://tameikegoro.jp/works/detail/MDYD800",
        "https://tameikegoro.jp/works/detail/MDYD797",
        "https://tameikegoro.jp/works/detail/MDYD801",
        "https://tameikegoro.jp/works/detail/MDYD802",
        "https://tameikegoro.jp/works/detail/MDYD803",
        "https://tameikegoro.jp/works/detail/MDYD804",
        "https://tameikegoro.jp/works/detail/MDYD805",
        "https://tameikegoro.jp/works/detail/MDYD806",
        "https://tameikegoro.jp/works/detail/MDYD808",
        "https://tameikegoro.jp/works/detail/MBYD163",
        "https://tameikegoro.jp/works/detail/MBYD164"
      ],
      "count": 12
    }
  },
  {
    "https://tameikegoro.jp/works/list/date/2013-08-13": {
      "href": [
        "https://tameikegoro.jp/works/detail/MDYD812",
        "https://tameikegoro.jp/works/detail/MDYD809",
        "https://tameikegoro.jp/works/detail/MDYD810",
        "https://tameikegoro.jp/works/detail/MDYD813",
        "https://tameikegoro.jp/works/detail/MDYD814",
        "https://tameikegoro.jp/works/detail/MDYD815",
        "https://tameikegoro.jp/works/detail/MDYD817",
        "https://tameikegoro.jp/works/detail/MDYD818",
        "https://tameikegoro.jp/works/detail/MDYD819",
        "https://tameikegoro.jp/works/detail/MDYD820",
        "https://tameikegoro.jp/works/detail/MBYD165",
        "https://tameikegoro.jp/works/detail/MBYD166",
        "https://tameikegoro.jp/works/detail/MBYD167"
      ],
      "count": 13
    }
  },
  {
    "https://tameikegoro.jp/works/list/date/2013-09-13": {
      "href": [
        "https://tameikegoro.jp/works/detail/MDYD821",
        "https://tameikegoro.jp/works/detail/MDYD822",
        "https://tameikegoro.jp/works/detail/MDYD823",
        "https://tameikegoro.jp/works/detail/MDYD824",
        "https://tameikegoro.jp/works/detail/MDYD825",
        "https://tameikegoro.jp/works/detail/MDYD826",
        "https://tameikegoro.jp/works/detail/MDYD827",
        "https://tameikegoro.jp/works/detail/MDYD828",
        "https://tameikegoro.jp/works/detail/MDYD829",
        "https://tameikegoro.jp/works/detail/MBYD168",
        "https://tameikegoro.jp/works/detail/MBYD169",
        "https://tameikegoro.jp/works/detail/MBYD170"
      ],
      "count": 12
    }
  },
  {
    "https://tameikegoro.jp/works/list/date/2013-10-13": {
      "href": [
        "https://tameikegoro.jp/works/detail/MDYD831",
        "https://tameikegoro.jp/works/detail/MDYD841",
        "https://tameikegoro.jp/works/detail/MDYD830",
        "https://tameikegoro.jp/works/detail/MDYD832",
        "https://tameikegoro.jp/works/detail/MDYD833",
        "https://tameikegoro.jp/works/detail/MDYD834",
        "https://tameikegoro.jp/works/detail/MDYD835",
        "https://tameikegoro.jp/works/detail/MDYD836",
        "https://tameikegoro.jp/works/detail/MDYD837",
        "https://tameikegoro.jp/works/detail/MDYD838",
        "https://tameikegoro.jp/works/detail/MDYD839",
        "https://tameikegoro.jp/works/detail/MDYD840",
        "https://tameikegoro.jp/works/detail/MBYD171",
        "https://tameikegoro.jp/works/detail/MBYD172"
      ],
      "count": 14
    }
  },
  {
    "https://tameikegoro.jp/works/list/date/2013-11-13": {
      "href": [
        "https://tameikegoro.jp/works/detail/MDYD843",
        "https://tameikegoro.jp/works/detail/MDYD842",
        "https://tameikegoro.jp/works/detail/MDYD853",
        "https://tameikegoro.jp/works/detail/MDYD845",
        "https://tameikegoro.jp/works/detail/MDYD844",
        "https://tameikegoro.jp/works/detail/MDYD846",
        "https://tameikegoro.jp/works/detail/MDYD847",
        "https://tameikegoro.jp/works/detail/MDYD848",
        "https://tameikegoro.jp/works/detail/MDYD849",
        "https://tameikegoro.jp/works/detail/MDYD850",
        "https://tameikegoro.jp/works/detail/MDYD851",
        "https://tameikegoro.jp/works/detail/MDYD852",
        "https://tameikegoro.jp/works/detail/MBYD173",
        "https://tameikegoro.jp/works/detail/MBYD174"
      ],
      "count": 14
    }
  },
  {
    "https://tameikegoro.jp/works/list/date/2013-12-13": {
      "href": [
        "https://tameikegoro.jp/works/detail/MDYD854",
        "https://tameikegoro.jp/works/detail/MDYD855",
        "https://tameikegoro.jp/works/detail/MDYD857",
        "https://tameikegoro.jp/works/detail/MDYD859",
        "https://tameikegoro.jp/works/detail/MDYD860",
        "https://tameikegoro.jp/works/detail/MDYD861",
        "https://tameikegoro.jp/works/detail/MDYD862",
        "https://tameikegoro.jp/works/detail/MDYD863",
        "https://tameikegoro.jp/works/detail/MDYD864",
        "https://tameikegoro.jp/works/detail/MBYD175",
        "https://tameikegoro.jp/works/detail/MBYD176",
        "https://tameikegoro.jp/works/detail/MBYD177"
      ],
      "count": 12
    }
  },
  {
    "https://tameikegoro.jp/works/list/date/2014-01-13": {
      "href": [
        "https://tameikegoro.jp/works/detail/MDYD867",
        "https://tameikegoro.jp/works/detail/MDYD868",
        "https://tameikegoro.jp/works/detail/MDYD869",
        "https://tameikegoro.jp/works/detail/MDYD870",
        "https://tameikegoro.jp/works/detail/MDYD871",
        "https://tameikegoro.jp/works/detail/MDYD872",
        "https://tameikegoro.jp/works/detail/MDYD873",
        "https://tameikegoro.jp/works/detail/MDYD874",
        "https://tameikegoro.jp/works/detail/MBYD178",
        "https://tameikegoro.jp/works/detail/MBYD180"
      ],
      "count": 10
    }
  },
  {
    "https://tameikegoro.jp/works/list/date/2014-02-13": {
      "href": [
        "https://tameikegoro.jp/works/detail/MDYD876",
        "https://tameikegoro.jp/works/detail/MDYD875",
        "https://tameikegoro.jp/works/detail/MDYD877",
        "https://tameikegoro.jp/works/detail/MDYD878",
        "https://tameikegoro.jp/works/detail/MDYD879",
        "https://tameikegoro.jp/works/detail/MDYD880",
        "https://tameikegoro.jp/works/detail/MDYD881",
        "https://tameikegoro.jp/works/detail/MDYD882",
        "https://tameikegoro.jp/works/detail/MDYD883",
        "https://tameikegoro.jp/works/detail/MDYD884",
        "https://tameikegoro.jp/works/detail/MBYD181",
        "https://tameikegoro.jp/works/detail/MBYD182",
        "https://tameikegoro.jp/works/detail/MBYD183"
      ],
      "count": 13
    }
  },
  {
    "https://tameikegoro.jp/works/list/date/2014-03-13": {
      "href": [
        "https://tameikegoro.jp/works/detail/MDYD885",
        "https://tameikegoro.jp/works/detail/MDYD886",
        "https://tameikegoro.jp/works/detail/MDYD887",
        "https://tameikegoro.jp/works/detail/MDYD888",
        "https://tameikegoro.jp/works/detail/MDYD889",
        "https://tameikegoro.jp/works/detail/MDYD890",
        "https://tameikegoro.jp/works/detail/MDYD891",
        "https://tameikegoro.jp/works/detail/MDYD892",
        "https://tameikegoro.jp/works/detail/MDYD893",
        "https://tameikegoro.jp/works/detail/MBYD184",
        "https://tameikegoro.jp/works/detail/MBYD185"
      ],
      "count": 11
    }
  },
  {
    "https://tameikegoro.jp/works/list/date/2014-05-13": {
      "href": [
        "https://tameikegoro.jp/works/detail/MDYD904",
        "https://tameikegoro.jp/works/detail/MDYD905",
        "https://tameikegoro.jp/works/detail/MDYD906",
        "https://tameikegoro.jp/works/detail/MDYD907",
        "https://tameikegoro.jp/works/detail/MDYD908",
        "https://tameikegoro.jp/works/detail/MDYD909",
        "https://tameikegoro.jp/works/detail/MDYD910",
        "https://tameikegoro.jp/works/detail/MDYD911",
        "https://tameikegoro.jp/works/detail/MBYD190",
        "https://tameikegoro.jp/works/detail/MBYD191",
        "https://tameikegoro.jp/works/detail/MBYD192"
      ],
      "count": 11
    }
  },
  {
    "https://tameikegoro.jp/works/list/date/2014-04-13": {
      "href": [
        "https://tameikegoro.jp/works/detail/MDYD894",
        "https://tameikegoro.jp/works/detail/MDYD895",
        "https://tameikegoro.jp/works/detail/MDYD896",
        "https://tameikegoro.jp/works/detail/MDYD897",
        "https://tameikegoro.jp/works/detail/MDYD898",
        "https://tameikegoro.jp/works/detail/MDYD899",
        "https://tameikegoro.jp/works/detail/MDYD900",
        "https://tameikegoro.jp/works/detail/MDYD901",
        "https://tameikegoro.jp/works/detail/MDYD902",
        "https://tameikegoro.jp/works/detail/MDYD903",
        "https://tameikegoro.jp/works/detail/MBYD187",
        "https://tameikegoro.jp/works/detail/MBYD188",
        "https://tameikegoro.jp/works/detail/MBYD189"
      ],
      "count": 13
    }
  },
  {
    "https://tameikegoro.jp/works/list/date/2014-06-13": {
      "href": [
        "https://tameikegoro.jp/works/detail/MDYD912",
        "https://tameikegoro.jp/works/detail/MDYD914",
        "https://tameikegoro.jp/works/detail/MDYD915",
        "https://tameikegoro.jp/works/detail/MDYD916",
        "https://tameikegoro.jp/works/detail/MDYD917",
        "https://tameikegoro.jp/works/detail/MDYD918",
        "https://tameikegoro.jp/works/detail/MDYD919",
        "https://tameikegoro.jp/works/detail/MBYD193",
        "https://tameikegoro.jp/works/detail/MBYD194",
        "https://tameikegoro.jp/works/detail/MBYD195"
      ],
      "count": 10
    }
  },
  {
    "https://tameikegoro.jp/works/list/date/2014-07-01": {
      "href": [
        "https://tameikegoro.jp/works/detail/AVOP032"
      ],
      "count": 1
    }
  },
  {
    "https://tameikegoro.jp/works/list/date/2014-07-13": {
      "href": [
        "https://tameikegoro.jp/works/detail/MDYD930",
        "https://tameikegoro.jp/works/detail/MDYD920",
        "https://tameikegoro.jp/works/detail/MDYD921",
        "https://tameikegoro.jp/works/detail/MDYD922",
        "https://tameikegoro.jp/works/detail/MDYD923",
        "https://tameikegoro.jp/works/detail/MDYD924",
        "https://tameikegoro.jp/works/detail/MDYD925",
        "https://tameikegoro.jp/works/detail/MDYD926",
        "https://tameikegoro.jp/works/detail/MDYD927",
        "https://tameikegoro.jp/works/detail/MDYD928",
        "https://tameikegoro.jp/works/detail/MDYD929",
        "https://tameikegoro.jp/works/detail/MBYD196"
      ],
      "count": 12
    }
  },
  {
    "https://tameikegoro.jp/works/list/date/2014-08-13": {
      "href": [
        "https://tameikegoro.jp/works/detail/MDYD931",
        "https://tameikegoro.jp/works/detail/MDYD932",
        "https://tameikegoro.jp/works/detail/MDYD933",
        "https://tameikegoro.jp/works/detail/MDYD934",
        "https://tameikegoro.jp/works/detail/MDYD935",
        "https://tameikegoro.jp/works/detail/MDYD936",
        "https://tameikegoro.jp/works/detail/MDYD937",
        "https://tameikegoro.jp/works/detail/MBYD198",
        "https://tameikegoro.jp/works/detail/MBYD199",
        "https://tameikegoro.jp/works/detail/MBYD200"
      ],
      "count": 10
    }
  },
  {
    "https://tameikegoro.jp/works/list/date/2014-09-13": {
      "href": [
        "https://tameikegoro.jp/works/detail/MDYD939",
        "https://tameikegoro.jp/works/detail/MDYD940",
        "https://tameikegoro.jp/works/detail/MDYD943",
        "https://tameikegoro.jp/works/detail/MDYD941",
        "https://tameikegoro.jp/works/detail/MDYD942",
        "https://tameikegoro.jp/works/detail/MDYD944",
        "https://tameikegoro.jp/works/detail/MDYD945",
        "https://tameikegoro.jp/works/detail/MDYD946",
        "https://tameikegoro.jp/works/detail/MDYD947",
        "https://tameikegoro.jp/works/detail/MDYD948",
        "https://tameikegoro.jp/works/detail/MBYD201",
        "https://tameikegoro.jp/works/detail/MBYD202",
        "https://tameikegoro.jp/works/detail/MBYD203"
      ],
      "count": 13
    }
  },
  {
    "https://tameikegoro.jp/works/list/date/2014-10-13": {
      "href": [
        "https://tameikegoro.jp/works/detail/MDYD949",
        "https://tameikegoro.jp/works/detail/MDYD959",
        "https://tameikegoro.jp/works/detail/MDYD950",
        "https://tameikegoro.jp/works/detail/MDYD951",
        "https://tameikegoro.jp/works/detail/MDYD952",
        "https://tameikegoro.jp/works/detail/MDYD953",
        "https://tameikegoro.jp/works/detail/MDYD954",
        "https://tameikegoro.jp/works/detail/MDYD955",
        "https://tameikegoro.jp/works/detail/MDYD956",
        "https://tameikegoro.jp/works/detail/MDYD957",
        "https://tameikegoro.jp/works/detail/MDYD958",
        "https://tameikegoro.jp/works/detail/MBYD204",
        "https://tameikegoro.jp/works/detail/MBYD205",
        "https://tameikegoro.jp/works/detail/MBYD206"
      ],
      "count": 14
    }
  },
  {
    "https://tameikegoro.jp/works/list/date/2014-11-13": {
      "href": [
        "https://tameikegoro.jp/works/detail/MDYD961",
        "https://tameikegoro.jp/works/detail/MDYD962",
        "https://tameikegoro.jp/works/detail/MDYD960",
        "https://tameikegoro.jp/works/detail/MDYD965",
        "https://tameikegoro.jp/works/detail/MDYD963",
        "https://tameikegoro.jp/works/detail/MDYD964",
        "https://tameikegoro.jp/works/detail/MDYD966",
        "https://tameikegoro.jp/works/detail/MDYD967",
        "https://tameikegoro.jp/works/detail/MDYD968",
        "https://tameikegoro.jp/works/detail/MBYD207",
        "https://tameikegoro.jp/works/detail/MBYD208",
        "https://tameikegoro.jp/works/detail/MBYD209"
      ],
      "count": 12
    }
  },
  {
    "https://tameikegoro.jp/works/list/date/2014-12-13": {
      "href": [
        "https://tameikegoro.jp/works/detail/MDYD969",
        "https://tameikegoro.jp/works/detail/MDYD970",
        "https://tameikegoro.jp/works/detail/MDYD971",
        "https://tameikegoro.jp/works/detail/MDYD973",
        "https://tameikegoro.jp/works/detail/MDYD974",
        "https://tameikegoro.jp/works/detail/MDYD975",
        "https://tameikegoro.jp/works/detail/MDYD976",
        "https://tameikegoro.jp/works/detail/MDYD978",
        "https://tameikegoro.jp/works/detail/MDYD979",
        "https://tameikegoro.jp/works/detail/MBYD210",
        "https://tameikegoro.jp/works/detail/MBYD212"
      ],
      "count": 11
    }
  },
  {
    "https://tameikegoro.jp/works/list/date/2015-01-13": {
      "href": [
        "https://tameikegoro.jp/works/detail/MXYD001",
        "https://tameikegoro.jp/works/detail/MTYD001",
        "https://tameikegoro.jp/works/detail/MDYD980",
        "https://tameikegoro.jp/works/detail/MDYD981",
        "https://tameikegoro.jp/works/detail/MDYD983",
        "https://tameikegoro.jp/works/detail/MDYD985",
        "https://tameikegoro.jp/works/detail/MDYD986",
        "https://tameikegoro.jp/works/detail/MDYD987",
        "https://tameikegoro.jp/works/detail/MDYD988",
        "https://tameikegoro.jp/works/detail/MDYD989",
        "https://tameikegoro.jp/works/detail/MBYD213",
        "https://tameikegoro.jp/works/detail/MBYD214",
        "https://tameikegoro.jp/works/detail/MBYD215"
      ],
      "count": 13
    }
  },
  {
    "https://tameikegoro.jp/works/list/date/2015-02-13": {
      "href": [
        "https://tameikegoro.jp/works/detail/MTYD002",
        "https://tameikegoro.jp/works/detail/MDYD990",
        "https://tameikegoro.jp/works/detail/MDYD991",
        "https://tameikegoro.jp/works/detail/MDYD992",
        "https://tameikegoro.jp/works/detail/MDYD993",
        "https://tameikegoro.jp/works/detail/MDYD994",
        "https://tameikegoro.jp/works/detail/MDYD998",
        "https://tameikegoro.jp/works/detail/MDYD999",
        "https://tameikegoro.jp/works/detail/MBYD216",
        "https://tameikegoro.jp/works/detail/MBYD217",
        "https://tameikegoro.jp/works/detail/MBYD218"
      ],
      "count": 11
    }
  },
  {
    "https://tameikegoro.jp/works/list/date/2015-03-13": {
      "href": [
        "https://tameikegoro.jp/works/detail/MEYD001",
        "https://tameikegoro.jp/works/detail/MEYD002",
        "https://tameikegoro.jp/works/detail/MEYD003",
        "https://tameikegoro.jp/works/detail/MEYD004",
        "https://tameikegoro.jp/works/detail/MEYD005",
        "https://tameikegoro.jp/works/detail/MEYD007",
        "https://tameikegoro.jp/works/detail/MEYD008",
        "https://tameikegoro.jp/works/detail/MEYD009",
        "https://tameikegoro.jp/works/detail/MEYD010",
        "https://tameikegoro.jp/works/detail/MBYD219",
        "https://tameikegoro.jp/works/detail/MBYD220",
        "https://tameikegoro.jp/works/detail/MBYD221"
      ],
      "count": 12
    }
  },
  {
    "https://tameikegoro.jp/works/list/date/2015-05-13": {
      "href": [
        "https://tameikegoro.jp/works/detail/MEYD021",
        "https://tameikegoro.jp/works/detail/MEYD022",
        "https://tameikegoro.jp/works/detail/MEYD023",
        "https://tameikegoro.jp/works/detail/MEYD024",
        "https://tameikegoro.jp/works/detail/MEYD026",
        "https://tameikegoro.jp/works/detail/MEYD028",
        "https://tameikegoro.jp/works/detail/MEYD030",
        "https://tameikegoro.jp/works/detail/MEYD031",
        "https://tameikegoro.jp/works/detail/MBYD225",
        "https://tameikegoro.jp/works/detail/MBYD226",
        "https://tameikegoro.jp/works/detail/MBYD227"
      ],
      "count": 11
    }
  },
  {
    "https://tameikegoro.jp/works/list/date/2015-06-13": {
      "href": [
        "https://tameikegoro.jp/works/detail/MEYD032",
        "https://tameikegoro.jp/works/detail/MTYD003",
        "https://tameikegoro.jp/works/detail/MEYD033",
        "https://tameikegoro.jp/works/detail/MEYD034",
        "https://tameikegoro.jp/works/detail/MEYD037",
        "https://tameikegoro.jp/works/detail/MEYD038",
        "https://tameikegoro.jp/works/detail/MEYD040",
        "https://tameikegoro.jp/works/detail/MBYD228",
        "https://tameikegoro.jp/works/detail/MBYD229",
        "https://tameikegoro.jp/works/detail/MBYD230"
      ],
      "count": 10
    }
  },
  {
    "https://tameikegoro.jp/works/list/date/2015-04-13": {
      "href": [
        "https://tameikegoro.jp/works/detail/MEYD011",
        "https://tameikegoro.jp/works/detail/MEYD012",
        "https://tameikegoro.jp/works/detail/MEYD013",
        "https://tameikegoro.jp/works/detail/MEYD015",
        "https://tameikegoro.jp/works/detail/MEYD016",
        "https://tameikegoro.jp/works/detail/MEYD017",
        "https://tameikegoro.jp/works/detail/MEYD018",
        "https://tameikegoro.jp/works/detail/MEYD019",
        "https://tameikegoro.jp/works/detail/MEYD020",
        "https://tameikegoro.jp/works/detail/MBYD222",
        "https://tameikegoro.jp/works/detail/MBYD223",
        "https://tameikegoro.jp/works/detail/MBYD224"
      ],
      "count": 12
    }
  },
  {
    "https://tameikegoro.jp/works/list/date/2015-07-13": {
      "href": [
        "https://tameikegoro.jp/works/detail/MEYD041",
        "https://tameikegoro.jp/works/detail/MXYD002",
        "https://tameikegoro.jp/works/detail/MEYD042",
        "https://tameikegoro.jp/works/detail/MEYD043",
        "https://tameikegoro.jp/works/detail/MEYD044",
        "https://tameikegoro.jp/works/detail/MEYD045",
        "https://tameikegoro.jp/works/detail/MEYD046",
        "https://tameikegoro.jp/works/detail/MEYD048",
        "https://tameikegoro.jp/works/detail/MEYD049",
        "https://tameikegoro.jp/works/detail/MBYD231",
        "https://tameikegoro.jp/works/detail/MBYD232",
        "https://tameikegoro.jp/works/detail/MBYD233"
      ],
      "count": 12
    }
  },
  {
    "https://tameikegoro.jp/works/list/date/2015-08-13": {
      "href": [
        "https://tameikegoro.jp/works/detail/MEYD050",
        "https://tameikegoro.jp/works/detail/MEYD051",
        "https://tameikegoro.jp/works/detail/MEYD052",
        "https://tameikegoro.jp/works/detail/MEYD053",
        "https://tameikegoro.jp/works/detail/MEYD054",
        "https://tameikegoro.jp/works/detail/MEYD055",
        "https://tameikegoro.jp/works/detail/MEYD056",
        "https://tameikegoro.jp/works/detail/MEYD057",
        "https://tameikegoro.jp/works/detail/MEYD058",
        "https://tameikegoro.jp/works/detail/MEYD059",
        "https://tameikegoro.jp/works/detail/MBYD234",
        "https://tameikegoro.jp/works/detail/MBYD235",
        "https://tameikegoro.jp/works/detail/MBYD236"
      ],
      "count": 13
    }
  },
  {
    "https://tameikegoro.jp/works/list/date/2015-09-01": {
      "href": [
        "https://tameikegoro.jp/works/detail/AVOP185"
      ],
      "count": 1
    }
  },
  {
    "https://tameikegoro.jp/works/list/date/2015-09-13": {
      "href": [
        "https://tameikegoro.jp/works/detail/MEYD061",
        "https://tameikegoro.jp/works/detail/MEYD062",
        "https://tameikegoro.jp/works/detail/MEYD063",
        "https://tameikegoro.jp/works/detail/MEYD064",
        "https://tameikegoro.jp/works/detail/MEYD065",
        "https://tameikegoro.jp/works/detail/MEYD066",
        "https://tameikegoro.jp/works/detail/MEYD067",
        "https://tameikegoro.jp/works/detail/MEYD068",
        "https://tameikegoro.jp/works/detail/MEYD069",
        "https://tameikegoro.jp/works/detail/MEYD070",
        "https://tameikegoro.jp/works/detail/MBYD237",
        "https://tameikegoro.jp/works/detail/MBYD238",
        "https://tameikegoro.jp/works/detail/MBYD239"
      ],
      "count": 13
    }
  },
  {
    "https://tameikegoro.jp/works/list/date/2015-10-13": {
      "href": [
        "https://tameikegoro.jp/works/detail/MEYD071",
        "https://tameikegoro.jp/works/detail/MEYD074",
        "https://tameikegoro.jp/works/detail/MEYD073",
        "https://tameikegoro.jp/works/detail/MEYD075",
        "https://tameikegoro.jp/works/detail/MEYD076",
        "https://tameikegoro.jp/works/detail/MEYD078",
        "https://tameikegoro.jp/works/detail/MEYD079",
        "https://tameikegoro.jp/works/detail/MEYD080",
        "https://tameikegoro.jp/works/detail/MEYD081",
        "https://tameikegoro.jp/works/detail/MEYD082",
        "https://tameikegoro.jp/works/detail/MBYD240",
        "https://tameikegoro.jp/works/detail/MBYD241"
      ],
      "count": 12
    }
  },
  {
    "https://tameikegoro.jp/works/list/date/2015-11-13": {
      "href": [
        "https://tameikegoro.jp/works/detail/MEYD072",
        "https://tameikegoro.jp/works/detail/MEYD087",
        "https://tameikegoro.jp/works/detail/MEYD085",
        "https://tameikegoro.jp/works/detail/MEYD086",
        "https://tameikegoro.jp/works/detail/MEYD084",
        "https://tameikegoro.jp/works/detail/MEYD088",
        "https://tameikegoro.jp/works/detail/MEYD089",
        "https://tameikegoro.jp/works/detail/MEYD090",
        "https://tameikegoro.jp/works/detail/MEYD091",
        "https://tameikegoro.jp/works/detail/MEYD092",
        "https://tameikegoro.jp/works/detail/MEYD093",
        "https://tameikegoro.jp/works/detail/MBYD243"
      ],
      "count": 12
    }
  },
  {
    "https://tameikegoro.jp/works/list/date/2015-12-08": {
      "href": [
        "https://tameikegoro.jp/works/detail/MEYD083"
      ],
      "count": 1
    }
  },
  {
    "https://tameikegoro.jp/works/list/date/2015-12-13": {
      "href": [
        "https://tameikegoro.jp/works/detail/MEYD094",
        "https://tameikegoro.jp/works/detail/MEYD097",
        "https://tameikegoro.jp/works/detail/MEYD096",
        "https://tameikegoro.jp/works/detail/MEYD098",
        "https://tameikegoro.jp/works/detail/MEYD099",
        "https://tameikegoro.jp/works/detail/MEYD100",
        "https://tameikegoro.jp/works/detail/MEYD102",
        "https://tameikegoro.jp/works/detail/MEYD103",
        "https://tameikegoro.jp/works/detail/MEYD104",
        "https://tameikegoro.jp/works/detail/MBYD244",
        "https://tameikegoro.jp/works/detail/MBYD245"
      ],
      "count": 11
    }
  },
  {
    "https://tameikegoro.jp/works/list/date/2016-01-13": {
      "href": [
        "https://tameikegoro.jp/works/detail/MEYD107",
        "https://tameikegoro.jp/works/detail/MEYD105",
        "https://tameikegoro.jp/works/detail/MEYD106",
        "https://tameikegoro.jp/works/detail/MEYD108",
        "https://tameikegoro.jp/works/detail/MEYD109",
        "https://tameikegoro.jp/works/detail/MEYD110",
        "https://tameikegoro.jp/works/detail/MEYD111",
        "https://tameikegoro.jp/works/detail/MEYD112",
        "https://tameikegoro.jp/works/detail/MEYD113",
        "https://tameikegoro.jp/works/detail/MBYD246",
        "https://tameikegoro.jp/works/detail/MBYD247"
      ],
      "count": 11
    }
  },
  {
    "https://tameikegoro.jp/works/list/date/2016-02-13": {
      "href": [
        "https://tameikegoro.jp/works/detail/MEYD115",
        "https://tameikegoro.jp/works/detail/MEYD116",
        "https://tameikegoro.jp/works/detail/MEYD117",
        "https://tameikegoro.jp/works/detail/MEYD118",
        "https://tameikegoro.jp/works/detail/MEYD119",
        "https://tameikegoro.jp/works/detail/MEYD120",
        "https://tameikegoro.jp/works/detail/MEYD121",
        "https://tameikegoro.jp/works/detail/MEYD122",
        "https://tameikegoro.jp/works/detail/MEYD123",
        "https://tameikegoro.jp/works/detail/MBYD248",
        "https://tameikegoro.jp/works/detail/MBYD249"
      ],
      "count": 11
    }
  },
  {
    "https://tameikegoro.jp/works/list/date/2016-03-13": {
      "href": [
        "https://tameikegoro.jp/works/detail/MEYD124",
        "https://tameikegoro.jp/works/detail/MEYD125",
        "https://tameikegoro.jp/works/detail/MEYD126",
        "https://tameikegoro.jp/works/detail/MEYD127",
        "https://tameikegoro.jp/works/detail/MEYD128",
        "https://tameikegoro.jp/works/detail/MEYD129",
        "https://tameikegoro.jp/works/detail/MEYD130",
        "https://tameikegoro.jp/works/detail/MEYD131",
        "https://tameikegoro.jp/works/detail/MEYD132",
        "https://tameikegoro.jp/works/detail/MEYD133",
        "https://tameikegoro.jp/works/detail/MBYD250",
        "https://tameikegoro.jp/works/detail/MBYD251"
      ],
      "count": 12
    }
  },
  {
    "https://tameikegoro.jp/works/list/date/2016-04-13": {
      "href": [
        "https://tameikegoro.jp/works/detail/MEYD134",
        "https://tameikegoro.jp/works/detail/MEYD135",
        "https://tameikegoro.jp/works/detail/MEYD136",
        "https://tameikegoro.jp/works/detail/MEYD137",
        "https://tameikegoro.jp/works/detail/MEYD138",
        "https://tameikegoro.jp/works/detail/MEYD139",
        "https://tameikegoro.jp/works/detail/MEYD140",
        "https://tameikegoro.jp/works/detail/MEYD141",
        "https://tameikegoro.jp/works/detail/MEYD142",
        "https://tameikegoro.jp/works/detail/MEYD143",
        "https://tameikegoro.jp/works/detail/MBYD252",
        "https://tameikegoro.jp/works/detail/MBYD253"
      ],
      "count": 12
    }
  },
  {
    "https://tameikegoro.jp/works/list/date/2016-05-13": {
      "href": [
        "https://tameikegoro.jp/works/detail/MEYD144",
        "https://tameikegoro.jp/works/detail/MEYD145",
        "https://tameikegoro.jp/works/detail/MEYD146",
        "https://tameikegoro.jp/works/detail/MEYD147",
        "https://tameikegoro.jp/works/detail/MEYD148",
        "https://tameikegoro.jp/works/detail/MEYD149",
        "https://tameikegoro.jp/works/detail/MEYD150",
        "https://tameikegoro.jp/works/detail/MEYD151",
        "https://tameikegoro.jp/works/detail/MEYD152",
        "https://tameikegoro.jp/works/detail/MBYD254",
        "https://tameikegoro.jp/works/detail/MBYD255"
      ],
      "count": 11
    }
  },
  {
    "https://tameikegoro.jp/works/list/date/2016-06-13": {
      "href": [
        "https://tameikegoro.jp/works/detail/MEYD153",
        "https://tameikegoro.jp/works/detail/MEYD154",
        "https://tameikegoro.jp/works/detail/MEYD155",
        "https://tameikegoro.jp/works/detail/MEYD156",
        "https://tameikegoro.jp/works/detail/MEYD157",
        "https://tameikegoro.jp/works/detail/MEYD158",
        "https://tameikegoro.jp/works/detail/MEYD159",
        "https://tameikegoro.jp/works/detail/MEYD160",
        "https://tameikegoro.jp/works/detail/MBYD257"
      ],
      "count": 9
    }
  },
  {
    "https://tameikegoro.jp/works/list/date/2016-07-13": {
      "href": [
        "https://tameikegoro.jp/works/detail/MEYD161",
        "https://tameikegoro.jp/works/detail/MEYD162",
        "https://tameikegoro.jp/works/detail/MEYD163",
        "https://tameikegoro.jp/works/detail/MEYD164",
        "https://tameikegoro.jp/works/detail/MEYD165",
        "https://tameikegoro.jp/works/detail/MEYD166",
        "https://tameikegoro.jp/works/detail/MEYD167",
        "https://tameikegoro.jp/works/detail/MEYD168",
        "https://tameikegoro.jp/works/detail/MEYD169",
        "https://tameikegoro.jp/works/detail/MBYD258",
        "https://tameikegoro.jp/works/detail/MBYD259"
      ],
      "count": 11
    }
  },
  {
    "https://tameikegoro.jp/works/list/date/2016-08-13": {
      "href": [
        "https://tameikegoro.jp/works/detail/MEYD171",
        "https://tameikegoro.jp/works/detail/MEYD170",
        "https://tameikegoro.jp/works/detail/MEYD173",
        "https://tameikegoro.jp/works/detail/MEYD172",
        "https://tameikegoro.jp/works/detail/MEYD174",
        "https://tameikegoro.jp/works/detail/MEYD175",
        "https://tameikegoro.jp/works/detail/MEYD176",
        "https://tameikegoro.jp/works/detail/MEYD177",
        "https://tameikegoro.jp/works/detail/MEYD178",
        "https://tameikegoro.jp/works/detail/MEYD179",
        "https://tameikegoro.jp/works/detail/MBYD260",
        "https://tameikegoro.jp/works/detail/MBYD261"
      ],
      "count": 12
    }
  },
  {
    "https://tameikegoro.jp/works/list/date/2016-09-13": {
      "href": [
        "https://tameikegoro.jp/works/detail/MEYD180",
        "https://tameikegoro.jp/works/detail/MEYD181",
        "https://tameikegoro.jp/works/detail/MEYD182",
        "https://tameikegoro.jp/works/detail/MEYD183",
        "https://tameikegoro.jp/works/detail/MEYD184",
        "https://tameikegoro.jp/works/detail/MEYD185",
        "https://tameikegoro.jp/works/detail/MEYD186",
        "https://tameikegoro.jp/works/detail/MEYD187",
        "https://tameikegoro.jp/works/detail/MEYD188",
        "https://tameikegoro.jp/works/detail/MEYD189",
        "https://tameikegoro.jp/works/detail/MBYD262",
        "https://tameikegoro.jp/works/detail/MBYD263"
      ],
      "count": 12
    }
  },
  {
    "https://tameikegoro.jp/works/list/date/2016-10-19": {
      "href": [
        "https://tameikegoro.jp/works/detail/MEYD190",
        "https://tameikegoro.jp/works/detail/MEYD191",
        "https://tameikegoro.jp/works/detail/MEYD192",
        "https://tameikegoro.jp/works/detail/MEYD193",
        "https://tameikegoro.jp/works/detail/MEYD194",
        "https://tameikegoro.jp/works/detail/MEYD195",
        "https://tameikegoro.jp/works/detail/MEYD196",
        "https://tameikegoro.jp/works/detail/MEYD197",
        "https://tameikegoro.jp/works/detail/MBYD264",
        "https://tameikegoro.jp/works/detail/MBYD265"
      ],
      "count": 10
    }
  },
  {
    "https://tameikegoro.jp/works/list/date/2016-11-19": {
      "href": [
        "https://tameikegoro.jp/works/detail/MEYD198",
        "https://tameikegoro.jp/works/detail/MEYD200",
        "https://tameikegoro.jp/works/detail/MEYD199",
        "https://tameikegoro.jp/works/detail/MEYD203",
        "https://tameikegoro.jp/works/detail/MEYD202",
        "https://tameikegoro.jp/works/detail/MEYD201",
        "https://tameikegoro.jp/works/detail/MEYD204",
        "https://tameikegoro.jp/works/detail/MEYD205",
        "https://tameikegoro.jp/works/detail/MEYD207"
      ],
      "count": 9
    }
  },
  {
    "https://tameikegoro.jp/works/list/date/2016-12-19": {
      "href": [
        "https://tameikegoro.jp/works/detail/MEYD209",
        "https://tameikegoro.jp/works/detail/MEYD210",
        "https://tameikegoro.jp/works/detail/MEYD211",
        "https://tameikegoro.jp/works/detail/MEYD212",
        "https://tameikegoro.jp/works/detail/MEYD213",
        "https://tameikegoro.jp/works/detail/MEYD214",
        "https://tameikegoro.jp/works/detail/MEYD215",
        "https://tameikegoro.jp/works/detail/MEYD216",
        "https://tameikegoro.jp/works/detail/MEYD217",
        "https://tameikegoro.jp/works/detail/MEYD218"
      ],
      "count": 10
    }
  },
  {
    "https://tameikegoro.jp/works/list/date/2016-12-08": {
      "href": [
        "https://tameikegoro.jp/works/detail/MEYD208"
      ],
      "count": 1
    }
  },
  {
    "https://tameikegoro.jp/works/list/date/2017-01-25": {
      "href": [
        "https://tameikegoro.jp/works/detail/MEYD219",
        "https://tameikegoro.jp/works/detail/MEYD221",
        "https://tameikegoro.jp/works/detail/MEYD220",
        "https://tameikegoro.jp/works/detail/MEYD222",
        "https://tameikegoro.jp/works/detail/MEYD225",
        "https://tameikegoro.jp/works/detail/MEYD223",
        "https://tameikegoro.jp/works/detail/MEYD224",
        "https://tameikegoro.jp/works/detail/MEYD228",
        "https://tameikegoro.jp/works/detail/MEYD229"
      ],
      "count": 9
    }
  },
  {
    "https://tameikegoro.jp/works/list/date/2017-02-25": {
      "href": [
        "https://tameikegoro.jp/works/detail/MEYD230",
        "https://tameikegoro.jp/works/detail/MEYD232",
        "https://tameikegoro.jp/works/detail/MEYD233",
        "https://tameikegoro.jp/works/detail/MEYD231",
        "https://tameikegoro.jp/works/detail/MEYD234",
        "https://tameikegoro.jp/works/detail/MEYD235",
        "https://tameikegoro.jp/works/detail/MEYD236",
        "https://tameikegoro.jp/works/detail/MEYD237",
        "https://tameikegoro.jp/works/detail/MEYD238",
        "https://tameikegoro.jp/works/detail/MEYD239",
        "https://tameikegoro.jp/works/detail/MEYD240",
        "https://tameikegoro.jp/works/detail/MEYD241"
      ],
      "count": 12
    }
  },
  {
    "https://tameikegoro.jp/works/list/date/2017-04-01": {
      "href": [
        "https://tameikegoro.jp/works/detail/MEYD243",
        "https://tameikegoro.jp/works/detail/MEYD244",
        "https://tameikegoro.jp/works/detail/MEYD245",
        "https://tameikegoro.jp/works/detail/MEYD246",
        "https://tameikegoro.jp/works/detail/MEYD247",
        "https://tameikegoro.jp/works/detail/MEYD249",
        "https://tameikegoro.jp/works/detail/MEYD250",
        "https://tameikegoro.jp/works/detail/MEYD251"
      ],
      "count": 8
    }
  },
  {
    "https://tameikegoro.jp/works/list/date/2017-05-01": {
      "href": [
        "https://tameikegoro.jp/works/detail/MEYD252",
        "https://tameikegoro.jp/works/detail/MEYD253",
        "https://tameikegoro.jp/works/detail/MEYD254",
        "https://tameikegoro.jp/works/detail/MEYD255",
        "https://tameikegoro.jp/works/detail/MEYD256",
        "https://tameikegoro.jp/works/detail/MEYD257"
      ],
      "count": 6
    }
  },
  {
    "https://tameikegoro.jp/works/list/date/2017-06-01": {
      "href": [
        "https://tameikegoro.jp/works/detail/MEYD260",
        "https://tameikegoro.jp/works/detail/MEYD261",
        "https://tameikegoro.jp/works/detail/MEYD262",
        "https://tameikegoro.jp/works/detail/MEYD263",
        "https://tameikegoro.jp/works/detail/MEYD264",
        "https://tameikegoro.jp/works/detail/MEYD265",
        "https://tameikegoro.jp/works/detail/MEYD266",
        "https://tameikegoro.jp/works/detail/MEYD267",
        "https://tameikegoro.jp/works/detail/MEYD268"
      ],
      "count": 9
    }
  },
  {
    "https://tameikegoro.jp/works/list/date/2017-06-13": {
      "href": [
        "https://tameikegoro.jp/works/detail/MBYD266"
      ],
      "count": 1
    }
  },
  {
    "https://tameikegoro.jp/works/list/date/2017-06-25": {
      "href": [
        "https://tameikegoro.jp/works/detail/MEYD269",
        "https://tameikegoro.jp/works/detail/MEYD270",
        "https://tameikegoro.jp/works/detail/MEYD271",
        "https://tameikegoro.jp/works/detail/MEYD276",
        "https://tameikegoro.jp/works/detail/MEYD277",
        "https://tameikegoro.jp/works/detail/MEYD278",
        "https://tameikegoro.jp/works/detail/MEYD279"
      ],
      "count": 7
    }
  },
  {
    "https://tameikegoro.jp/works/list/date/2017-07-25": {
      "href": [
        "https://tameikegoro.jp/works/detail/MEYD280",
        "https://tameikegoro.jp/works/detail/MEYD281",
        "https://tameikegoro.jp/works/detail/MEYD282"
      ],
      "count": 3
    }
  },
  {
    "https://tameikegoro.jp/works/list/date/2017-08-01": {
      "href": [
        "https://tameikegoro.jp/works/detail/MEYD283",
        "https://tameikegoro.jp/works/detail/MEYD284",
        "https://tameikegoro.jp/works/detail/MEYD285"
      ],
      "count": 3
    }
  },
  {
    "https://tameikegoro.jp/works/list/date/2017-09-01": {
      "href": [
        "https://tameikegoro.jp/works/detail/AVOP368"
      ],
      "count": 1
    }
  },
  {
    "https://tameikegoro.jp/works/list/date/2017-09-13": {
      "href": [
        "https://tameikegoro.jp/works/detail/MEYD286",
        "https://tameikegoro.jp/works/detail/MEYD290",
        "https://tameikegoro.jp/works/detail/MEYD287",
        "https://tameikegoro.jp/works/detail/MEYD289",
        "https://tameikegoro.jp/works/detail/MEYD288",
        "https://tameikegoro.jp/works/detail/MEYD291",
        "https://tameikegoro.jp/works/detail/MEYD292",
        "https://tameikegoro.jp/works/detail/MBYD267"
      ],
      "count": 8
    }
  },
  {
    "https://tameikegoro.jp/works/list/date/2017-10-07": {
      "href": [
        "https://tameikegoro.jp/works/detail/MEYD293",
        "https://tameikegoro.jp/works/detail/MEYD294",
        "https://tameikegoro.jp/works/detail/MEYD300",
        "https://tameikegoro.jp/works/detail/MEYD299",
        "https://tameikegoro.jp/works/detail/MEYD298",
        "https://tameikegoro.jp/works/detail/MEYD295",
        "https://tameikegoro.jp/works/detail/MEYD296",
        "https://tameikegoro.jp/works/detail/MEYD297"
      ],
      "count": 8
    }
  },
  {
    "https://tameikegoro.jp/works/list/date/2017-11-01": {
      "href": [
        "https://tameikegoro.jp/works/detail/MEYD301",
        "https://tameikegoro.jp/works/detail/MEYD303",
        "https://tameikegoro.jp/works/detail/MEYD302",
        "https://tameikegoro.jp/works/detail/MEYD305",
        "https://tameikegoro.jp/works/detail/MEYD306",
        "https://tameikegoro.jp/works/detail/MEYD310",
        "https://tameikegoro.jp/works/detail/MEYD309",
        "https://tameikegoro.jp/works/detail/MEYD308",
        "https://tameikegoro.jp/works/detail/MEYD307"
      ],
      "count": 9
    }
  },
  {
    "https://tameikegoro.jp/works/list/date/2017-12-13": {
      "href": [
        "https://tameikegoro.jp/works/detail/MBYD272"
      ],
      "count": 1
    }
  },
  {
    "https://tameikegoro.jp/works/list/date/2017-12-01": {
      "href": [
        "https://tameikegoro.jp/works/detail/MEYD311",
        "https://tameikegoro.jp/works/detail/MEYD312",
        "https://tameikegoro.jp/works/detail/MEYD313",
        "https://tameikegoro.jp/works/detail/MEYD314",
        "https://tameikegoro.jp/works/detail/MEYD316",
        "https://tameikegoro.jp/works/detail/MEYD317",
        "https://tameikegoro.jp/works/detail/MEYD318",
        "https://tameikegoro.jp/works/detail/MEYD319",
        "https://tameikegoro.jp/works/detail/MEYD320"
      ],
      "count": 9
    }
  },
  {
    "https://tameikegoro.jp/works/list/date/2017-12-25": {
      "href": [
        "https://tameikegoro.jp/works/detail/MEYD321",
        "https://tameikegoro.jp/works/detail/MEYD325",
        "https://tameikegoro.jp/works/detail/MEYD322",
        "https://tameikegoro.jp/works/detail/MEYD326",
        "https://tameikegoro.jp/works/detail/MEYD327",
        "https://tameikegoro.jp/works/detail/MEYD323",
        "https://tameikegoro.jp/works/detail/MEYD324",
        "https://tameikegoro.jp/works/detail/MEYD328",
        "https://tameikegoro.jp/works/detail/MEYD330",
        "https://tameikegoro.jp/works/detail/MEYD331"
      ],
      "count": 10
    }
  }
]