[
  {
    "https://to-satsu.com/works/list/date/2012-09-01": {
      "href": [
        "https://to-satsu.com/works/detail/CLUB001",
        "https://to-satsu.com/works/detail/CLUB002",
        "https://to-satsu.com/works/detail/CLUB003"
      ],
      "count": 3
    }
  },
  {
    "https://to-satsu.com/works/list/date/2012-10-01": {
      "href": [
        "https://to-satsu.com/works/detail/CLUB004",
        "https://to-satsu.com/works/detail/CLUB006",
        "https://to-satsu.com/works/detail/CLUB005",
        "https://to-satsu.com/works/detail/CLUB007"
      ],
      "count": 4
    }
  },
  {
    "https://to-satsu.com/works/list/date/2012-11-01": {
      "href": [
        "https://to-satsu.com/works/detail/CLUB011",
        "https://to-satsu.com/works/detail/CLUB010",
        "https://to-satsu.com/works/detail/CLUB008",
        "https://to-satsu.com/works/detail/CLUB009"
      ],
      "count": 4
    }
  },
  {
    "https://to-satsu.com/works/list/date/2012-12-01": {
      "href": [
        "https://to-satsu.com/works/detail/CLUB016",
        "https://to-satsu.com/works/detail/CLUB013",
        "https://to-satsu.com/works/detail/CLUB014",
        "https://to-satsu.com/works/detail/CLUB012",
        "https://to-satsu.com/works/detail/CLUB015"
      ],
      "count": 5
    }
  },
  {
    "https://to-satsu.com/works/list/date/2013-01-01": {
      "href": [
        "https://to-satsu.com/works/detail/CLUB020",
        "https://to-satsu.com/works/detail/CLUB021",
        "https://to-satsu.com/works/detail/CLUB019",
        "https://to-satsu.com/works/detail/CLUB017",
        "https://to-satsu.com/works/detail/CLUB018"
      ],
      "count": 5
    }
  },
  {
    "https://to-satsu.com/works/list/date/2013-02-01": {
      "href": [
        "https://to-satsu.com/works/detail/CLUB026",
        "https://to-satsu.com/works/detail/CLUB023",
        "https://to-satsu.com/works/detail/CLUB024",
        "https://to-satsu.com/works/detail/CLUB025",
        "https://to-satsu.com/works/detail/CLUB022"
      ],
      "count": 5
    }
  },
  {
    "https://to-satsu.com/works/list/date/2013-03-01": {
      "href": [
        "https://to-satsu.com/works/detail/CLUB029",
        "https://to-satsu.com/works/detail/CLUB028",
        "https://to-satsu.com/works/detail/CLUB027",
        "https://to-satsu.com/works/detail/STOL001"
      ],
      "count": 4
    }
  },
  {
    "https://to-satsu.com/works/list/date/2013-04-01": {
      "href": [
        "https://to-satsu.com/works/detail/CLUB031",
        "https://to-satsu.com/works/detail/CLUB032",
        "https://to-satsu.com/works/detail/CLUB033",
        "https://to-satsu.com/works/detail/STOL002"
      ],
      "count": 4
    }
  },
  {
    "https://to-satsu.com/works/list/date/2013-05-01": {
      "href": [
        "https://to-satsu.com/works/detail/CLUB036",
        "https://to-satsu.com/works/detail/CLUB037",
        "https://to-satsu.com/works/detail/CLUB035",
        "https://to-satsu.com/works/detail/CLUB034"
      ],
      "count": 4
    }
  },
  {
    "https://to-satsu.com/works/list/date/2013-06-01": {
      "href": [
        "https://to-satsu.com/works/detail/CLUB039",
        "https://to-satsu.com/works/detail/CLUB041",
        "https://to-satsu.com/works/detail/CLUB038",
        "https://to-satsu.com/works/detail/STOL003"
      ],
      "count": 4
    }
  },
  {
    "https://to-satsu.com/works/list/date/2013-07-01": {
      "href": [
        "https://to-satsu.com/works/detail/CLUB046",
        "https://to-satsu.com/works/detail/CLUB044",
        "https://to-satsu.com/works/detail/CLUB045",
        "https://to-satsu.com/works/detail/CLUB043",
        "https://to-satsu.com/works/detail/CLUB042"
      ],
      "count": 5
    }
  },
  {
    "https://to-satsu.com/works/list/date/2013-08-01": {
      "href": [
        "https://to-satsu.com/works/detail/CLUB050",
        "https://to-satsu.com/works/detail/CLUB048",
        "https://to-satsu.com/works/detail/CLUB049",
        "https://to-satsu.com/works/detail/STOL004"
      ],
      "count": 4
    }
  },
  {
    "https://to-satsu.com/works/list/date/2013-09-01": {
      "href": [
        "https://to-satsu.com/works/detail/CLUB052",
        "https://to-satsu.com/works/detail/CLUB054",
        "https://to-satsu.com/works/detail/CLUB051"
      ],
      "count": 3
    }
  },
  {
    "https://to-satsu.com/works/list/date/2013-10-01": {
      "href": [
        "https://to-satsu.com/works/detail/CLUB058",
        "https://to-satsu.com/works/detail/CLUB057",
        "https://to-satsu.com/works/detail/CLUB059",
        "https://to-satsu.com/works/detail/CLUB055",
        "https://to-satsu.com/works/detail/STOL005"
      ],
      "count": 5
    }
  },
  {
    "https://to-satsu.com/works/list/date/2013-11-01": {
      "href": [
        "https://to-satsu.com/works/detail/CLUB062",
        "https://to-satsu.com/works/detail/CLUB064",
        "https://to-satsu.com/works/detail/CLUB063",
        "https://to-satsu.com/works/detail/CLUB060",
        "https://to-satsu.com/works/detail/CLUB061"
      ],
      "count": 5
    }
  },
  {
    "https://to-satsu.com/works/list/date/2013-12-01": {
      "href": [
        "https://to-satsu.com/works/detail/CLUB067",
        "https://to-satsu.com/works/detail/CLUB066",
        "https://to-satsu.com/works/detail/CLUB069",
        "https://to-satsu.com/works/detail/CLUB065",
        "https://to-satsu.com/works/detail/STOL006"
      ],
      "count": 5
    }
  },
  {
    "https://to-satsu.com/works/list/date/2014-01-01": {
      "href": [
        "https://to-satsu.com/works/detail/CLUB072",
        "https://to-satsu.com/works/detail/CLUB073",
        "https://to-satsu.com/works/detail/CLUB071",
        "https://to-satsu.com/works/detail/CLUB075",
        "https://to-satsu.com/works/detail/CLUB070",
        "https://to-satsu.com/works/detail/CLUB074"
      ],
      "count": 6
    }
  },
  {
    "https://to-satsu.com/works/list/date/2014-02-01": {
      "href": [
        "https://to-satsu.com/works/detail/CLUB078",
        "https://to-satsu.com/works/detail/CLUB077",
        "https://to-satsu.com/works/detail/CLUB079",
        "https://to-satsu.com/works/detail/CLUB080",
        "https://to-satsu.com/works/detail/CLUB081",
        "https://to-satsu.com/works/detail/STOL007"
      ],
      "count": 6
    }
  },
  {
    "https://to-satsu.com/works/list/date/2014-03-01": {
      "href": [
        "https://to-satsu.com/works/detail/CLUB084",
        "https://to-satsu.com/works/detail/CLUB083",
        "https://to-satsu.com/works/detail/CLUB082",
        "https://to-satsu.com/works/detail/CLUB085",
        "https://to-satsu.com/works/detail/CLUB086"
      ],
      "count": 5
    }
  },
  {
    "https://to-satsu.com/works/list/date/2014-04-01": {
      "href": [
        "https://to-satsu.com/works/detail/CLUB088",
        "https://to-satsu.com/works/detail/CLUB091",
        "https://to-satsu.com/works/detail/STOL008"
      ],
      "count": 3
    }
  },
  {
    "https://to-satsu.com/works/list/date/2014-05-01": {
      "href": [
        "https://to-satsu.com/works/detail/CLUB092",
        "https://to-satsu.com/works/detail/CLUB094",
        "https://to-satsu.com/works/detail/CLUB096",
        "https://to-satsu.com/works/detail/CLUB095"
      ],
      "count": 4
    }
  },
  {
    "https://to-satsu.com/works/list/date/2014-06-01": {
      "href": [
        "https://to-satsu.com/works/detail/CLUB100",
        "https://to-satsu.com/works/detail/CLUB099",
        "https://to-satsu.com/works/detail/CLUB098",
        "https://to-satsu.com/works/detail/CLUB101",
        "https://to-satsu.com/works/detail/STOL009"
      ],
      "count": 5
    }
  },
  {
    "https://to-satsu.com/works/list/date/2014-07-01": {
      "href": [
        "https://to-satsu.com/works/detail/CLUB103",
        "https://to-satsu.com/works/detail/CLUB107",
        "https://to-satsu.com/works/detail/CLUB108",
        "https://to-satsu.com/works/detail/CLUB102",
        "https://to-satsu.com/works/detail/CLUB106",
        "https://to-satsu.com/works/detail/CLUB104",
        "https://to-satsu.com/works/detail/CLUB109"
      ],
      "count": 7
    }
  },
  {
    "https://to-satsu.com/works/list/date/2014-08-01": {
      "href": [
        "https://to-satsu.com/works/detail/CLUB112",
        "https://to-satsu.com/works/detail/CLUB111",
        "https://to-satsu.com/works/detail/CLUB113",
        "https://to-satsu.com/works/detail/CLUB114",
        "https://to-satsu.com/works/detail/CLUB110",
        "https://to-satsu.com/works/detail/CLUB115",
        "https://to-satsu.com/works/detail/STOL010"
      ],
      "count": 7
    }
  },
  {
    "https://to-satsu.com/works/list/date/2014-09-01": {
      "href": [
        "https://to-satsu.com/works/detail/CLUB122",
        "https://to-satsu.com/works/detail/CLUB116",
        "https://to-satsu.com/works/detail/CLUB119",
        "https://to-satsu.com/works/detail/CLUB123",
        "https://to-satsu.com/works/detail/CLUB117",
        "https://to-satsu.com/works/detail/CLUB118",
        "https://to-satsu.com/works/detail/CLUB120",
        "https://to-satsu.com/works/detail/CLUB121"
      ],
      "count": 8
    }
  },
  {
    "https://to-satsu.com/works/list/date/2014-10-01": {
      "href": [
        "https://to-satsu.com/works/detail/CLUB127",
        "https://to-satsu.com/works/detail/CLUB129",
        "https://to-satsu.com/works/detail/CLUB124",
        "https://to-satsu.com/works/detail/CLUB128",
        "https://to-satsu.com/works/detail/CLUB126",
        "https://to-satsu.com/works/detail/STOL011"
      ],
      "count": 6
    }
  },
  {
    "https://to-satsu.com/works/list/date/2014-11-01": {
      "href": [
        "https://to-satsu.com/works/detail/CLUB132",
        "https://to-satsu.com/works/detail/CLUB130",
        "https://to-satsu.com/works/detail/CLUB135",
        "https://to-satsu.com/works/detail/CLUB131",
        "https://to-satsu.com/works/detail/CLUB133",
        "https://to-satsu.com/works/detail/CLUB136"
      ],
      "count": 6
    }
  },
  {
    "https://to-satsu.com/works/list/date/2014-12-01": {
      "href": [
        "https://to-satsu.com/works/detail/CLUB140",
        "https://to-satsu.com/works/detail/CLUB141",
        "https://to-satsu.com/works/detail/CLUB137",
        "https://to-satsu.com/works/detail/CLUB138",
        "https://to-satsu.com/works/detail/CLUB142",
        "https://to-satsu.com/works/detail/STOL012"
      ],
      "count": 6
    }
  },
  {
    "https://to-satsu.com/works/list/date/2015-01-01": {
      "href": [
        "https://to-satsu.com/works/detail/CLUB146",
        "https://to-satsu.com/works/detail/CLUB147",
        "https://to-satsu.com/works/detail/CLUB148",
        "https://to-satsu.com/works/detail/CLUB149",
        "https://to-satsu.com/works/detail/CLUB150",
        "https://to-satsu.com/works/detail/CLUB151",
        "https://to-satsu.com/works/detail/STOL013"
      ],
      "count": 7
    }
  },
  {
    "https://to-satsu.com/works/list/date/2015-02-01": {
      "href": [
        "https://to-satsu.com/works/detail/CLUB154",
        "https://to-satsu.com/works/detail/CLUB155",
        "https://to-satsu.com/works/detail/CLUB158",
        "https://to-satsu.com/works/detail/CLUB152",
        "https://to-satsu.com/works/detail/CLUB156",
        "https://to-satsu.com/works/detail/CLUB157",
        "https://to-satsu.com/works/detail/CLUB159",
        "https://to-satsu.com/works/detail/STOL014"
      ],
      "count": 8
    }
  },
  {
    "https://to-satsu.com/works/list/date/2015-03-01": {
      "href": [
        "https://to-satsu.com/works/detail/CLUB162",
        "https://to-satsu.com/works/detail/CLUB163",
        "https://to-satsu.com/works/detail/CLUB161",
        "https://to-satsu.com/works/detail/CLUB160",
        "https://to-satsu.com/works/detail/STOL015"
      ],
      "count": 5
    }
  },
  {
    "https://to-satsu.com/works/list/date/2015-04-01": {
      "href": [
        "https://to-satsu.com/works/detail/CLUB165",
        "https://to-satsu.com/works/detail/CLUB167",
        "https://to-satsu.com/works/detail/CLUB168",
        "https://to-satsu.com/works/detail/CLUB169",
        "https://to-satsu.com/works/detail/CLUB170"
      ],
      "count": 5
    }
  },
  {
    "https://to-satsu.com/works/list/date/2015-05-01": {
      "href": [
        "https://to-satsu.com/works/detail/CLUB176",
        "https://to-satsu.com/works/detail/CLUB174",
        "https://to-satsu.com/works/detail/CLUB173",
        "https://to-satsu.com/works/detail/CLUB166",
        "https://to-satsu.com/works/detail/CLUB172",
        "https://to-satsu.com/works/detail/CLUB175",
        "https://to-satsu.com/works/detail/CLUB178",
        "https://to-satsu.com/works/detail/STOL016"
      ],
      "count": 8
    }
  },
  {
    "https://to-satsu.com/works/list/date/2015-06-01": {
      "href": [
        "https://to-satsu.com/works/detail/CLUB184",
        "https://to-satsu.com/works/detail/CLUB179",
        "https://to-satsu.com/works/detail/CLUB181",
        "https://to-satsu.com/works/detail/CLUB183",
        "https://to-satsu.com/works/detail/CLUB182",
        "https://to-satsu.com/works/detail/CLUB185",
        "https://to-satsu.com/works/detail/CLUB186"
      ],
      "count": 7
    }
  },
  {
    "https://to-satsu.com/works/list/date/2015-07-01": {
      "href": [
        "https://to-satsu.com/works/detail/CLUB193",
        "https://to-satsu.com/works/detail/CLUB190",
        "https://to-satsu.com/works/detail/CLUB187",
        "https://to-satsu.com/works/detail/CLUB192",
        "https://to-satsu.com/works/detail/CLUB189",
        "https://to-satsu.com/works/detail/CLUB191",
        "https://to-satsu.com/works/detail/CLUB188",
        "https://to-satsu.com/works/detail/CLUB194"
      ],
      "count": 8
    }
  },
  {
    "https://to-satsu.com/works/list/date/2015-08-01": {
      "href": [
        "https://to-satsu.com/works/detail/CLUB195",
        "https://to-satsu.com/works/detail/CLUB196",
        "https://to-satsu.com/works/detail/CLUB197",
        "https://to-satsu.com/works/detail/CLUB198",
        "https://to-satsu.com/works/detail/CLUB199",
        "https://to-satsu.com/works/detail/CLUB200",
        "https://to-satsu.com/works/detail/CLUB201",
        "https://to-satsu.com/works/detail/CLUB202",
        "https://to-satsu.com/works/detail/CLUB203",
        "https://to-satsu.com/works/detail/STOL017"
      ],
      "count": 10
    }
  },
  {
    "https://to-satsu.com/works/list/date/2015-09-01": {
      "href": [
        "https://to-satsu.com/works/detail/CLUB204",
        "https://to-satsu.com/works/detail/AVOP141",
        "https://to-satsu.com/works/detail/CLUB205",
        "https://to-satsu.com/works/detail/CLUB206",
        "https://to-satsu.com/works/detail/CLUB207",
        "https://to-satsu.com/works/detail/CLUB208",
        "https://to-satsu.com/works/detail/CLUB209",
        "https://to-satsu.com/works/detail/CLUB210"
      ],
      "count": 8
    }
  },
  {
    "https://to-satsu.com/works/list/date/2015-10-01": {
      "href": [
        "https://to-satsu.com/works/detail/CLUB212",
        "https://to-satsu.com/works/detail/CLUB213",
        "https://to-satsu.com/works/detail/CLUB214",
        "https://to-satsu.com/works/detail/CLUB215",
        "https://to-satsu.com/works/detail/CLUB217",
        "https://to-satsu.com/works/detail/CLUB218",
        "https://to-satsu.com/works/detail/CLUB219",
        "https://to-satsu.com/works/detail/STOL018"
      ],
      "count": 8
    }
  },
  {
    "https://to-satsu.com/works/list/date/2015-11-01": {
      "href": [
        "https://to-satsu.com/works/detail/CLUB220",
        "https://to-satsu.com/works/detail/CLUB221",
        "https://to-satsu.com/works/detail/CLUB222",
        "https://to-satsu.com/works/detail/CLUB223",
        "https://to-satsu.com/works/detail/CLUB224",
        "https://to-satsu.com/works/detail/CLUB226",
        "https://to-satsu.com/works/detail/CLUB227",
        "https://to-satsu.com/works/detail/CLUB228",
        "https://to-satsu.com/works/detail/STOL019"
      ],
      "count": 9
    }
  },
  {
    "https://to-satsu.com/works/list/date/2015-12-01": {
      "href": [
        "https://to-satsu.com/works/detail/CLUB229",
        "https://to-satsu.com/works/detail/CLUB230",
        "https://to-satsu.com/works/detail/CLUB233",
        "https://to-satsu.com/works/detail/CLUB234",
        "https://to-satsu.com/works/detail/CLUB235",
        "https://to-satsu.com/works/detail/CLUB236",
        "https://to-satsu.com/works/detail/CLUB238"
      ],
      "count": 7
    }
  },
  {
    "https://to-satsu.com/works/list/date/2015-12-08": {
      "href": [
        "https://to-satsu.com/works/detail/CLUB232"
      ],
      "count": 1
    }
  },
  {
    "https://to-satsu.com/works/list/date/2016-01-01": {
      "href": [
        "https://to-satsu.com/works/detail/CLUB239",
        "https://to-satsu.com/works/detail/CLUB240",
        "https://to-satsu.com/works/detail/CLUB241",
        "https://to-satsu.com/works/detail/CLUB242",
        "https://to-satsu.com/works/detail/CLUB244",
        "https://to-satsu.com/works/detail/CLUB247",
        "https://to-satsu.com/works/detail/CLUB248"
      ],
      "count": 7
    }
  },
  {
    "https://to-satsu.com/works/list/date/2016-02-01": {
      "href": [
        "https://to-satsu.com/works/detail/CLUB249",
        "https://to-satsu.com/works/detail/CLUB250",
        "https://to-satsu.com/works/detail/CLUB253",
        "https://to-satsu.com/works/detail/CLUB254",
        "https://to-satsu.com/works/detail/CLUB255",
        "https://to-satsu.com/works/detail/CLUB256",
        "https://to-satsu.com/works/detail/CLUB258",
        "https://to-satsu.com/works/detail/CLUB246"
      ],
      "count": 8
    }
  },
  {
    "https://to-satsu.com/works/list/date/2016-03-01": {
      "href": [
        "https://to-satsu.com/works/detail/CLUB260",
        "https://to-satsu.com/works/detail/CLUB261",
        "https://to-satsu.com/works/detail/CLUB262",
        "https://to-satsu.com/works/detail/CLUB263",
        "https://to-satsu.com/works/detail/CLUB264",
        "https://to-satsu.com/works/detail/CLUB265",
        "https://to-satsu.com/works/detail/STOL021"
      ],
      "count": 7
    }
  },
  {
    "https://to-satsu.com/works/list/date/2016-04-01": {
      "href": [
        "https://to-satsu.com/works/detail/CLUB267",
        "https://to-satsu.com/works/detail/CLUB268",
        "https://to-satsu.com/works/detail/CLUB269",
        "https://to-satsu.com/works/detail/CLUB270",
        "https://to-satsu.com/works/detail/CLUB271",
        "https://to-satsu.com/works/detail/CLUB272",
        "https://to-satsu.com/works/detail/CLUB273",
        "https://to-satsu.com/works/detail/CLUB275",
        "https://to-satsu.com/works/detail/CLUB277"
      ],
      "count": 9
    }
  },
  {
    "https://to-satsu.com/works/list/date/2016-05-01": {
      "href": [
        "https://to-satsu.com/works/detail/CLUB278",
        "https://to-satsu.com/works/detail/CLUB279",
        "https://to-satsu.com/works/detail/CLUB280",
        "https://to-satsu.com/works/detail/CLUB281",
        "https://to-satsu.com/works/detail/CLUB282",
        "https://to-satsu.com/works/detail/CLUB283",
        "https://to-satsu.com/works/detail/CLUB285",
        "https://to-satsu.com/works/detail/STOL022"
      ],
      "count": 8
    }
  },
  {
    "https://to-satsu.com/works/list/date/2016-06-01": {
      "href": [
        "https://to-satsu.com/works/detail/CLUB286",
        "https://to-satsu.com/works/detail/CLUB287",
        "https://to-satsu.com/works/detail/CLUB288",
        "https://to-satsu.com/works/detail/CLUB289",
        "https://to-satsu.com/works/detail/CLUB291",
        "https://to-satsu.com/works/detail/CLUB292",
        "https://to-satsu.com/works/detail/CLUB293",
        "https://to-satsu.com/works/detail/CLUB294",
        "https://to-satsu.com/works/detail/CLUB295"
      ],
      "count": 9
    }
  },
  {
    "https://to-satsu.com/works/list/date/2016-07-01": {
      "href": [
        "https://to-satsu.com/works/detail/CLUB296",
        "https://to-satsu.com/works/detail/CLUB297",
        "https://to-satsu.com/works/detail/CLUB299",
        "https://to-satsu.com/works/detail/CLUB300",
        "https://to-satsu.com/works/detail/CLUB301",
        "https://to-satsu.com/works/detail/CLUB302",
        "https://to-satsu.com/works/detail/CLUB303",
        "https://to-satsu.com/works/detail/CLUB304",
        "https://to-satsu.com/works/detail/CLUB305",
        "https://to-satsu.com/works/detail/STOL023"
      ],
      "count": 10
    }
  },
  {
    "https://to-satsu.com/works/list/date/2016-08-01": {
      "href": [
        "https://to-satsu.com/works/detail/CLUB306",
        "https://to-satsu.com/works/detail/CLUB307",
        "https://to-satsu.com/works/detail/CLUB308",
        "https://to-satsu.com/works/detail/CLUB309",
        "https://to-satsu.com/works/detail/CLUB310",
        "https://to-satsu.com/works/detail/CLUB312",
        "https://to-satsu.com/works/detail/CLUB313",
        "https://to-satsu.com/works/detail/CLUB314"
      ],
      "count": 8
    }
  },
  {
    "https://to-satsu.com/works/list/date/2016-09-01": {
      "href": [
        "https://to-satsu.com/works/detail/CLUB315",
        "https://to-satsu.com/works/detail/CLUB317",
        "https://to-satsu.com/works/detail/CLUB318",
        "https://to-satsu.com/works/detail/CLUB319",
        "https://to-satsu.com/works/detail/CLUB284"
      ],
      "count": 5
    }
  },
  {
    "https://to-satsu.com/works/list/date/2016-10-01": {
      "href": [
        "https://to-satsu.com/works/detail/CLUB320",
        "https://to-satsu.com/works/detail/CLUB321",
        "https://to-satsu.com/works/detail/CLUB323",
        "https://to-satsu.com/works/detail/CLUB324",
        "https://to-satsu.com/works/detail/CLUB325",
        "https://to-satsu.com/works/detail/STOL024",
        "https://to-satsu.com/works/detail/CLUB326",
        "https://to-satsu.com/works/detail/CLUB327",
        "https://to-satsu.com/works/detail/CLUB328",
        "https://to-satsu.com/works/detail/CLUB290"
      ],
      "count": 10
    }
  },
  {
    "https://to-satsu.com/works/list/date/2016-11-01": {
      "href": [
        "https://to-satsu.com/works/detail/CLUB329",
        "https://to-satsu.com/works/detail/CLUB330",
        "https://to-satsu.com/works/detail/CLUB332",
        "https://to-satsu.com/works/detail/CLUB333",
        "https://to-satsu.com/works/detail/CLUB334",
        "https://to-satsu.com/works/detail/CLUB335",
        "https://to-satsu.com/works/detail/CLUB337"
      ],
      "count": 7
    }
  },
  {
    "https://to-satsu.com/works/list/date/2016-12-08": {
      "href": [
        "https://to-satsu.com/works/detail/CLUB338"
      ],
      "count": 1
    }
  },
  {
    "https://to-satsu.com/works/list/date/2016-12-13": {
      "href": [
        "https://to-satsu.com/works/detail/STOL025"
      ],
      "count": 1
    }
  },
  {
    "https://to-satsu.com/works/list/date/2016-12-07": {
      "href": [
        "https://to-satsu.com/works/detail/CLUB340",
        "https://to-satsu.com/works/detail/CLUB341",
        "https://to-satsu.com/works/detail/CLUB342",
        "https://to-satsu.com/works/detail/CLUB343",
        "https://to-satsu.com/works/detail/CLUB344",
        "https://to-satsu.com/works/detail/CLUB345"
      ],
      "count": 6
    }
  },
  {
    "https://to-satsu.com/works/list/date/2017-01-07": {
      "href": [
        "https://to-satsu.com/works/detail/CLUB346",
        "https://to-satsu.com/works/detail/CLUB347",
        "https://to-satsu.com/works/detail/CLUB348",
        "https://to-satsu.com/works/detail/CLUB349",
        "https://to-satsu.com/works/detail/CLUB351",
        "https://to-satsu.com/works/detail/CLUB352",
        "https://to-satsu.com/works/detail/CLUB353"
      ],
      "count": 7
    }
  },
  {
    "https://to-satsu.com/works/list/date/2017-02-07": {
      "href": [
        "https://to-satsu.com/works/detail/CLUB355",
        "https://to-satsu.com/works/detail/CLUB356",
        "https://to-satsu.com/works/detail/CLUB357",
        "https://to-satsu.com/works/detail/CLUB358",
        "https://to-satsu.com/works/detail/CLUB360",
        "https://to-satsu.com/works/detail/CLUB361",
        "https://to-satsu.com/works/detail/STOL026"
      ],
      "count": 7
    }
  },
  {
    "https://to-satsu.com/works/list/date/2017-03-13": {
      "href": [
        "https://to-satsu.com/works/detail/CLUB364"
      ],
      "count": 1
    }
  },
  {
    "https://to-satsu.com/works/list/date/2017-03-07": {
      "href": [
        "https://to-satsu.com/works/detail/CLUB363",
        "https://to-satsu.com/works/detail/CLUB365",
        "https://to-satsu.com/works/detail/CLUB366",
        "https://to-satsu.com/works/detail/CLUB367",
        "https://to-satsu.com/works/detail/STOL027"
      ],
      "count": 5
    }
  },
  {
    "https://to-satsu.com/works/list/date/2017-04-01": {
      "href": [
        "https://to-satsu.com/works/detail/CLUB369",
        "https://to-satsu.com/works/detail/CLUB370",
        "https://to-satsu.com/works/detail/CLUB371",
        "https://to-satsu.com/works/detail/CLUB372",
        "https://to-satsu.com/works/detail/CLUB373",
        "https://to-satsu.com/works/detail/CLUB374",
        "https://to-satsu.com/works/detail/CLUB375"
      ],
      "count": 7
    }
  },
  {
    "https://to-satsu.com/works/list/date/2017-05-01": {
      "href": [
        "https://to-satsu.com/works/detail/CLUB376",
        "https://to-satsu.com/works/detail/CLUB378",
        "https://to-satsu.com/works/detail/CLUB379",
        "https://to-satsu.com/works/detail/STOL029"
      ],
      "count": 4
    }
  },
  {
    "https://to-satsu.com/works/list/date/2017-06-01": {
      "href": [
        "https://to-satsu.com/works/detail/CLUB382",
        "https://to-satsu.com/works/detail/CLUB383",
        "https://to-satsu.com/works/detail/CLUB384",
        "https://to-satsu.com/works/detail/CLUB385",
        "https://to-satsu.com/works/detail/CLUB387"
      ],
      "count": 5
    }
  },
  {
    "https://to-satsu.com/works/list/date/2017-07-01": {
      "href": [
        "https://to-satsu.com/works/detail/CLUB388",
        "https://to-satsu.com/works/detail/CLUB389",
        "https://to-satsu.com/works/detail/CLUB390",
        "https://to-satsu.com/works/detail/CLUB391",
        "https://to-satsu.com/works/detail/CLUB392",
        "https://to-satsu.com/works/detail/CLUB393",
        "https://to-satsu.com/works/detail/CLUB394",
        "https://to-satsu.com/works/detail/CLUB395"
      ],
      "count": 8
    }
  },
  {
    "https://to-satsu.com/works/list/date/2017-08-07": {
      "href": [
        "https://to-satsu.com/works/detail/CLUB396",
        "https://to-satsu.com/works/detail/CLUB397",
        "https://to-satsu.com/works/detail/CLUB398",
        "https://to-satsu.com/works/detail/CLUB400",
        "https://to-satsu.com/works/detail/CLUB401",
        "https://to-satsu.com/works/detail/CLUB402"
      ],
      "count": 6
    }
  },
  {
    "https://to-satsu.com/works/list/date/2017-09-01": {
      "href": [
        "https://to-satsu.com/works/detail/AVOP330",
        "https://to-satsu.com/works/detail/CLUB403",
        "https://to-satsu.com/works/detail/CLUB404",
        "https://to-satsu.com/works/detail/CLUB405",
        "https://to-satsu.com/works/detail/CLUB406",
        "https://to-satsu.com/works/detail/CLUB407",
        "https://to-satsu.com/works/detail/CLUB408",
        "https://to-satsu.com/works/detail/CLUB409",
        "https://to-satsu.com/works/detail/CLUB410",
        "https://to-satsu.com/works/detail/STOL028"
      ],
      "count": 10
    }
  },
  {
    "https://to-satsu.com/works/list/date/2017-10-07": {
      "href": [
        "https://to-satsu.com/works/detail/CLUB411",
        "https://to-satsu.com/works/detail/CLUB412",
        "https://to-satsu.com/works/detail/CLUB413",
        "https://to-satsu.com/works/detail/CLUB414",
        "https://to-satsu.com/works/detail/CLUB415",
        "https://to-satsu.com/works/detail/CLUB417",
        "https://to-satsu.com/works/detail/STOL030"
      ],
      "count": 7
    }
  },
  {
    "https://to-satsu.com/works/list/date/2017-11-01": {
      "href": [
        "https://to-satsu.com/works/detail/CLVR001",
        "https://to-satsu.com/works/detail/CLUB419",
        "https://to-satsu.com/works/detail/CLUB420",
        "https://to-satsu.com/works/detail/CLUB421",
        "https://to-satsu.com/works/detail/CLUB424",
        "https://to-satsu.com/works/detail/CLUB425"
      ],
      "count": 6
    }
  },
  {
    "https://to-satsu.com/works/list/date/2017-12-01": {
      "href": [
        "https://to-satsu.com/works/detail/CLUB427",
        "https://to-satsu.com/works/detail/CLUB429",
        "https://to-satsu.com/works/detail/CLUB430",
        "https://to-satsu.com/works/detail/CLUB431",
        "https://to-satsu.com/works/detail/CLUB432",
        "https://to-satsu.com/works/detail/CLUB433",
        "https://to-satsu.com/works/detail/CLUB434",
        "https://to-satsu.com/works/detail/STOL031"
      ],
      "count": 8
    }
  },
  {
    "https://to-satsu.com/works/list/date/2018-01-01": {
      "href": [
        "https://to-satsu.com/works/detail/CLUB435",
        "https://to-satsu.com/works/detail/CLUB436",
        "https://to-satsu.com/works/detail/CLUB437",
        "https://to-satsu.com/works/detail/CLUB438",
        "https://to-satsu.com/works/detail/CLUB439",
        "https://to-satsu.com/works/detail/CLUB441"
      ],
      "count": 6
    }
  }
]