[
  {
    "https://v-av.com/works/list/date/2010-04-01": {
      "href": [
        "https://v-av.com/works/detail/VICD189",
        "https://v-av.com/works/detail/VICD187",
        "https://v-av.com/works/detail/VICD188",
        "https://v-av.com/works/detail/VVVD047"
      ],
      "count": 4
    }
  },
  {
    "https://v-av.com/works/list/date/2010-05-01": {
      "href": [
        "https://v-av.com/works/detail/VICD190",
        "https://v-av.com/works/detail/VICD191",
        "https://v-av.com/works/detail/VVVD048",
        "https://v-av.com/works/detail/VVVD049"
      ],
      "count": 4
    }
  },
  {
    "https://v-av.com/works/list/date/2010-06-01": {
      "href": [
        "https://v-av.com/works/detail/VICD193",
        "https://v-av.com/works/detail/VVVD050"
      ],
      "count": 2
    }
  },
  {
    "https://v-av.com/works/list/date/2010-07-01": {
      "href": [
        "https://v-av.com/works/detail/VICD194",
        "https://v-av.com/works/detail/VICD195",
        "https://v-av.com/works/detail/VVVD051",
        "https://v-av.com/works/detail/VVVD052"
      ],
      "count": 4
    }
  },
  {
    "https://v-av.com/works/list/date/2010-08-01": {
      "href": [
        "https://v-av.com/works/detail/VICD196",
        "https://v-av.com/works/detail/VICD197",
        "https://v-av.com/works/detail/VVVD054",
        "https://v-av.com/works/detail/VVVD053"
      ],
      "count": 4
    }
  },
  {
    "https://v-av.com/works/list/date/2010-09-01": {
      "href": [
        "https://v-av.com/works/detail/VXXD010",
        "https://v-av.com/works/detail/VICD198",
        "https://v-av.com/works/detail/VVVD055"
      ],
      "count": 3
    }
  },
  {
    "https://v-av.com/works/list/date/2010-10-01": {
      "href": [
        "https://v-av.com/works/detail/VICD199",
        "https://v-av.com/works/detail/VICD200",
        "https://v-av.com/works/detail/VVVD056"
      ],
      "count": 3
    }
  },
  {
    "https://v-av.com/works/list/date/2010-11-01": {
      "href": [
        "https://v-av.com/works/detail/VICD201",
        "https://v-av.com/works/detail/VICD202",
        "https://v-av.com/works/detail/VVVD058"
      ],
      "count": 3
    }
  },
  {
    "https://v-av.com/works/list/date/2010-12-01": {
      "href": [
        "https://v-av.com/works/detail/VSPD037",
        "https://v-av.com/works/detail/VICD203",
        "https://v-av.com/works/detail/VVVD059"
      ],
      "count": 3
    }
  },
  {
    "https://v-av.com/works/list/date/2011-01-01": {
      "href": [
        "https://v-av.com/works/detail/VSPD038",
        "https://v-av.com/works/detail/VICD204",
        "https://v-av.com/works/detail/VVVD060",
        "https://v-av.com/works/detail/VVVD061"
      ],
      "count": 4
    }
  },
  {
    "https://v-av.com/works/list/date/2011-02-01": {
      "href": [
        "https://v-av.com/works/detail/VSPD039",
        "https://v-av.com/works/detail/VVVD062"
      ],
      "count": 2
    }
  },
  {
    "https://v-av.com/works/list/date/2011-03-01": {
      "href": [
        "https://v-av.com/works/detail/VSPD040",
        "https://v-av.com/works/detail/VICD206",
        "https://v-av.com/works/detail/VXXD011",
        "https://v-av.com/works/detail/VVVD063"
      ],
      "count": 4
    }
  },
  {
    "https://v-av.com/works/list/date/2011-04-01": {
      "href": [
        "https://v-av.com/works/detail/VICD208",
        "https://v-av.com/works/detail/VIZD004",
        "https://v-av.com/works/detail/VVVD064"
      ],
      "count": 3
    }
  },
  {
    "https://v-av.com/works/list/date/2011-05-01": {
      "href": [
        "https://v-av.com/works/detail/VXXD012",
        "https://v-av.com/works/detail/VICD209",
        "https://v-av.com/works/detail/VVVD065"
      ],
      "count": 3
    }
  },
  {
    "https://v-av.com/works/list/date/2011-06-01": {
      "href": [
        "https://v-av.com/works/detail/VSPD041",
        "https://v-av.com/works/detail/VVVD066"
      ],
      "count": 2
    }
  },
  {
    "https://v-av.com/works/list/date/2011-07-01": {
      "href": [
        "https://v-av.com/works/detail/VICD210"
      ],
      "count": 1
    }
  },
  {
    "https://v-av.com/works/list/date/2011-07-22": {
      "href": [
        "https://v-av.com/works/detail/VVVD067"
      ],
      "count": 1
    }
  },
  {
    "https://v-av.com/works/list/date/2011-08-01": {
      "href": [
        "https://v-av.com/works/detail/VICD211",
        "https://v-av.com/works/detail/VIZD005",
        "https://v-av.com/works/detail/VVVD069",
        "https://v-av.com/works/detail/VVVD068",
        "https://v-av.com/works/detail/VSPD042"
      ],
      "count": 5
    }
  },
  {
    "https://v-av.com/works/list/date/2011-09-01": {
      "href": [
        "https://v-av.com/works/detail/VICD212",
        "https://v-av.com/works/detail/VXXD013",
        "https://v-av.com/works/detail/VVVD070"
      ],
      "count": 3
    }
  },
  {
    "https://v-av.com/works/list/date/2011-10-01": {
      "href": [
        "https://v-av.com/works/detail/VICD213",
        "https://v-av.com/works/detail/VICD214"
      ],
      "count": 2
    }
  },
  {
    "https://v-av.com/works/list/date/2011-11-01": {
      "href": [
        "https://v-av.com/works/detail/VICD215",
        "https://v-av.com/works/detail/VSPD043",
        "https://v-av.com/works/detail/VVVD072"
      ],
      "count": 3
    }
  },
  {
    "https://v-av.com/works/list/date/2011-12-01": {
      "href": [
        "https://v-av.com/works/detail/VVVD074",
        "https://v-av.com/works/detail/VICD217",
        "https://v-av.com/works/detail/VVVD073"
      ],
      "count": 3
    }
  },
  {
    "https://v-av.com/works/list/date/2012-01-01": {
      "href": [
        "https://v-av.com/works/detail/VICD218",
        "https://v-av.com/works/detail/VICD219",
        "https://v-av.com/works/detail/VVVD075",
        "https://v-av.com/works/detail/VVVD076"
      ],
      "count": 4
    }
  },
  {
    "https://v-av.com/works/list/date/2012-02-01": {
      "href": [
        "https://v-av.com/works/detail/VICD221",
        "https://v-av.com/works/detail/VICD220",
        "https://v-av.com/works/detail/VVVD077",
        "https://v-av.com/works/detail/VVVD078"
      ],
      "count": 4
    }
  },
  {
    "https://v-av.com/works/list/date/2012-03-01": {
      "href": [
        "https://v-av.com/works/detail/VICD222",
        "https://v-av.com/works/detail/VICD223",
        "https://v-av.com/works/detail/VVVD079"
      ],
      "count": 3
    }
  },
  {
    "https://v-av.com/works/list/date/2012-04-01": {
      "href": [
        "https://v-av.com/works/detail/VICD224",
        "https://v-av.com/works/detail/VICD225",
        "https://v-av.com/works/detail/VVVD080"
      ],
      "count": 3
    }
  },
  {
    "https://v-av.com/works/list/date/2012-05-01": {
      "href": [
        "https://v-av.com/works/detail/VICD226",
        "https://v-av.com/works/detail/VICD227",
        "https://v-av.com/works/detail/VVVD081"
      ],
      "count": 3
    }
  },
  {
    "https://v-av.com/works/list/date/2012-06-01": {
      "href": [
        "https://v-av.com/works/detail/VICD228",
        "https://v-av.com/works/detail/VICD230",
        "https://v-av.com/works/detail/VVVD082",
        "https://v-av.com/works/detail/VICD229"
      ],
      "count": 4
    }
  },
  {
    "https://v-av.com/works/list/date/2012-08-01": {
      "href": [
        "https://v-av.com/works/detail/VICD233",
        "https://v-av.com/works/detail/VVVD083"
      ],
      "count": 2
    }
  },
  {
    "https://v-av.com/works/list/date/2012-07-13": {
      "href": [
        "https://v-av.com/works/detail/AAJB012"
      ],
      "count": 1
    }
  },
  {
    "https://v-av.com/works/list/date/2012-07-01": {
      "href": [
        "https://v-av.com/works/detail/VICD231",
        "https://v-av.com/works/detail/VICD232",
        "https://v-av.com/works/detail/VXXD014"
      ],
      "count": 3
    }
  },
  {
    "https://v-av.com/works/list/date/2012-09-01": {
      "href": [
        "https://v-av.com/works/detail/VICD234",
        "https://v-av.com/works/detail/VICD235",
        "https://v-av.com/works/detail/VVVD084"
      ],
      "count": 3
    }
  },
  {
    "https://v-av.com/works/list/date/2010-02-01": {
      "href": [
        "https://v-av.com/works/detail/VICD182",
        "https://v-av.com/works/detail/VICD183",
        "https://v-av.com/works/detail/VICD184",
        "https://v-av.com/works/detail/VVVD045"
      ],
      "count": 4
    }
  },
  {
    "https://v-av.com/works/list/date/2012-10-01": {
      "href": [
        "https://v-av.com/works/detail/VICD236",
        "https://v-av.com/works/detail/VVVD085",
        "https://v-av.com/works/detail/VVVD086"
      ],
      "count": 3
    }
  },
  {
    "https://v-av.com/works/list/date/2012-11-01": {
      "href": [
        "https://v-av.com/works/detail/VICD237",
        "https://v-av.com/works/detail/VVVD087",
        "https://v-av.com/works/detail/VVVD088"
      ],
      "count": 3
    }
  },
  {
    "https://v-av.com/works/list/date/2012-12-01": {
      "href": [
        "https://v-av.com/works/detail/VICD238",
        "https://v-av.com/works/detail/VICD239",
        "https://v-av.com/works/detail/VVVD089"
      ],
      "count": 3
    }
  },
  {
    "https://v-av.com/works/list/date/2013-01-01": {
      "href": [
        "https://v-av.com/works/detail/VICD240",
        "https://v-av.com/works/detail/VICD241",
        "https://v-av.com/works/detail/VVVD091",
        "https://v-av.com/works/detail/VVVD090"
      ],
      "count": 4
    }
  },
  {
    "https://v-av.com/works/list/date/2013-02-01": {
      "href": [
        "https://v-av.com/works/detail/VVVD092"
      ],
      "count": 1
    }
  },
  {
    "https://v-av.com/works/list/date/2013-03-01": {
      "href": [
        "https://v-av.com/works/detail/VICD242",
        "https://v-av.com/works/detail/VVVD093"
      ],
      "count": 2
    }
  },
  {
    "https://v-av.com/works/list/date/2013-04-01": {
      "href": [
        "https://v-av.com/works/detail/VICD243",
        "https://v-av.com/works/detail/VICD244",
        "https://v-av.com/works/detail/VVVD094"
      ],
      "count": 3
    }
  },
  {
    "https://v-av.com/works/list/date/2013-05-01": {
      "href": [
        "https://v-av.com/works/detail/VICD245",
        "https://v-av.com/works/detail/VICD246",
        "https://v-av.com/works/detail/VVVD095"
      ],
      "count": 3
    }
  },
  {
    "https://v-av.com/works/list/date/2013-06-01": {
      "href": [
        "https://v-av.com/works/detail/VICD247",
        "https://v-av.com/works/detail/VVVD096"
      ],
      "count": 2
    }
  },
  {
    "https://v-av.com/works/list/date/2013-07-01": {
      "href": [
        "https://v-av.com/works/detail/VICD248",
        "https://v-av.com/works/detail/VICD249",
        "https://v-av.com/works/detail/VICD250",
        "https://v-av.com/works/detail/VVVD097"
      ],
      "count": 4
    }
  },
  {
    "https://v-av.com/works/list/date/2013-08-01": {
      "href": [
        "https://v-av.com/works/detail/VICD251",
        "https://v-av.com/works/detail/VVVD098"
      ],
      "count": 2
    }
  },
  {
    "https://v-av.com/works/list/date/2013-09-01": {
      "href": [
        "https://v-av.com/works/detail/VICD252",
        "https://v-av.com/works/detail/VICD255",
        "https://v-av.com/works/detail/VICD253",
        "https://v-av.com/works/detail/VICD254"
      ],
      "count": 4
    }
  },
  {
    "https://v-av.com/works/list/date/2013-10-01": {
      "href": [
        "https://v-av.com/works/detail/VICD256",
        "https://v-av.com/works/detail/VICD258",
        "https://v-av.com/works/detail/VICD257"
      ],
      "count": 3
    }
  },
  {
    "https://v-av.com/works/list/date/2013-11-01": {
      "href": [
        "https://v-av.com/works/detail/VICD260",
        "https://v-av.com/works/detail/VICD259",
        "https://v-av.com/works/detail/VVVD099"
      ],
      "count": 3
    }
  },
  {
    "https://v-av.com/works/list/date/2013-12-01": {
      "href": [
        "https://v-av.com/works/detail/VICD261",
        "https://v-av.com/works/detail/VICD263",
        "https://v-av.com/works/detail/VICD262",
        "https://v-av.com/works/detail/VVVD100"
      ],
      "count": 4
    }
  },
  {
    "https://v-av.com/works/list/date/2014-01-01": {
      "href": [
        "https://v-av.com/works/detail/VICD264",
        "https://v-av.com/works/detail/VVVD101",
        "https://v-av.com/works/detail/VSPD045"
      ],
      "count": 3
    }
  },
  {
    "https://v-av.com/works/list/date/2014-02-01": {
      "href": [
        "https://v-av.com/works/detail/VSPD046",
        "https://v-av.com/works/detail/VICD265",
        "https://v-av.com/works/detail/VVVD102"
      ],
      "count": 3
    }
  },
  {
    "https://v-av.com/works/list/date/2014-03-01": {
      "href": [
        "https://v-av.com/works/detail/VICD267",
        "https://v-av.com/works/detail/VICD266",
        "https://v-av.com/works/detail/VVVD103",
        "https://v-av.com/works/detail/VVVD104"
      ],
      "count": 4
    }
  },
  {
    "https://v-av.com/works/list/date/2014-04-01": {
      "href": [
        "https://v-av.com/works/detail/VICD268",
        "https://v-av.com/works/detail/VICD269",
        "https://v-av.com/works/detail/VSPD047",
        "https://v-av.com/works/detail/VVVD105"
      ],
      "count": 4
    }
  },
  {
    "https://v-av.com/works/list/date/2014-05-01": {
      "href": [
        "https://v-av.com/works/detail/VICD271",
        "https://v-av.com/works/detail/VICD270",
        "https://v-av.com/works/detail/VVVD106"
      ],
      "count": 3
    }
  },
  {
    "https://v-av.com/works/list/date/2014-06-01": {
      "href": [
        "https://v-av.com/works/detail/VICD273"
      ],
      "count": 1
    }
  },
  {
    "https://v-av.com/works/list/date/2014-07-01": {
      "href": [
        "https://v-av.com/works/detail/VICD274",
        "https://v-av.com/works/detail/VICD276",
        "https://v-av.com/works/detail/VICD275",
        "https://v-av.com/works/detail/VVVD108"
      ],
      "count": 4
    }
  },
  {
    "https://v-av.com/works/list/date/2014-08-01": {
      "href": [
        "https://v-av.com/works/detail/VICD277",
        "https://v-av.com/works/detail/VICD278",
        "https://v-av.com/works/detail/VVVD109"
      ],
      "count": 3
    }
  },
  {
    "https://v-av.com/works/list/date/2014-09-01": {
      "href": [
        "https://v-av.com/works/detail/VICD280",
        "https://v-av.com/works/detail/VICD279",
        "https://v-av.com/works/detail/VVVD110"
      ],
      "count": 3
    }
  },
  {
    "https://v-av.com/works/list/date/2014-10-01": {
      "href": [
        "https://v-av.com/works/detail/VICD281",
        "https://v-av.com/works/detail/VVVD111"
      ],
      "count": 2
    }
  },
  {
    "https://v-av.com/works/list/date/2014-11-01": {
      "href": [
        "https://v-av.com/works/detail/VICD282",
        "https://v-av.com/works/detail/VICD283",
        "https://v-av.com/works/detail/VVVD112"
      ],
      "count": 3
    }
  },
  {
    "https://v-av.com/works/list/date/2014-12-01": {
      "href": [
        "https://v-av.com/works/detail/VICD284",
        "https://v-av.com/works/detail/VICD285",
        "https://v-av.com/works/detail/VVVD113"
      ],
      "count": 3
    }
  },
  {
    "https://v-av.com/works/list/date/2015-01-01": {
      "href": [
        "https://v-av.com/works/detail/VICD286",
        "https://v-av.com/works/detail/VICD287",
        "https://v-av.com/works/detail/VICD288",
        "https://v-av.com/works/detail/VICD289",
        "https://v-av.com/works/detail/VVVD114"
      ],
      "count": 5
    }
  },
  {
    "https://v-av.com/works/list/date/2015-02-01": {
      "href": [
        "https://v-av.com/works/detail/VICD291",
        "https://v-av.com/works/detail/VICD290",
        "https://v-av.com/works/detail/VVVD115"
      ],
      "count": 3
    }
  },
  {
    "https://v-av.com/works/list/date/2015-03-01": {
      "href": [
        "https://v-av.com/works/detail/VICD293",
        "https://v-av.com/works/detail/VICD292",
        "https://v-av.com/works/detail/VVVD116",
        "https://v-av.com/works/detail/VVVD117"
      ],
      "count": 4
    }
  },
  {
    "https://v-av.com/works/list/date/2015-04-01": {
      "href": [
        "https://v-av.com/works/detail/VICD294",
        "https://v-av.com/works/detail/VVVD118",
        "https://v-av.com/works/detail/VVVD119"
      ],
      "count": 3
    }
  },
  {
    "https://v-av.com/works/list/date/2015-05-01": {
      "href": [
        "https://v-av.com/works/detail/VICD295",
        "https://v-av.com/works/detail/VICD296",
        "https://v-av.com/works/detail/VVVD121",
        "https://v-av.com/works/detail/VVVD120"
      ],
      "count": 4
    }
  },
  {
    "https://v-av.com/works/list/date/2015-06-01": {
      "href": [
        "https://v-av.com/works/detail/VICD299",
        "https://v-av.com/works/detail/VICD298",
        "https://v-av.com/works/detail/VICD300",
        "https://v-av.com/works/detail/VVVD122",
        "https://v-av.com/works/detail/VVVD123"
      ],
      "count": 5
    }
  },
  {
    "https://v-av.com/works/list/date/2010-03-01": {
      "href": [
        "https://v-av.com/works/detail/VICD185",
        "https://v-av.com/works/detail/VICD186",
        "https://v-av.com/works/detail/VXXD009",
        "https://v-av.com/works/detail/VVVD046"
      ],
      "count": 4
    }
  },
  {
    "https://v-av.com/works/list/date/2015-07-01": {
      "href": [
        "https://v-av.com/works/detail/VICD301",
        "https://v-av.com/works/detail/VVVD125",
        "https://v-av.com/works/detail/VVVD124"
      ],
      "count": 3
    }
  },
  {
    "https://v-av.com/works/list/date/2015-08-01": {
      "href": [
        "https://v-av.com/works/detail/VVVD126",
        "https://v-av.com/works/detail/VICD303",
        "https://v-av.com/works/detail/VICD304",
        "https://v-av.com/works/detail/VICD302"
      ],
      "count": 4
    }
  },
  {
    "https://v-av.com/works/list/date/2015-09-01": {
      "href": [
        "https://v-av.com/works/detail/VICD305",
        "https://v-av.com/works/detail/AVOP165",
        "https://v-av.com/works/detail/VVVD127"
      ],
      "count": 3
    }
  },
  {
    "https://v-av.com/works/list/date/2015-10-01": {
      "href": [
        "https://v-av.com/works/detail/VICD306",
        "https://v-av.com/works/detail/VICD307",
        "https://v-av.com/works/detail/VVVD128",
        "https://v-av.com/works/detail/VVVD129"
      ],
      "count": 4
    }
  },
  {
    "https://v-av.com/works/list/date/2015-11-01": {
      "href": [
        "https://v-av.com/works/detail/VVVD130",
        "https://v-av.com/works/detail/VVVD131"
      ],
      "count": 2
    }
  },
  {
    "https://v-av.com/works/list/date/2015-12-01": {
      "href": [
        "https://v-av.com/works/detail/VICD309",
        "https://v-av.com/works/detail/VICD310",
        "https://v-av.com/works/detail/VICD308",
        "https://v-av.com/works/detail/VVVD132"
      ],
      "count": 4
    }
  },
  {
    "https://v-av.com/works/list/date/2016-01-01": {
      "href": [
        "https://v-av.com/works/detail/VICD311",
        "https://v-av.com/works/detail/VICD312",
        "https://v-av.com/works/detail/VVVD134",
        "https://v-av.com/works/detail/VVVD133"
      ],
      "count": 4
    }
  },
  {
    "https://v-av.com/works/list/date/2016-02-01": {
      "href": [
        "https://v-av.com/works/detail/VICD313",
        "https://v-av.com/works/detail/VVVD136",
        "https://v-av.com/works/detail/VVVD135"
      ],
      "count": 3
    }
  },
  {
    "https://v-av.com/works/list/date/2016-03-01": {
      "href": [
        "https://v-av.com/works/detail/VICD314",
        "https://v-av.com/works/detail/VICD315",
        "https://v-av.com/works/detail/VVVD137",
        "https://v-av.com/works/detail/VICD316",
        "https://v-av.com/works/detail/VVVD138"
      ],
      "count": 5
    }
  },
  {
    "https://v-av.com/works/list/date/2016-04-01": {
      "href": [
        "https://v-av.com/works/detail/VICD317",
        "https://v-av.com/works/detail/VICD319",
        "https://v-av.com/works/detail/VICD318",
        "https://v-av.com/works/detail/VVVD140",
        "https://v-av.com/works/detail/VVVD139"
      ],
      "count": 5
    }
  },
  {
    "https://v-av.com/works/list/date/2016-06-01": {
      "href": [
        "https://v-av.com/works/detail/VICD324",
        "https://v-av.com/works/detail/VICD327",
        "https://v-av.com/works/detail/VICD325",
        "https://v-av.com/works/detail/VICD326",
        "https://v-av.com/works/detail/VVVD142"
      ],
      "count": 5
    }
  },
  {
    "https://v-av.com/works/list/date/2016-05-01": {
      "href": [
        "https://v-av.com/works/detail/VICD321",
        "https://v-av.com/works/detail/VICD323",
        "https://v-av.com/works/detail/VICD322",
        "https://v-av.com/works/detail/VICD320",
        "https://v-av.com/works/detail/VVVD141"
      ],
      "count": 5
    }
  },
  {
    "https://v-av.com/works/list/date/2016-07-01": {
      "href": [
        "https://v-av.com/works/detail/VICD328",
        "https://v-av.com/works/detail/VICD330",
        "https://v-av.com/works/detail/VICD329",
        "https://v-av.com/works/detail/VVVD144",
        "https://v-av.com/works/detail/VVVD143"
      ],
      "count": 5
    }
  },
  {
    "https://v-av.com/works/list/date/2016-08-01": {
      "href": [
        "https://v-av.com/works/detail/VICD333",
        "https://v-av.com/works/detail/VICD332",
        "https://v-av.com/works/detail/VICD331",
        "https://v-av.com/works/detail/VVVD146",
        "https://v-av.com/works/detail/VVVD145"
      ],
      "count": 5
    }
  },
  {
    "https://v-av.com/works/list/date/2016-09-01": {
      "href": [
        "https://v-av.com/works/detail/VICD334",
        "https://v-av.com/works/detail/VICD335",
        "https://v-av.com/works/detail/VVVD147",
        "https://v-av.com/works/detail/VVVD148"
      ],
      "count": 4
    }
  },
  {
    "https://v-av.com/works/list/date/2016-10-01": {
      "href": [
        "https://v-av.com/works/detail/VICD338",
        "https://v-av.com/works/detail/VICD336",
        "https://v-av.com/works/detail/VICD337",
        "https://v-av.com/works/detail/VVVD149",
        "https://v-av.com/works/detail/VVVD150"
      ],
      "count": 5
    }
  },
  {
    "https://v-av.com/works/list/date/2016-11-07": {
      "href": [
        "https://v-av.com/works/detail/VICD340",
        "https://v-av.com/works/detail/VICD339"
      ],
      "count": 2
    }
  },
  {
    "https://v-av.com/works/list/date/2016-12-08": {
      "href": [
        "https://v-av.com/works/detail/VICD341"
      ],
      "count": 1
    }
  },
  {
    "https://v-av.com/works/list/date/2016-12-13": {
      "href": [
        "https://v-av.com/works/detail/VICD342"
      ],
      "count": 1
    }
  },
  {
    "https://v-av.com/works/list/date/2017-01-07": {
      "href": [
        "https://v-av.com/works/detail/VICD343",
        "https://v-av.com/works/detail/VICD344"
      ],
      "count": 2
    }
  },
  {
    "https://v-av.com/works/list/date/2017-02-07": {
      "href": [
        "https://v-av.com/works/detail/VICD345",
        "https://v-av.com/works/detail/VICD346"
      ],
      "count": 2
    }
  },
  {
    "https://v-av.com/works/list/date/2017-02-13": {
      "href": [
        "https://v-av.com/works/detail/VICD347"
      ],
      "count": 1
    }
  },
  {
    "https://v-av.com/works/list/date/2017-03-13": {
      "href": [
        "https://v-av.com/works/detail/VICD348",
        "https://v-av.com/works/detail/VICD349",
        "https://v-av.com/works/detail/VICD350"
      ],
      "count": 3
    }
  },
  {
    "https://v-av.com/works/list/date/2017-04-25": {
      "href": [
        "https://v-av.com/works/detail/VICD351"
      ],
      "count": 1
    }
  },
  {
    "https://v-av.com/works/list/date/2017-05-19": {
      "href": [
        "https://v-av.com/works/detail/VICD353",
        "https://v-av.com/works/detail/VICD352",
        "https://v-av.com/works/detail/VICD354"
      ],
      "count": 3
    }
  },
  {
    "https://v-av.com/works/list/date/2017-06-13": {
      "href": [
        "https://v-av.com/works/detail/VICD356",
        "https://v-av.com/works/detail/VICD355",
        "https://v-av.com/works/detail/VICD357"
      ],
      "count": 3
    }
  },
  {
    "https://v-av.com/works/list/date/2017-07-19": {
      "href": [
        "https://v-av.com/works/detail/VICD358"
      ],
      "count": 1
    }
  },
  {
    "https://v-av.com/works/list/date/2017-10-01": {
      "href": [
        "https://v-av.com/works/detail/VICD359",
        "https://v-av.com/works/detail/VICD360"
      ],
      "count": 2
    }
  },
  {
    "https://v-av.com/works/list/date/2017-10-13": {
      "href": [
        "https://v-av.com/works/detail/VICD361",
        "https://v-av.com/works/detail/VICD362"
      ],
      "count": 2
    }
  },
  {
    "https://v-av.com/works/list/date/2017-10-19": {
      "href": [
        "https://v-av.com/works/detail/VICD363",
        "https://v-av.com/works/detail/VICD364"
      ],
      "count": 2
    }
  },
  {
    "https://v-av.com/works/list/date/2017-11-13": {
      "href": [
        "https://v-av.com/works/detail/VICD365",
        "https://v-av.com/works/detail/VICD366"
      ],
      "count": 2
    }
  },
  {
    "https://v-av.com/works/list/date/2017-12-01": {
      "href": [
        "https://v-av.com/works/detail/VVVD151"
      ],
      "count": 1
    }
  },
  {
    "https://v-av.com/works/list/date/2017-12-13": {
      "href": [
        "https://v-av.com/works/detail/VICD367"
      ],
      "count": 1
    }
  }
]