[
  {
    "https://wanz-factory.com/works/list/date/2012-09-01": {
      "href": [
        "https://wanz-factory.com/works/detail/WANZ019",
        "https://wanz-factory.com/works/detail/WANZ018",
        "https://wanz-factory.com/works/detail/WANZ017",
        "https://wanz-factory.com/works/detail/NAMA010"
      ],
      "count": 4
    }
  },
  {
    "https://wanz-factory.com/works/list/date/2012-10-01": {
      "href": [
        "https://wanz-factory.com/works/detail/WANZ021",
        "https://wanz-factory.com/works/detail/WANZ022",
        "https://wanz-factory.com/works/detail/WANZ023"
      ],
      "count": 3
    }
  },
  {
    "https://wanz-factory.com/works/list/date/2012-11-01": {
      "href": [
        "https://wanz-factory.com/works/detail/WANZ025",
        "https://wanz-factory.com/works/detail/WANZ028",
        "https://wanz-factory.com/works/detail/WANZ029",
        "https://wanz-factory.com/works/detail/WANZ030",
        "https://wanz-factory.com/works/detail/BMW007"
      ],
      "count": 5
    }
  },
  {
    "https://wanz-factory.com/works/list/date/2012-12-01": {
      "href": [
        "https://wanz-factory.com/works/detail/WANZ027",
        "https://wanz-factory.com/works/detail/WANZ031",
        "https://wanz-factory.com/works/detail/WANZ033",
        "https://wanz-factory.com/works/detail/WANZ034",
        "https://wanz-factory.com/works/detail/WANZ035",
        "https://wanz-factory.com/works/detail/WANZ036",
        "https://wanz-factory.com/works/detail/BMW008"
      ],
      "count": 7
    }
  },
  {
    "https://wanz-factory.com/works/list/date/2013-01-01": {
      "href": [
        "https://wanz-factory.com/works/detail/WANZ039",
        "https://wanz-factory.com/works/detail/WANZ040",
        "https://wanz-factory.com/works/detail/WANZ041",
        "https://wanz-factory.com/works/detail/BMW009",
        "https://wanz-factory.com/works/detail/BMW010",
        "https://wanz-factory.com/works/detail/BMW011",
        "https://wanz-factory.com/works/detail/BMW012"
      ],
      "count": 7
    }
  },
  {
    "https://wanz-factory.com/works/list/date/2013-02-01": {
      "href": [
        "https://wanz-factory.com/works/detail/WANZ044",
        "https://wanz-factory.com/works/detail/WANZ043",
        "https://wanz-factory.com/works/detail/WANZ042",
        "https://wanz-factory.com/works/detail/WANZ045",
        "https://wanz-factory.com/works/detail/WANZ046",
        "https://wanz-factory.com/works/detail/BMW016",
        "https://wanz-factory.com/works/detail/BMW015",
        "https://wanz-factory.com/works/detail/BMW014",
        "https://wanz-factory.com/works/detail/BMW013"
      ],
      "count": 9
    }
  },
  {
    "https://wanz-factory.com/works/list/date/2013-03-01": {
      "href": [
        "https://wanz-factory.com/works/detail/WANZ052",
        "https://wanz-factory.com/works/detail/WANZ049",
        "https://wanz-factory.com/works/detail/WANZ047",
        "https://wanz-factory.com/works/detail/WANZ048",
        "https://wanz-factory.com/works/detail/WANZ053",
        "https://wanz-factory.com/works/detail/WANZ051",
        "https://wanz-factory.com/works/detail/WANZ050",
        "https://wanz-factory.com/works/detail/BMW017",
        "https://wanz-factory.com/works/detail/BMW018",
        "https://wanz-factory.com/works/detail/BMW019"
      ],
      "count": 10
    }
  },
  {
    "https://wanz-factory.com/works/list/date/2013-04-01": {
      "href": [
        "https://wanz-factory.com/works/detail/WANZ059",
        "https://wanz-factory.com/works/detail/WANZ056",
        "https://wanz-factory.com/works/detail/WANZ057",
        "https://wanz-factory.com/works/detail/WANZ058",
        "https://wanz-factory.com/works/detail/WANZ060",
        "https://wanz-factory.com/works/detail/BMW020",
        "https://wanz-factory.com/works/detail/BMW021",
        "https://wanz-factory.com/works/detail/BMW022",
        "https://wanz-factory.com/works/detail/BMW023"
      ],
      "count": 9
    }
  },
  {
    "https://wanz-factory.com/works/list/date/2013-05-01": {
      "href": [
        "https://wanz-factory.com/works/detail/WANZ063",
        "https://wanz-factory.com/works/detail/WANZ064",
        "https://wanz-factory.com/works/detail/WANZ065",
        "https://wanz-factory.com/works/detail/WANZ067",
        "https://wanz-factory.com/works/detail/WANZ068",
        "https://wanz-factory.com/works/detail/BMW024",
        "https://wanz-factory.com/works/detail/BMW025",
        "https://wanz-factory.com/works/detail/BMW026",
        "https://wanz-factory.com/works/detail/BMW027"
      ],
      "count": 9
    }
  },
  {
    "https://wanz-factory.com/works/list/date/2013-06-01": {
      "href": [
        "https://wanz-factory.com/works/detail/WANZ070",
        "https://wanz-factory.com/works/detail/WANZ071",
        "https://wanz-factory.com/works/detail/WANZ072",
        "https://wanz-factory.com/works/detail/WANZ073",
        "https://wanz-factory.com/works/detail/WANZ074",
        "https://wanz-factory.com/works/detail/BMW029",
        "https://wanz-factory.com/works/detail/BMW031"
      ],
      "count": 7
    }
  },
  {
    "https://wanz-factory.com/works/list/date/2013-07-01": {
      "href": [
        "https://wanz-factory.com/works/detail/WANZ078",
        "https://wanz-factory.com/works/detail/WANZ076",
        "https://wanz-factory.com/works/detail/WANZ077",
        "https://wanz-factory.com/works/detail/WANZ079",
        "https://wanz-factory.com/works/detail/WANZ080",
        "https://wanz-factory.com/works/detail/WANZ081",
        "https://wanz-factory.com/works/detail/WANZ082",
        "https://wanz-factory.com/works/detail/BMW032",
        "https://wanz-factory.com/works/detail/BMW033",
        "https://wanz-factory.com/works/detail/BMW034",
        "https://wanz-factory.com/works/detail/BMW035"
      ],
      "count": 11
    }
  },
  {
    "https://wanz-factory.com/works/list/date/2013-08-01": {
      "href": [
        "https://wanz-factory.com/works/detail/WANZ085",
        "https://wanz-factory.com/works/detail/WANZ083",
        "https://wanz-factory.com/works/detail/WANZ086",
        "https://wanz-factory.com/works/detail/WANZ087",
        "https://wanz-factory.com/works/detail/WANZ088",
        "https://wanz-factory.com/works/detail/WANZ084",
        "https://wanz-factory.com/works/detail/WANZ089",
        "https://wanz-factory.com/works/detail/WANZ090",
        "https://wanz-factory.com/works/detail/BMW037",
        "https://wanz-factory.com/works/detail/BMW038"
      ],
      "count": 10
    }
  },
  {
    "https://wanz-factory.com/works/list/date/2013-09-01": {
      "href": [
        "https://wanz-factory.com/works/detail/WANZ092",
        "https://wanz-factory.com/works/detail/WANZ098",
        "https://wanz-factory.com/works/detail/WANZ091",
        "https://wanz-factory.com/works/detail/WANZ093",
        "https://wanz-factory.com/works/detail/WANZ094",
        "https://wanz-factory.com/works/detail/WANZ095",
        "https://wanz-factory.com/works/detail/WANZ097",
        "https://wanz-factory.com/works/detail/WANZ099",
        "https://wanz-factory.com/works/detail/BMW040"
      ],
      "count": 9
    }
  },
  {
    "https://wanz-factory.com/works/list/date/2013-10-01": {
      "href": [
        "https://wanz-factory.com/works/detail/WANZ105",
        "https://wanz-factory.com/works/detail/WANZ100",
        "https://wanz-factory.com/works/detail/WANZ101",
        "https://wanz-factory.com/works/detail/WANZ102",
        "https://wanz-factory.com/works/detail/WANZ103",
        "https://wanz-factory.com/works/detail/WANZ104",
        "https://wanz-factory.com/works/detail/WANZ106",
        "https://wanz-factory.com/works/detail/WANZ107",
        "https://wanz-factory.com/works/detail/WANZ108",
        "https://wanz-factory.com/works/detail/BMW041",
        "https://wanz-factory.com/works/detail/BMW042",
        "https://wanz-factory.com/works/detail/BMW043"
      ],
      "count": 12
    }
  },
  {
    "https://wanz-factory.com/works/list/date/2013-11-01": {
      "href": [
        "https://wanz-factory.com/works/detail/WANZ109",
        "https://wanz-factory.com/works/detail/WANZ112",
        "https://wanz-factory.com/works/detail/WANZ110",
        "https://wanz-factory.com/works/detail/WANZ114",
        "https://wanz-factory.com/works/detail/WANZ113",
        "https://wanz-factory.com/works/detail/WANZ115",
        "https://wanz-factory.com/works/detail/WANZ117",
        "https://wanz-factory.com/works/detail/WANZ118",
        "https://wanz-factory.com/works/detail/BMW044",
        "https://wanz-factory.com/works/detail/BMW045"
      ],
      "count": 10
    }
  },
  {
    "https://wanz-factory.com/works/list/date/2013-12-01": {
      "href": [
        "https://wanz-factory.com/works/detail/WANZ121",
        "https://wanz-factory.com/works/detail/WANZ119",
        "https://wanz-factory.com/works/detail/WANZ120",
        "https://wanz-factory.com/works/detail/WANZ122",
        "https://wanz-factory.com/works/detail/WANZ123",
        "https://wanz-factory.com/works/detail/WANZ125",
        "https://wanz-factory.com/works/detail/WANZ126",
        "https://wanz-factory.com/works/detail/WANZ127",
        "https://wanz-factory.com/works/detail/WANZ128",
        "https://wanz-factory.com/works/detail/WANZ129",
        "https://wanz-factory.com/works/detail/WANZ130",
        "https://wanz-factory.com/works/detail/BMW046",
        "https://wanz-factory.com/works/detail/BMW047"
      ],
      "count": 13
    }
  },
  {
    "https://wanz-factory.com/works/list/date/2014-01-01": {
      "href": [
        "https://wanz-factory.com/works/detail/WANZ133",
        "https://wanz-factory.com/works/detail/WANZ131",
        "https://wanz-factory.com/works/detail/WANZ138",
        "https://wanz-factory.com/works/detail/WANZ137",
        "https://wanz-factory.com/works/detail/WANZ132",
        "https://wanz-factory.com/works/detail/WANZ134",
        "https://wanz-factory.com/works/detail/WANZ135",
        "https://wanz-factory.com/works/detail/WANZ136",
        "https://wanz-factory.com/works/detail/WANZ139",
        "https://wanz-factory.com/works/detail/WANZ140",
        "https://wanz-factory.com/works/detail/BMW049",
        "https://wanz-factory.com/works/detail/BMW048"
      ],
      "count": 12
    }
  },
  {
    "https://wanz-factory.com/works/list/date/2014-02-01": {
      "href": [
        "https://wanz-factory.com/works/detail/WANZ142",
        "https://wanz-factory.com/works/detail/WANZ141",
        "https://wanz-factory.com/works/detail/WANZ148",
        "https://wanz-factory.com/works/detail/WANZ149",
        "https://wanz-factory.com/works/detail/WANZ151",
        "https://wanz-factory.com/works/detail/WANZ150",
        "https://wanz-factory.com/works/detail/WANZ143",
        "https://wanz-factory.com/works/detail/WANZ144",
        "https://wanz-factory.com/works/detail/WANZ146",
        "https://wanz-factory.com/works/detail/WANZ147",
        "https://wanz-factory.com/works/detail/WANZ152",
        "https://wanz-factory.com/works/detail/BMW050",
        "https://wanz-factory.com/works/detail/BMW051"
      ],
      "count": 13
    }
  },
  {
    "https://wanz-factory.com/works/list/date/2014-03-01": {
      "href": [
        "https://wanz-factory.com/works/detail/WANZ156",
        "https://wanz-factory.com/works/detail/WANZ159",
        "https://wanz-factory.com/works/detail/WANZ161",
        "https://wanz-factory.com/works/detail/WANZ154",
        "https://wanz-factory.com/works/detail/WANZ155",
        "https://wanz-factory.com/works/detail/WANZ157",
        "https://wanz-factory.com/works/detail/WANZ158",
        "https://wanz-factory.com/works/detail/WANZ160",
        "https://wanz-factory.com/works/detail/WANZ162",
        "https://wanz-factory.com/works/detail/WANZ163",
        "https://wanz-factory.com/works/detail/WANZ164",
        "https://wanz-factory.com/works/detail/WANZ165",
        "https://wanz-factory.com/works/detail/WANZ153",
        "https://wanz-factory.com/works/detail/BMW053",
        "https://wanz-factory.com/works/detail/BMW054"
      ],
      "count": 15
    }
  },
  {
    "https://wanz-factory.com/works/list/date/2014-04-01": {
      "href": [
        "https://wanz-factory.com/works/detail/WANZ168",
        "https://wanz-factory.com/works/detail/WANZ176",
        "https://wanz-factory.com/works/detail/WANZ175",
        "https://wanz-factory.com/works/detail/WANZ166",
        "https://wanz-factory.com/works/detail/WANZ167",
        "https://wanz-factory.com/works/detail/WANZ169",
        "https://wanz-factory.com/works/detail/WANZ170",
        "https://wanz-factory.com/works/detail/WANZ171",
        "https://wanz-factory.com/works/detail/WANZ172",
        "https://wanz-factory.com/works/detail/WANZ173",
        "https://wanz-factory.com/works/detail/WANZ174",
        "https://wanz-factory.com/works/detail/BMW056",
        "https://wanz-factory.com/works/detail/BMW057"
      ],
      "count": 13
    }
  },
  {
    "https://wanz-factory.com/works/list/date/2014-05-01": {
      "href": [
        "https://wanz-factory.com/works/detail/WANZ179",
        "https://wanz-factory.com/works/detail/WANZ183",
        "https://wanz-factory.com/works/detail/WANZ181",
        "https://wanz-factory.com/works/detail/WANZ186",
        "https://wanz-factory.com/works/detail/WANZ178",
        "https://wanz-factory.com/works/detail/WANZ177",
        "https://wanz-factory.com/works/detail/WANZ180",
        "https://wanz-factory.com/works/detail/WANZ184",
        "https://wanz-factory.com/works/detail/WANZ185",
        "https://wanz-factory.com/works/detail/WANZ182",
        "https://wanz-factory.com/works/detail/WANZ187",
        "https://wanz-factory.com/works/detail/BMW058",
        "https://wanz-factory.com/works/detail/BMW059",
        "https://wanz-factory.com/works/detail/BMW060"
      ],
      "count": 14
    }
  },
  {
    "https://wanz-factory.com/works/list/date/2014-06-01": {
      "href": [
        "https://wanz-factory.com/works/detail/WANZ197",
        "https://wanz-factory.com/works/detail/WANZ199",
        "https://wanz-factory.com/works/detail/WANZ192",
        "https://wanz-factory.com/works/detail/WANZ189",
        "https://wanz-factory.com/works/detail/WANZ191",
        "https://wanz-factory.com/works/detail/WANZ200",
        "https://wanz-factory.com/works/detail/WANZ190",
        "https://wanz-factory.com/works/detail/WANZ188",
        "https://wanz-factory.com/works/detail/WANZ193",
        "https://wanz-factory.com/works/detail/WANZ194",
        "https://wanz-factory.com/works/detail/WANZ195",
        "https://wanz-factory.com/works/detail/WANZ196",
        "https://wanz-factory.com/works/detail/WANZ198",
        "https://wanz-factory.com/works/detail/BMW062"
      ],
      "count": 14
    }
  },
  {
    "https://wanz-factory.com/works/list/date/2014-07-01": {
      "href": [
        "https://wanz-factory.com/works/detail/WANZ207",
        "https://wanz-factory.com/works/detail/WANZ209",
        "https://wanz-factory.com/works/detail/WANZ202",
        "https://wanz-factory.com/works/detail/WANZ203",
        "https://wanz-factory.com/works/detail/WANZ204",
        "https://wanz-factory.com/works/detail/WANZ205",
        "https://wanz-factory.com/works/detail/WANZ206",
        "https://wanz-factory.com/works/detail/WANZ208",
        "https://wanz-factory.com/works/detail/WANZ210",
        "https://wanz-factory.com/works/detail/WANZ211",
        "https://wanz-factory.com/works/detail/WANZ212",
        "https://wanz-factory.com/works/detail/BMW063",
        "https://wanz-factory.com/works/detail/BMW064"
      ],
      "count": 13
    }
  },
  {
    "https://wanz-factory.com/works/list/date/2014-08-01": {
      "href": [
        "https://wanz-factory.com/works/detail/WANZ213",
        "https://wanz-factory.com/works/detail/WANZ220",
        "https://wanz-factory.com/works/detail/WANZ214",
        "https://wanz-factory.com/works/detail/WANZ215",
        "https://wanz-factory.com/works/detail/WANZ216",
        "https://wanz-factory.com/works/detail/WANZ217",
        "https://wanz-factory.com/works/detail/WANZ218",
        "https://wanz-factory.com/works/detail/WANZ221",
        "https://wanz-factory.com/works/detail/WANZ222",
        "https://wanz-factory.com/works/detail/WANZ223",
        "https://wanz-factory.com/works/detail/BMW065",
        "https://wanz-factory.com/works/detail/BMW066"
      ],
      "count": 12
    }
  },
  {
    "https://wanz-factory.com/works/list/date/2014-09-01": {
      "href": [
        "https://wanz-factory.com/works/detail/WANZ234",
        "https://wanz-factory.com/works/detail/WANZ224",
        "https://wanz-factory.com/works/detail/WANZ226",
        "https://wanz-factory.com/works/detail/WANZ228",
        "https://wanz-factory.com/works/detail/WANZ229",
        "https://wanz-factory.com/works/detail/WANZ230",
        "https://wanz-factory.com/works/detail/WANZ231",
        "https://wanz-factory.com/works/detail/WANZ232",
        "https://wanz-factory.com/works/detail/WANZ235",
        "https://wanz-factory.com/works/detail/BMW067",
        "https://wanz-factory.com/works/detail/BMW068",
        "https://wanz-factory.com/works/detail/BMW069"
      ],
      "count": 12
    }
  },
  {
    "https://wanz-factory.com/works/list/date/2014-10-01": {
      "href": [
        "https://wanz-factory.com/works/detail/WANZ238",
        "https://wanz-factory.com/works/detail/WANZ244",
        "https://wanz-factory.com/works/detail/WANZ247",
        "https://wanz-factory.com/works/detail/WANZ243",
        "https://wanz-factory.com/works/detail/WANZ236",
        "https://wanz-factory.com/works/detail/WANZ237",
        "https://wanz-factory.com/works/detail/WANZ239",
        "https://wanz-factory.com/works/detail/WANZ240",
        "https://wanz-factory.com/works/detail/WANZ241",
        "https://wanz-factory.com/works/detail/WANZ242",
        "https://wanz-factory.com/works/detail/WANZ246",
        "https://wanz-factory.com/works/detail/BMW070",
        "https://wanz-factory.com/works/detail/BMW071",
        "https://wanz-factory.com/works/detail/BMW072"
      ],
      "count": 14
    }
  },
  {
    "https://wanz-factory.com/works/list/date/2014-11-01": {
      "href": [
        "https://wanz-factory.com/works/detail/WANZ254",
        "https://wanz-factory.com/works/detail/WANZ258",
        "https://wanz-factory.com/works/detail/WANZ250",
        "https://wanz-factory.com/works/detail/WANZ261",
        "https://wanz-factory.com/works/detail/WANZ248",
        "https://wanz-factory.com/works/detail/WANZ249",
        "https://wanz-factory.com/works/detail/WANZ251",
        "https://wanz-factory.com/works/detail/WANZ252",
        "https://wanz-factory.com/works/detail/WANZ255",
        "https://wanz-factory.com/works/detail/WANZ256",
        "https://wanz-factory.com/works/detail/WANZ257",
        "https://wanz-factory.com/works/detail/WANZ259",
        "https://wanz-factory.com/works/detail/WANZ260",
        "https://wanz-factory.com/works/detail/BMW073",
        "https://wanz-factory.com/works/detail/BMW074",
        "https://wanz-factory.com/works/detail/BMW075"
      ],
      "count": 16
    }
  },
  {
    "https://wanz-factory.com/works/list/date/2014-12-01": {
      "href": [
        "https://wanz-factory.com/works/detail/WANZ269",
        "https://wanz-factory.com/works/detail/WANZ272",
        "https://wanz-factory.com/works/detail/WANZ268",
        "https://wanz-factory.com/works/detail/WANZ262",
        "https://wanz-factory.com/works/detail/WANZ266",
        "https://wanz-factory.com/works/detail/WANZ270",
        "https://wanz-factory.com/works/detail/WANZ271",
        "https://wanz-factory.com/works/detail/BMW077",
        "https://wanz-factory.com/works/detail/BMW078"
      ],
      "count": 9
    }
  },
  {
    "https://wanz-factory.com/works/list/date/2015-01-01": {
      "href": [
        "https://wanz-factory.com/works/detail/WANZ280",
        "https://wanz-factory.com/works/detail/WANZ281",
        "https://wanz-factory.com/works/detail/WANZ283",
        "https://wanz-factory.com/works/detail/WANZ274",
        "https://wanz-factory.com/works/detail/WANZ275",
        "https://wanz-factory.com/works/detail/WANZ279",
        "https://wanz-factory.com/works/detail/WANZ282",
        "https://wanz-factory.com/works/detail/WANZ284",
        "https://wanz-factory.com/works/detail/WANZ285",
        "https://wanz-factory.com/works/detail/BMW080",
        "https://wanz-factory.com/works/detail/BMW081",
        "https://wanz-factory.com/works/detail/BMW082"
      ],
      "count": 12
    }
  },
  {
    "https://wanz-factory.com/works/list/date/2015-02-01": {
      "href": [
        "https://wanz-factory.com/works/detail/WANZ301",
        "https://wanz-factory.com/works/detail/WANZ276",
        "https://wanz-factory.com/works/detail/WANZ293",
        "https://wanz-factory.com/works/detail/WANZ292",
        "https://wanz-factory.com/works/detail/WANZ297",
        "https://wanz-factory.com/works/detail/WANZ290",
        "https://wanz-factory.com/works/detail/WANZ287",
        "https://wanz-factory.com/works/detail/WANZ289",
        "https://wanz-factory.com/works/detail/WANZ291",
        "https://wanz-factory.com/works/detail/WANZ295",
        "https://wanz-factory.com/works/detail/WANZ296",
        "https://wanz-factory.com/works/detail/WANZ298",
        "https://wanz-factory.com/works/detail/WANZ299",
        "https://wanz-factory.com/works/detail/WANZ300",
        "https://wanz-factory.com/works/detail/BMW083",
        "https://wanz-factory.com/works/detail/BMW084",
        "https://wanz-factory.com/works/detail/BMW085"
      ],
      "count": 17
    }
  },
  {
    "https://wanz-factory.com/works/list/date/2015-03-01": {
      "href": [
        "https://wanz-factory.com/works/detail/WANZ309",
        "https://wanz-factory.com/works/detail/WANZ310",
        "https://wanz-factory.com/works/detail/WANZ311",
        "https://wanz-factory.com/works/detail/WANZ307",
        "https://wanz-factory.com/works/detail/WANZ306",
        "https://wanz-factory.com/works/detail/WANZ302",
        "https://wanz-factory.com/works/detail/WANZ303",
        "https://wanz-factory.com/works/detail/WANZ304",
        "https://wanz-factory.com/works/detail/WANZ308",
        "https://wanz-factory.com/works/detail/WANZ312",
        "https://wanz-factory.com/works/detail/WANZ313",
        "https://wanz-factory.com/works/detail/WANZ314",
        "https://wanz-factory.com/works/detail/BMW086",
        "https://wanz-factory.com/works/detail/BMW087",
        "https://wanz-factory.com/works/detail/BMW088"
      ],
      "count": 15
    }
  },
  {
    "https://wanz-factory.com/works/list/date/2015-04-01": {
      "href": [
        "https://wanz-factory.com/works/detail/WANZ318",
        "https://wanz-factory.com/works/detail/WANZ327",
        "https://wanz-factory.com/works/detail/WANZ322",
        "https://wanz-factory.com/works/detail/WANZ316",
        "https://wanz-factory.com/works/detail/WANZ317",
        "https://wanz-factory.com/works/detail/WANZ320",
        "https://wanz-factory.com/works/detail/WANZ321",
        "https://wanz-factory.com/works/detail/WANZ323",
        "https://wanz-factory.com/works/detail/WANZ324",
        "https://wanz-factory.com/works/detail/WANZ325",
        "https://wanz-factory.com/works/detail/WANZ326",
        "https://wanz-factory.com/works/detail/WANZ328",
        "https://wanz-factory.com/works/detail/BMW089",
        "https://wanz-factory.com/works/detail/BMW090"
      ],
      "count": 14
    }
  },
  {
    "https://wanz-factory.com/works/list/date/2015-05-01": {
      "href": [
        "https://wanz-factory.com/works/detail/WANZ332",
        "https://wanz-factory.com/works/detail/WANZ334",
        "https://wanz-factory.com/works/detail/WANZ331",
        "https://wanz-factory.com/works/detail/WANZ329",
        "https://wanz-factory.com/works/detail/WANZ330",
        "https://wanz-factory.com/works/detail/WANZ335",
        "https://wanz-factory.com/works/detail/WANZ336",
        "https://wanz-factory.com/works/detail/WANZ337",
        "https://wanz-factory.com/works/detail/WANZ338",
        "https://wanz-factory.com/works/detail/WANZ339",
        "https://wanz-factory.com/works/detail/WANZ340",
        "https://wanz-factory.com/works/detail/WANZ341",
        "https://wanz-factory.com/works/detail/WANZ342",
        "https://wanz-factory.com/works/detail/BMW092",
        "https://wanz-factory.com/works/detail/BMW093",
        "https://wanz-factory.com/works/detail/BMW094"
      ],
      "count": 16
    }
  },
  {
    "https://wanz-factory.com/works/list/date/2015-06-01": {
      "href": [
        "https://wanz-factory.com/works/detail/WANZ350",
        "https://wanz-factory.com/works/detail/WANZ347",
        "https://wanz-factory.com/works/detail/WANZ349",
        "https://wanz-factory.com/works/detail/WANZ345",
        "https://wanz-factory.com/works/detail/WANZ351",
        "https://wanz-factory.com/works/detail/WANZ354",
        "https://wanz-factory.com/works/detail/WANZ352",
        "https://wanz-factory.com/works/detail/WANZ343",
        "https://wanz-factory.com/works/detail/WANZ344",
        "https://wanz-factory.com/works/detail/WANZ346",
        "https://wanz-factory.com/works/detail/WANZ348",
        "https://wanz-factory.com/works/detail/BMW097",
        "https://wanz-factory.com/works/detail/BMW096",
        "https://wanz-factory.com/works/detail/BMW095"
      ],
      "count": 14
    }
  },
  {
    "https://wanz-factory.com/works/list/date/2015-07-01": {
      "href": [
        "https://wanz-factory.com/works/detail/WANZ363",
        "https://wanz-factory.com/works/detail/WANZ356",
        "https://wanz-factory.com/works/detail/WANZ359",
        "https://wanz-factory.com/works/detail/WANZ360",
        "https://wanz-factory.com/works/detail/WANZ357",
        "https://wanz-factory.com/works/detail/WANZ355",
        "https://wanz-factory.com/works/detail/WANZ358",
        "https://wanz-factory.com/works/detail/WANZ364",
        "https://wanz-factory.com/works/detail/WANZ365",
        "https://wanz-factory.com/works/detail/WANZ366",
        "https://wanz-factory.com/works/detail/BMW099",
        "https://wanz-factory.com/works/detail/BMW100"
      ],
      "count": 12
    }
  },
  {
    "https://wanz-factory.com/works/list/date/2015-08-01": {
      "href": [
        "https://wanz-factory.com/works/detail/WANZ374",
        "https://wanz-factory.com/works/detail/WANZ379",
        "https://wanz-factory.com/works/detail/WANZ373",
        "https://wanz-factory.com/works/detail/WANZ376",
        "https://wanz-factory.com/works/detail/WANZ369",
        "https://wanz-factory.com/works/detail/WANZ378",
        "https://wanz-factory.com/works/detail/WANZ377",
        "https://wanz-factory.com/works/detail/WANZ367",
        "https://wanz-factory.com/works/detail/WANZ368",
        "https://wanz-factory.com/works/detail/WANZ370",
        "https://wanz-factory.com/works/detail/WANZ371",
        "https://wanz-factory.com/works/detail/WANZ375",
        "https://wanz-factory.com/works/detail/BMW101",
        "https://wanz-factory.com/works/detail/BMW103",
        "https://wanz-factory.com/works/detail/BMW102"
      ],
      "count": 15
    }
  },
  {
    "https://wanz-factory.com/works/list/date/2015-09-01": {
      "href": [
        "https://wanz-factory.com/works/detail/WANZ381",
        "https://wanz-factory.com/works/detail/AVOP123",
        "https://wanz-factory.com/works/detail/WANZ385",
        "https://wanz-factory.com/works/detail/WANZ382",
        "https://wanz-factory.com/works/detail/WANZ387",
        "https://wanz-factory.com/works/detail/WANZ380",
        "https://wanz-factory.com/works/detail/WANZ383",
        "https://wanz-factory.com/works/detail/WANZ384",
        "https://wanz-factory.com/works/detail/WANZ386",
        "https://wanz-factory.com/works/detail/WANZ388",
        "https://wanz-factory.com/works/detail/WANZ389",
        "https://wanz-factory.com/works/detail/WANZ390",
        "https://wanz-factory.com/works/detail/BMW104",
        "https://wanz-factory.com/works/detail/BMW105",
        "https://wanz-factory.com/works/detail/BMW106"
      ],
      "count": 15
    }
  },
  {
    "https://wanz-factory.com/works/list/date/2015-10-01": {
      "href": [
        "https://wanz-factory.com/works/detail/WANZ392",
        "https://wanz-factory.com/works/detail/WANZ400",
        "https://wanz-factory.com/works/detail/WANZ403",
        "https://wanz-factory.com/works/detail/WANZ398",
        "https://wanz-factory.com/works/detail/WANZ393",
        "https://wanz-factory.com/works/detail/WANZ391",
        "https://wanz-factory.com/works/detail/WANZ394",
        "https://wanz-factory.com/works/detail/WANZ395",
        "https://wanz-factory.com/works/detail/WANZ396",
        "https://wanz-factory.com/works/detail/WANZ397",
        "https://wanz-factory.com/works/detail/WANZ399",
        "https://wanz-factory.com/works/detail/WANZ401",
        "https://wanz-factory.com/works/detail/WANZ402",
        "https://wanz-factory.com/works/detail/WANZ404",
        "https://wanz-factory.com/works/detail/BMW107",
        "https://wanz-factory.com/works/detail/BMW109"
      ],
      "count": 16
    }
  },
  {
    "https://wanz-factory.com/works/list/date/2015-11-01": {
      "href": [
        "https://wanz-factory.com/works/detail/WANZ412",
        "https://wanz-factory.com/works/detail/WANZ406",
        "https://wanz-factory.com/works/detail/WANZ410",
        "https://wanz-factory.com/works/detail/WANZ415",
        "https://wanz-factory.com/works/detail/WANZ408",
        "https://wanz-factory.com/works/detail/WANZ409",
        "https://wanz-factory.com/works/detail/WANZ405",
        "https://wanz-factory.com/works/detail/WANZ407",
        "https://wanz-factory.com/works/detail/WANZ411",
        "https://wanz-factory.com/works/detail/WANZ413",
        "https://wanz-factory.com/works/detail/WANZ414",
        "https://wanz-factory.com/works/detail/WANZ416",
        "https://wanz-factory.com/works/detail/BMW110",
        "https://wanz-factory.com/works/detail/BMW111",
        "https://wanz-factory.com/works/detail/BMW112"
      ],
      "count": 15
    }
  },
  {
    "https://wanz-factory.com/works/list/date/2015-12-01": {
      "href": [
        "https://wanz-factory.com/works/detail/WANZ423",
        "https://wanz-factory.com/works/detail/WANZ419",
        "https://wanz-factory.com/works/detail/WANZ420",
        "https://wanz-factory.com/works/detail/WANZ418",
        "https://wanz-factory.com/works/detail/WANZ417",
        "https://wanz-factory.com/works/detail/WANZ426",
        "https://wanz-factory.com/works/detail/WANZ421",
        "https://wanz-factory.com/works/detail/WANZ422",
        "https://wanz-factory.com/works/detail/WANZ424",
        "https://wanz-factory.com/works/detail/WANZ425",
        "https://wanz-factory.com/works/detail/WANZ427",
        "https://wanz-factory.com/works/detail/BMW113",
        "https://wanz-factory.com/works/detail/BMW114",
        "https://wanz-factory.com/works/detail/BMW115"
      ],
      "count": 14
    }
  },
  {
    "https://wanz-factory.com/works/list/date/2016-01-01": {
      "href": [
        "https://wanz-factory.com/works/detail/WANZ434",
        "https://wanz-factory.com/works/detail/WANZ438",
        "https://wanz-factory.com/works/detail/WANZ436",
        "https://wanz-factory.com/works/detail/WANZ433",
        "https://wanz-factory.com/works/detail/WANZ430",
        "https://wanz-factory.com/works/detail/WANZ428",
        "https://wanz-factory.com/works/detail/WANZ429",
        "https://wanz-factory.com/works/detail/WANZ431",
        "https://wanz-factory.com/works/detail/WANZ432",
        "https://wanz-factory.com/works/detail/WANZ435",
        "https://wanz-factory.com/works/detail/WANZ437",
        "https://wanz-factory.com/works/detail/WANZ439",
        "https://wanz-factory.com/works/detail/WANZ440",
        "https://wanz-factory.com/works/detail/BMW117",
        "https://wanz-factory.com/works/detail/BMW116",
        "https://wanz-factory.com/works/detail/BMW118"
      ],
      "count": 16
    }
  },
  {
    "https://wanz-factory.com/works/list/date/2016-02-01": {
      "href": [
        "https://wanz-factory.com/works/detail/WANZ443",
        "https://wanz-factory.com/works/detail/WANZ450",
        "https://wanz-factory.com/works/detail/WANZ447",
        "https://wanz-factory.com/works/detail/WANZ441",
        "https://wanz-factory.com/works/detail/WANZ442",
        "https://wanz-factory.com/works/detail/WANZ444",
        "https://wanz-factory.com/works/detail/WANZ445",
        "https://wanz-factory.com/works/detail/WANZ446",
        "https://wanz-factory.com/works/detail/WANZ448",
        "https://wanz-factory.com/works/detail/WANZ449",
        "https://wanz-factory.com/works/detail/WANZ451",
        "https://wanz-factory.com/works/detail/WANZ453",
        "https://wanz-factory.com/works/detail/BMW119",
        "https://wanz-factory.com/works/detail/BMW120",
        "https://wanz-factory.com/works/detail/BMW121"
      ],
      "count": 15
    }
  },
  {
    "https://wanz-factory.com/works/list/date/2016-03-01": {
      "href": [
        "https://wanz-factory.com/works/detail/WANZ464",
        "https://wanz-factory.com/works/detail/WANZ456",
        "https://wanz-factory.com/works/detail/WANZ462",
        "https://wanz-factory.com/works/detail/WANZ454",
        "https://wanz-factory.com/works/detail/WANZ455",
        "https://wanz-factory.com/works/detail/WANZ458",
        "https://wanz-factory.com/works/detail/WANZ461",
        "https://wanz-factory.com/works/detail/WANZ463",
        "https://wanz-factory.com/works/detail/WANZ465",
        "https://wanz-factory.com/works/detail/WANZ467",
        "https://wanz-factory.com/works/detail/WANZ457",
        "https://wanz-factory.com/works/detail/WANZ466",
        "https://wanz-factory.com/works/detail/BMW123",
        "https://wanz-factory.com/works/detail/BMW122",
        "https://wanz-factory.com/works/detail/BMW124"
      ],
      "count": 15
    }
  },
  {
    "https://wanz-factory.com/works/list/date/2016-04-01": {
      "href": [
        "https://wanz-factory.com/works/detail/WANZ480",
        "https://wanz-factory.com/works/detail/WANZ469",
        "https://wanz-factory.com/works/detail/WANZ473",
        "https://wanz-factory.com/works/detail/WANZ478",
        "https://wanz-factory.com/works/detail/WANZ468",
        "https://wanz-factory.com/works/detail/WANZ471",
        "https://wanz-factory.com/works/detail/WANZ474",
        "https://wanz-factory.com/works/detail/WANZ476",
        "https://wanz-factory.com/works/detail/WANZ477",
        "https://wanz-factory.com/works/detail/WANZ475",
        "https://wanz-factory.com/works/detail/WANZ470",
        "https://wanz-factory.com/works/detail/WANZ472",
        "https://wanz-factory.com/works/detail/WANZ479",
        "https://wanz-factory.com/works/detail/BMW126",
        "https://wanz-factory.com/works/detail/BMW125"
      ],
      "count": 15
    }
  },
  {
    "https://wanz-factory.com/works/list/date/2016-05-01": {
      "href": [
        "https://wanz-factory.com/works/detail/WANZ483",
        "https://wanz-factory.com/works/detail/WANZ487",
        "https://wanz-factory.com/works/detail/WANZ481",
        "https://wanz-factory.com/works/detail/WANZ482",
        "https://wanz-factory.com/works/detail/WANZ484",
        "https://wanz-factory.com/works/detail/WANZ485",
        "https://wanz-factory.com/works/detail/WANZ488",
        "https://wanz-factory.com/works/detail/WANZ489",
        "https://wanz-factory.com/works/detail/WANZ491",
        "https://wanz-factory.com/works/detail/WANZ492",
        "https://wanz-factory.com/works/detail/WANZ486",
        "https://wanz-factory.com/works/detail/BMW128",
        "https://wanz-factory.com/works/detail/BMW129"
      ],
      "count": 13
    }
  },
  {
    "https://wanz-factory.com/works/list/date/2016-06-01": {
      "href": [
        "https://wanz-factory.com/works/detail/WANZ503",
        "https://wanz-factory.com/works/detail/WANZ502",
        "https://wanz-factory.com/works/detail/WANZ493",
        "https://wanz-factory.com/works/detail/WANZ494",
        "https://wanz-factory.com/works/detail/WANZ495",
        "https://wanz-factory.com/works/detail/WANZ496",
        "https://wanz-factory.com/works/detail/WANZ497",
        "https://wanz-factory.com/works/detail/WANZ498",
        "https://wanz-factory.com/works/detail/WANZ499",
        "https://wanz-factory.com/works/detail/WANZ501",
        "https://wanz-factory.com/works/detail/WANZ504",
        "https://wanz-factory.com/works/detail/WANZ505",
        "https://wanz-factory.com/works/detail/BMW130",
        "https://wanz-factory.com/works/detail/BMW131",
        "https://wanz-factory.com/works/detail/BMW132"
      ],
      "count": 15
    }
  },
  {
    "https://wanz-factory.com/works/list/date/2016-07-01": {
      "href": [
        "https://wanz-factory.com/works/detail/WANZ506",
        "https://wanz-factory.com/works/detail/WANZ508",
        "https://wanz-factory.com/works/detail/WANZ507",
        "https://wanz-factory.com/works/detail/WANZ509",
        "https://wanz-factory.com/works/detail/WANZ510",
        "https://wanz-factory.com/works/detail/WANZ511",
        "https://wanz-factory.com/works/detail/WANZ512",
        "https://wanz-factory.com/works/detail/WANZ513",
        "https://wanz-factory.com/works/detail/WANZ514",
        "https://wanz-factory.com/works/detail/WANZ515",
        "https://wanz-factory.com/works/detail/WANZ516",
        "https://wanz-factory.com/works/detail/WANZ517",
        "https://wanz-factory.com/works/detail/BMW133",
        "https://wanz-factory.com/works/detail/BMW134",
        "https://wanz-factory.com/works/detail/BMW135"
      ],
      "count": 15
    }
  },
  {
    "https://wanz-factory.com/works/list/date/2016-08-01": {
      "href": [
        "https://wanz-factory.com/works/detail/WANZ523",
        "https://wanz-factory.com/works/detail/WANZ519",
        "https://wanz-factory.com/works/detail/WANZ525",
        "https://wanz-factory.com/works/detail/WANZ520",
        "https://wanz-factory.com/works/detail/WANZ522",
        "https://wanz-factory.com/works/detail/WANZ524",
        "https://wanz-factory.com/works/detail/WANZ526",
        "https://wanz-factory.com/works/detail/WANZ527",
        "https://wanz-factory.com/works/detail/WANZ528",
        "https://wanz-factory.com/works/detail/BMW136",
        "https://wanz-factory.com/works/detail/BMW137",
        "https://wanz-factory.com/works/detail/BMW138"
      ],
      "count": 12
    }
  },
  {
    "https://wanz-factory.com/works/list/date/2016-09-01": {
      "href": [
        "https://wanz-factory.com/works/detail/WANZ530",
        "https://wanz-factory.com/works/detail/WANZ531",
        "https://wanz-factory.com/works/detail/WANZ532",
        "https://wanz-factory.com/works/detail/WANZ533",
        "https://wanz-factory.com/works/detail/WANZ534",
        "https://wanz-factory.com/works/detail/WANZ535",
        "https://wanz-factory.com/works/detail/WANZ537",
        "https://wanz-factory.com/works/detail/WANZ538",
        "https://wanz-factory.com/works/detail/WANZ521",
        "https://wanz-factory.com/works/detail/BMW139",
        "https://wanz-factory.com/works/detail/BMW140",
        "https://wanz-factory.com/works/detail/BMW141"
      ],
      "count": 12
    }
  },
  {
    "https://wanz-factory.com/works/list/date/2016-11-01": {
      "href": [
        "https://wanz-factory.com/works/detail/WANZ555",
        "https://wanz-factory.com/works/detail/WANZ550",
        "https://wanz-factory.com/works/detail/WANZ557",
        "https://wanz-factory.com/works/detail/WANZ554",
        "https://wanz-factory.com/works/detail/WANZ551",
        "https://wanz-factory.com/works/detail/WANZ552",
        "https://wanz-factory.com/works/detail/WANZ553",
        "https://wanz-factory.com/works/detail/WANZ556",
        "https://wanz-factory.com/works/detail/WANZ558",
        "https://wanz-factory.com/works/detail/WANZ560",
        "https://wanz-factory.com/works/detail/BMW145",
        "https://wanz-factory.com/works/detail/BMW146"
      ],
      "count": 12
    }
  },
  {
    "https://wanz-factory.com/works/list/date/2016-10-01": {
      "href": [
        "https://wanz-factory.com/works/detail/WANZ539",
        "https://wanz-factory.com/works/detail/WANZ540",
        "https://wanz-factory.com/works/detail/WANZ541",
        "https://wanz-factory.com/works/detail/WANZ543",
        "https://wanz-factory.com/works/detail/WANZ544",
        "https://wanz-factory.com/works/detail/WANZ545",
        "https://wanz-factory.com/works/detail/WANZ546",
        "https://wanz-factory.com/works/detail/WANZ547",
        "https://wanz-factory.com/works/detail/WANZ548",
        "https://wanz-factory.com/works/detail/WANZ549",
        "https://wanz-factory.com/works/detail/BMW142",
        "https://wanz-factory.com/works/detail/BMW143",
        "https://wanz-factory.com/works/detail/BMW144"
      ],
      "count": 13
    }
  },
  {
    "https://wanz-factory.com/works/list/date/2016-12-08": {
      "href": [
        "https://wanz-factory.com/works/detail/WANZ561"
      ],
      "count": 1
    }
  },
  {
    "https://wanz-factory.com/works/list/date/2016-12-13": {
      "href": [
        "https://wanz-factory.com/works/detail/WANZ562",
        "https://wanz-factory.com/works/detail/WANZ566",
        "https://wanz-factory.com/works/detail/WANZ564",
        "https://wanz-factory.com/works/detail/WANZ567",
        "https://wanz-factory.com/works/detail/WANZ563",
        "https://wanz-factory.com/works/detail/WANZ565",
        "https://wanz-factory.com/works/detail/WANZ568",
        "https://wanz-factory.com/works/detail/WANZ570",
        "https://wanz-factory.com/works/detail/WANZ572",
        "https://wanz-factory.com/works/detail/WANZ573",
        "https://wanz-factory.com/works/detail/BMW147"
      ],
      "count": 11
    }
  },
  {
    "https://wanz-factory.com/works/list/date/2017-01-07": {
      "href": [
        "https://wanz-factory.com/works/detail/WANZ574",
        "https://wanz-factory.com/works/detail/WANZ575",
        "https://wanz-factory.com/works/detail/WANZ576",
        "https://wanz-factory.com/works/detail/WANZ578",
        "https://wanz-factory.com/works/detail/WANZ579",
        "https://wanz-factory.com/works/detail/WANZ580",
        "https://wanz-factory.com/works/detail/WANZ581",
        "https://wanz-factory.com/works/detail/WANZ582",
        "https://wanz-factory.com/works/detail/WANZ583",
        "https://wanz-factory.com/works/detail/WANZ584",
        "https://wanz-factory.com/works/detail/WANZ585",
        "https://wanz-factory.com/works/detail/BMW148"
      ],
      "count": 12
    }
  },
  {
    "https://wanz-factory.com/works/list/date/2017-02-13": {
      "href": [
        "https://wanz-factory.com/works/detail/WANZ586",
        "https://wanz-factory.com/works/detail/WANZ587",
        "https://wanz-factory.com/works/detail/WANZ588",
        "https://wanz-factory.com/works/detail/WANZ589",
        "https://wanz-factory.com/works/detail/WANZ590",
        "https://wanz-factory.com/works/detail/WANZ591",
        "https://wanz-factory.com/works/detail/WANZ593",
        "https://wanz-factory.com/works/detail/WANZ594",
        "https://wanz-factory.com/works/detail/WANZ595",
        "https://wanz-factory.com/works/detail/WANZ596",
        "https://wanz-factory.com/works/detail/BMW149"
      ],
      "count": 11
    }
  },
  {
    "https://wanz-factory.com/works/list/date/2017-03-13": {
      "href": [
        "https://wanz-factory.com/works/detail/WANZ605",
        "https://wanz-factory.com/works/detail/WANZ597",
        "https://wanz-factory.com/works/detail/WANZ598",
        "https://wanz-factory.com/works/detail/WANZ599",
        "https://wanz-factory.com/works/detail/WANZ600",
        "https://wanz-factory.com/works/detail/WANZ601",
        "https://wanz-factory.com/works/detail/WANZ602",
        "https://wanz-factory.com/works/detail/WANZ603",
        "https://wanz-factory.com/works/detail/WANZ604",
        "https://wanz-factory.com/works/detail/WANZ606"
      ],
      "count": 10
    }
  },
  {
    "https://wanz-factory.com/works/list/date/2017-04-25": {
      "href": [
        "https://wanz-factory.com/works/detail/WANZ607",
        "https://wanz-factory.com/works/detail/WANZ616",
        "https://wanz-factory.com/works/detail/WANZ610",
        "https://wanz-factory.com/works/detail/WANZ608",
        "https://wanz-factory.com/works/detail/WANZ609",
        "https://wanz-factory.com/works/detail/WANZ611",
        "https://wanz-factory.com/works/detail/WANZ612",
        "https://wanz-factory.com/works/detail/WANZ613",
        "https://wanz-factory.com/works/detail/WANZ614",
        "https://wanz-factory.com/works/detail/WANZ615"
      ],
      "count": 10
    }
  },
  {
    "https://wanz-factory.com/works/list/date/2017-05-13": {
      "href": [
        "https://wanz-factory.com/works/detail/WANZ627",
        "https://wanz-factory.com/works/detail/WANZ617",
        "https://wanz-factory.com/works/detail/WANZ618",
        "https://wanz-factory.com/works/detail/WANZ620",
        "https://wanz-factory.com/works/detail/WANZ621",
        "https://wanz-factory.com/works/detail/WANZ622",
        "https://wanz-factory.com/works/detail/WANZ623",
        "https://wanz-factory.com/works/detail/WANZ624",
        "https://wanz-factory.com/works/detail/WANZ625",
        "https://wanz-factory.com/works/detail/WANZ626"
      ],
      "count": 10
    }
  },
  {
    "https://wanz-factory.com/works/list/date/2017-05-19": {
      "href": [
        "https://wanz-factory.com/works/detail/WANZ619"
      ],
      "count": 1
    }
  },
  {
    "https://wanz-factory.com/works/list/date/2017-06-13": {
      "href": [
        "https://wanz-factory.com/works/detail/WANZ637",
        "https://wanz-factory.com/works/detail/WANZ628",
        "https://wanz-factory.com/works/detail/WANZ631",
        "https://wanz-factory.com/works/detail/WANZ632",
        "https://wanz-factory.com/works/detail/WANZ629",
        "https://wanz-factory.com/works/detail/WANZ630",
        "https://wanz-factory.com/works/detail/WANZ633",
        "https://wanz-factory.com/works/detail/WANZ634",
        "https://wanz-factory.com/works/detail/WANZ635",
        "https://wanz-factory.com/works/detail/WANZ636",
        "https://wanz-factory.com/works/detail/WANZ638",
        "https://wanz-factory.com/works/detail/BMW151"
      ],
      "count": 12
    }
  },
  {
    "https://wanz-factory.com/works/list/date/2017-07-13": {
      "href": [
        "https://wanz-factory.com/works/detail/WANZ639",
        "https://wanz-factory.com/works/detail/WANZ643"
      ],
      "count": 2
    }
  },
  {
    "https://wanz-factory.com/works/list/date/2017-07-19": {
      "href": [
        "https://wanz-factory.com/works/detail/WANZ644",
        "https://wanz-factory.com/works/detail/WANZ648",
        "https://wanz-factory.com/works/detail/WANZ645",
        "https://wanz-factory.com/works/detail/WANZ641",
        "https://wanz-factory.com/works/detail/WANZ646",
        "https://wanz-factory.com/works/detail/WANZ647",
        "https://wanz-factory.com/works/detail/WANZ649"
      ],
      "count": 7
    }
  },
  {
    "https://wanz-factory.com/works/list/date/2017-08-13": {
      "href": [
        "https://wanz-factory.com/works/detail/WANZ654"
      ],
      "count": 1
    }
  },
  {
    "https://wanz-factory.com/works/list/date/2017-08-19": {
      "href": [
        "https://wanz-factory.com/works/detail/WANZ659",
        "https://wanz-factory.com/works/detail/WANZ653",
        "https://wanz-factory.com/works/detail/WANZ652",
        "https://wanz-factory.com/works/detail/WANZ658",
        "https://wanz-factory.com/works/detail/WANZ651",
        "https://wanz-factory.com/works/detail/WANZ655",
        "https://wanz-factory.com/works/detail/WANZ657"
      ],
      "count": 7
    }
  },
  {
    "https://wanz-factory.com/works/list/date/2017-09-01": {
      "href": [
        "https://wanz-factory.com/works/detail/AVOP382",
        "https://wanz-factory.com/works/detail/BMW153"
      ],
      "count": 2
    }
  },
  {
    "https://wanz-factory.com/works/list/date/2017-10-07": {
      "href": [
        "https://wanz-factory.com/works/detail/BMW154"
      ],
      "count": 1
    }
  },
  {
    "https://wanz-factory.com/works/list/date/2017-10-01": {
      "href": [
        "https://wanz-factory.com/works/detail/WANZ664",
        "https://wanz-factory.com/works/detail/WANZ663",
        "https://wanz-factory.com/works/detail/WANZ662",
        "https://wanz-factory.com/works/detail/WANZ661",
        "https://wanz-factory.com/works/detail/WANZ665",
        "https://wanz-factory.com/works/detail/WANZ666",
        "https://wanz-factory.com/works/detail/WANZ667",
        "https://wanz-factory.com/works/detail/WANZ668"
      ],
      "count": 8
    }
  },
  {
    "https://wanz-factory.com/works/list/date/2017-10-13": {
      "href": [
        "https://wanz-factory.com/works/detail/WANZ670",
        "https://wanz-factory.com/works/detail/WANZ669",
        "https://wanz-factory.com/works/detail/WANZ671"
      ],
      "count": 3
    }
  },
  {
    "https://wanz-factory.com/works/list/date/2017-10-19": {
      "href": [
        "https://wanz-factory.com/works/detail/WANZ672",
        "https://wanz-factory.com/works/detail/WANZ676",
        "https://wanz-factory.com/works/detail/WANZ673",
        "https://wanz-factory.com/works/detail/WANZ674",
        "https://wanz-factory.com/works/detail/WANZ675",
        "https://wanz-factory.com/works/detail/WANZ677",
        "https://wanz-factory.com/works/detail/WANZ678"
      ],
      "count": 7
    }
  },
  {
    "https://wanz-factory.com/works/list/date/2017-11-13": {
      "href": [
        "https://wanz-factory.com/works/detail/WANZ684",
        "https://wanz-factory.com/works/detail/WANZ683",
        "https://wanz-factory.com/works/detail/WANZ679",
        "https://wanz-factory.com/works/detail/WANZ688",
        "https://wanz-factory.com/works/detail/WANZ681",
        "https://wanz-factory.com/works/detail/WANZ682",
        "https://wanz-factory.com/works/detail/WANZ685",
        "https://wanz-factory.com/works/detail/WANZ686",
        "https://wanz-factory.com/works/detail/WANZ687",
        "https://wanz-factory.com/works/detail/BMW155"
      ],
      "count": 10
    }
  },
  {
    "https://wanz-factory.com/works/list/date/2017-12-01": {
      "href": [
        "https://wanz-factory.com/works/detail/BMW156"
      ],
      "count": 1
    }
  },
  {
    "https://wanz-factory.com/works/list/date/2017-12-13": {
      "href": [
        "https://wanz-factory.com/works/detail/WANZ699",
        "https://wanz-factory.com/works/detail/WANZ689",
        "https://wanz-factory.com/works/detail/WANZ692",
        "https://wanz-factory.com/works/detail/WANZ690",
        "https://wanz-factory.com/works/detail/WANZ691",
        "https://wanz-factory.com/works/detail/WANZ694",
        "https://wanz-factory.com/works/detail/WANZ696",
        "https://wanz-factory.com/works/detail/WANZ697",
        "https://wanz-factory.com/works/detail/WANZ698",
        "https://wanz-factory.com/works/detail/WANZ700"
      ],
      "count": 10
    }
  },
  {
    "https://wanz-factory.com/works/list/date/2018-01-01": {
      "href": [
        "https://wanz-factory.com/works/detail/BMW157"
      ],
      "count": 1
    }
  }
]